ISO-10303-21;
HEADER;
/* Generated by software containing ST-Developer
 * from STEP Tools, Inc. (www.steptools.com) 
 */

FILE_DESCRIPTION(
/* description */ (''),
/* implementation_level */ '2;1');

FILE_NAME(
/* name */ '',
/* time_stamp */ '2026-08-24T13:47:17+08:00',
/* author */ (''),
/* organization */ (''),
/* preprocessor_version */ 'ST-DEVELOPER v20.1',
/* originating_system */ 'Autodesk Translation Framework v15.8.0.0',
/* authorisation */ '');

FILE_SCHEMA (('AUTOMOTIVE_DESIGN { 1 0 10303 214 3 1 1 }'));
ENDSEC;

DATA;
#10=MECHANICAL_DESIGN_GEOMETRIC_PRESENTATION_REPRESENTATION('',(#13),#7763);
#11=SHAPE_REPRESENTATION_RELATIONSHIP('SRR','None',#7770,#12);
#12=ADVANCED_BREP_SHAPE_REPRESENTATION('',(#14),#7762);
#13=STYLED_ITEM('',(#7780),#14);
#14=MANIFOLD_SOLID_BREP('\X2\5B9E4F53\X0\1',#4211);
#15=B_SPLINE_SURFACE_WITH_KNOTS('',3,3,((#7143,#7144,#7145,#7146),(#7147,
#7148,#7149,#7150),(#7151,#7152,#7153,#7154),(#7155,#7156,#7157,#7158),
(#7159,#7160,#7161,#7162),(#7163,#7164,#7165,#7166),(#7167,#7168,#7169,
#7170)),.UNSPECIFIED.,.F.,.F.,.F.,(4,1,1,1,4),(4,4),(0.,0.285714285714286,
0.571428571428571,0.857142857142857,1.),(0.,1.2),.UNSPECIFIED.);
#16=B_SPLINE_SURFACE_WITH_KNOTS('',3,3,((#7201,#7202,#7203,#7204),(#7205,
#7206,#7207,#7208),(#7209,#7210,#7211,#7212),(#7213,#7214,#7215,#7216),
(#7217,#7218,#7219,#7220),(#7221,#7222,#7223,#7224),(#7225,#7226,#7227,
#7228)),.UNSPECIFIED.,.F.,.F.,.F.,(4,1,1,1,4),(4,4),(0.,0.285714285714286,
0.571428571428571,0.857142857142857,1.),(0.,1.2),.UNSPECIFIED.);
#17=B_SPLINE_SURFACE_WITH_KNOTS('',3,3,((#7242,#7243,#7244,#7245),(#7246,
#7247,#7248,#7249),(#7250,#7251,#7252,#7253),(#7254,#7255,#7256,#7257),
(#7258,#7259,#7260,#7261),(#7262,#7263,#7264,#7265),(#7266,#7267,#7268,
#7269)),.UNSPECIFIED.,.F.,.F.,.F.,(4,1,1,1,4),(4,4),(0.,0.285714285714286,
0.571428571428571,0.857142857142857,1.),(0.,1.2),.UNSPECIFIED.);
#18=B_SPLINE_SURFACE_WITH_KNOTS('',3,3,((#7300,#7301,#7302,#7303),(#7304,
#7305,#7306,#7307),(#7308,#7309,#7310,#7311),(#7312,#7313,#7314,#7315),
(#7316,#7317,#7318,#7319),(#7320,#7321,#7322,#7323),(#7324,#7325,#7326,
#7327)),.UNSPECIFIED.,.F.,.F.,.F.,(4,1,1,1,4),(4,4),(0.,0.285714285714286,
0.571428571428571,0.857142857142857,1.),(-1.2,2.22044604925031E-16),
 .UNSPECIFIED.);
#19=B_SPLINE_SURFACE_WITH_KNOTS('',3,3,((#7346,#7347,#7348,#7349),(#7350,
#7351,#7352,#7353),(#7354,#7355,#7356,#7357),(#7358,#7359,#7360,#7361),
(#7362,#7363,#7364,#7365),(#7366,#7367,#7368,#7369),(#7370,#7371,#7372,
#7373)),.UNSPECIFIED.,.F.,.F.,.F.,(4,1,1,1,4),(4,4),(0.,0.285714285714286,
0.571428571428571,0.857142857142857,1.),(0.,1.2),.UNSPECIFIED.);
#20=B_SPLINE_SURFACE_WITH_KNOTS('',3,3,((#7404,#7405,#7406,#7407),(#7408,
#7409,#7410,#7411),(#7412,#7413,#7414,#7415),(#7416,#7417,#7418,#7419),
(#7420,#7421,#7422,#7423),(#7424,#7425,#7426,#7427),(#7428,#7429,#7430,
#7431)),.UNSPECIFIED.,.F.,.F.,.F.,(4,1,1,1,4),(4,4),(0.,0.285714285714286,
0.571428571428571,0.857142857142857,1.),(-1.2,2.22044604925031E-16),
 .UNSPECIFIED.);
#21=B_SPLINE_SURFACE_WITH_KNOTS('',3,3,((#7445,#7446,#7447,#7448),(#7449,
#7450,#7451,#7452),(#7453,#7454,#7455,#7456),(#7457,#7458,#7459,#7460),
(#7461,#7462,#7463,#7464),(#7465,#7466,#7467,#7468),(#7469,#7470,#7471,
#7472)),.UNSPECIFIED.,.F.,.F.,.F.,(4,1,1,1,4),(4,4),(0.,0.285714285714286,
0.571428571428571,0.857142857142857,1.),(0.,1.2),.UNSPECIFIED.);
#22=B_SPLINE_SURFACE_WITH_KNOTS('',3,3,((#7503,#7504,#7505,#7506),(#7507,
#7508,#7509,#7510),(#7511,#7512,#7513,#7514),(#7515,#7516,#7517,#7518),
(#7519,#7520,#7521,#7522),(#7523,#7524,#7525,#7526),(#7527,#7528,#7529,
#7530)),.UNSPECIFIED.,.F.,.F.,.F.,(4,1,1,1,4),(4,4),(0.,0.285714285714286,
0.571428571428571,0.857142857142857,1.),(0.,1.2),.UNSPECIFIED.);
#23=B_SPLINE_SURFACE_WITH_KNOTS('',3,3,((#7544,#7545,#7546,#7547),(#7548,
#7549,#7550,#7551),(#7552,#7553,#7554,#7555),(#7556,#7557,#7558,#7559),
(#7560,#7561,#7562,#7563),(#7564,#7565,#7566,#7567),(#7568,#7569,#7570,
#7571)),.UNSPECIFIED.,.F.,.F.,.F.,(4,1,1,1,4),(4,4),(0.,0.285714285714286,
0.571428571428571,0.857142857142857,1.),(0.,1.2),.UNSPECIFIED.);
#24=B_SPLINE_SURFACE_WITH_KNOTS('',3,3,((#7602,#7603,#7604,#7605),(#7606,
#7607,#7608,#7609),(#7610,#7611,#7612,#7613),(#7614,#7615,#7616,#7617),
(#7618,#7619,#7620,#7621),(#7622,#7623,#7624,#7625),(#7626,#7627,#7628,
#7629)),.UNSPECIFIED.,.F.,.F.,.F.,(4,1,1,1,4),(4,4),(0.,0.285714285714286,
0.571428571428571,0.857142857142857,1.),(-1.2,2.22044604925031E-16),
 .UNSPECIFIED.);
#25=B_SPLINE_SURFACE_WITH_KNOTS('',3,3,((#7648,#7649,#7650,#7651),(#7652,
#7653,#7654,#7655),(#7656,#7657,#7658,#7659),(#7660,#7661,#7662,#7663),
(#7664,#7665,#7666,#7667),(#7668,#7669,#7670,#7671),(#7672,#7673,#7674,
#7675)),.UNSPECIFIED.,.F.,.F.,.F.,(4,1,1,1,4),(4,4),(0.,0.285714285714286,
0.571428571428571,0.857142857142857,1.),(0.,1.2),.UNSPECIFIED.);
#26=B_SPLINE_SURFACE_WITH_KNOTS('',3,3,((#7706,#7707,#7708,#7709),(#7710,
#7711,#7712,#7713),(#7714,#7715,#7716,#7717),(#7718,#7719,#7720,#7721),
(#7722,#7723,#7724,#7725),(#7726,#7727,#7728,#7729),(#7730,#7731,#7732,
#7733)),.UNSPECIFIED.,.F.,.F.,.F.,(4,1,1,1,4),(4,4),(0.,0.285714285714286,
0.571428571428571,0.857142857142857,1.),(-1.2,2.22044604925031E-16),
 .UNSPECIFIED.);
#27=B_SPLINE_CURVE_WITH_KNOTS('',3,(#6323,#6324,#6325,#6326,#6327,#6328,
#6329,#6330,#6331,#6332,#6333,#6334,#6335),.UNSPECIFIED.,.F.,.F.,(4,3,3,
3,4),(0.,0.0667102990968948,0.13342059819379,0.200130897290685,0.233486046839132),
 .UNSPECIFIED.);
#28=B_SPLINE_CURVE_WITH_KNOTS('',3,(#6339,#6340,#6341,#6342,#6343,#6344,
#6345,#6346,#6347,#6348,#6349,#6350,#6351),.UNSPECIFIED.,.F.,.F.,(4,3,3,
3,4),(0.,0.0667102990968664,0.133420598193733,0.200130897290599,0.233486046839032),
 .UNSPECIFIED.);
#29=B_SPLINE_CURVE_WITH_KNOTS('',3,(#6359,#6360,#6361,#6362,#6363,#6364,
#6365,#6366,#6367,#6368,#6369,#6370,#6371),.UNSPECIFIED.,.F.,.F.,(4,3,3,
3,4),(0.,0.0667102990968795,0.133420598193759,0.200130897290639,0.233486046839078),
 .UNSPECIFIED.);
#30=B_SPLINE_CURVE_WITH_KNOTS('',3,(#6375,#6376,#6377,#6378,#6379,#6380,
#6381,#6382,#6383,#6384,#6385,#6386,#6387),.UNSPECIFIED.,.F.,.F.,(4,3,3,
3,4),(0.,0.0333551495484318,0.100065448645295,0.166775747742159,0.233486046839022),
 .UNSPECIFIED.);
#31=B_SPLINE_CURVE_WITH_KNOTS('',3,(#6391,#6392,#6393,#6394,#6395,#6396,
#6397,#6398,#6399,#6400,#6401,#6402,#6403),.UNSPECIFIED.,.F.,.F.,(4,3,3,
3,4),(0.,0.0667102990969882,0.133420598193976,0.200130897290965,0.233486046839459),
 .UNSPECIFIED.);
#32=B_SPLINE_CURVE_WITH_KNOTS('',3,(#6407,#6408,#6409,#6410,#6411,#6412,
#6413,#6414,#6415,#6416,#6417,#6418,#6419),.UNSPECIFIED.,.F.,.F.,(4,3,3,
3,4),(0.,0.0333551495484533,0.10006544864536,0.166775747742266,0.233486046839173),
 .UNSPECIFIED.);
#33=B_SPLINE_CURVE_WITH_KNOTS('',3,(#6427,#6428,#6429,#6430,#6431,#6432,
#6433,#6434,#6435,#6436,#6437,#6438,#6439),.UNSPECIFIED.,.F.,.F.,(4,3,3,
3,4),(1.38777878078145E-17,0.0667102990969407,0.133420598193881,0.200130897290822,
0.233486046839292),.UNSPECIFIED.);
#34=B_SPLINE_CURVE_WITH_KNOTS('',3,(#6443,#6444,#6445,#6446,#6447,#6448,
#6449,#6450,#6451,#6452,#6453,#6454,#6455),.UNSPECIFIED.,.F.,.F.,(4,3,3,
3,4),(0.,0.0667102990968938,0.133420598193788,0.200130897290682,0.233486046839128),
 .UNSPECIFIED.);
#35=B_SPLINE_CURVE_WITH_KNOTS('',3,(#6463,#6464,#6465,#6466,#6467,#6468,
#6469,#6470,#6471,#6472,#6473,#6474,#6475),.UNSPECIFIED.,.F.,.F.,(4,3,3,
3,4),(0.,0.0667102990968543,0.133420598193709,0.200130897290563,0.23348604683899),
 .UNSPECIFIED.);
#36=B_SPLINE_CURVE_WITH_KNOTS('',3,(#6479,#6480,#6481,#6482,#6483,#6484,
#6485,#6486,#6487,#6488,#6489,#6490,#6491),.UNSPECIFIED.,.F.,.F.,(4,3,3,
3,4),(0.,0.0333551495484226,0.100065448645268,0.166775747742113,0.233486046838958),
 .UNSPECIFIED.);
#37=B_SPLINE_CURVE_WITH_KNOTS('',3,(#6495,#6496,#6497,#6498,#6499,#6500,
#6501,#6502,#6503,#6504,#6505,#6506,#6507),.UNSPECIFIED.,.F.,.F.,(4,3,3,
3,4),(0.,0.0667102990969088,0.133420598193818,0.200130897290726,0.233486046839181),
 .UNSPECIFIED.);
#38=B_SPLINE_CURVE_WITH_KNOTS('',3,(#6511,#6512,#6513,#6514,#6515,#6516,
#6517,#6518,#6519,#6520,#6521,#6522,#6523),.UNSPECIFIED.,.F.,.F.,(4,3,3,
3,4),(0.,0.0333551495484477,0.100065448645343,0.166775747742239,0.233486046839134),
 .UNSPECIFIED.);
#39=B_SPLINE_CURVE_WITH_KNOTS('',3,(#7099,#7100,#7101,#7102),
 .UNSPECIFIED.,.F.,.F.,(4,4),(-1.2,2.22044604925031E-16),.UNSPECIFIED.);
#40=B_SPLINE_CURVE_WITH_KNOTS('',3,(#7112,#7113,#7114,#7115),
 .UNSPECIFIED.,.F.,.F.,(4,4),(-1.2,0.),.UNSPECIFIED.);
#41=B_SPLINE_CURVE_WITH_KNOTS('',3,(#7125,#7126,#7127,#7128),
 .UNSPECIFIED.,.F.,.F.,(4,4),(-1.2,2.22044604925031E-16),.UNSPECIFIED.);
#42=B_SPLINE_CURVE_WITH_KNOTS('',3,(#7138,#7139,#7140,#7141),
 .UNSPECIFIED.,.F.,.F.,(4,4),(-1.2,0.),.UNSPECIFIED.);
#43=B_SPLINE_CURVE_WITH_KNOTS('',3,(#7173,#7174,#7175,#7176,#7177,#7178,
#7179,#7180,#7181,#7182,#7183,#7184,#7185),.UNSPECIFIED.,.F.,.F.,(4,3,3,
3,4),(0.,0.0333551495484573,0.100065448645372,0.166775747742286,0.233486046839201),
 .UNSPECIFIED.);
#44=B_SPLINE_CURVE_WITH_KNOTS('',3,(#7186,#7187,#7188,#7189),
 .UNSPECIFIED.,.F.,.F.,(4,4),(-1.2,0.),.UNSPECIFIED.);
#45=B_SPLINE_CURVE_WITH_KNOTS('',3,(#7190,#7191,#7192,#7193),
 .UNSPECIFIED.,.F.,.F.,(4,4),(0.,1.2),.UNSPECIFIED.);
#46=B_SPLINE_CURVE_WITH_KNOTS('',3,(#7197,#7198,#7199,#7200),
 .UNSPECIFIED.,.F.,.F.,(4,4),(0.,1.2),.UNSPECIFIED.);
#47=B_SPLINE_CURVE_WITH_KNOTS('',3,(#7229,#7230,#7231,#7232,#7233,#7234,
#7235,#7236,#7237,#7238,#7239,#7240,#7241),.UNSPECIFIED.,.F.,.F.,(4,3,3,
3,4),(0.,0.0333551495484417,0.100065448645325,0.166775747742208,0.233486046839092),
 .UNSPECIFIED.);
#48=B_SPLINE_CURVE_WITH_KNOTS('',3,(#7272,#7273,#7274,#7275,#7276,#7277,
#7278,#7279,#7280,#7281,#7282,#7283,#7284),.UNSPECIFIED.,.F.,.F.,(4,3,3,
3,4),(0.,0.0333551495484449,0.100065448645335,0.166775747742225,0.233486046839114),
 .UNSPECIFIED.);
#49=B_SPLINE_CURVE_WITH_KNOTS('',3,(#7285,#7286,#7287,#7288),
 .UNSPECIFIED.,.F.,.F.,(4,4),(-1.2,0.),.UNSPECIFIED.);
#50=B_SPLINE_CURVE_WITH_KNOTS('',3,(#7289,#7290,#7291,#7292),
 .UNSPECIFIED.,.F.,.F.,(4,4),(0.,1.2),.UNSPECIFIED.);
#51=B_SPLINE_CURVE_WITH_KNOTS('',3,(#7296,#7297,#7298,#7299),
 .UNSPECIFIED.,.F.,.F.,(4,4),(-2.22044604925031E-16,1.2),.UNSPECIFIED.);
#52=B_SPLINE_CURVE_WITH_KNOTS('',3,(#7329,#7330,#7331,#7332,#7333,#7334,
#7335,#7336,#7337,#7338,#7339,#7340,#7341),.UNSPECIFIED.,.F.,.F.,(4,3,3,
3,4),(0.,0.0667102990969044,0.133420598193809,0.200130897290713,0.233486046839166),
 .UNSPECIFIED.);
#53=B_SPLINE_CURVE_WITH_KNOTS('',3,(#7342,#7343,#7344,#7345),
 .UNSPECIFIED.,.F.,.F.,(4,4),(-1.2,2.22044604925031E-16),.UNSPECIFIED.);
#54=B_SPLINE_CURVE_WITH_KNOTS('',3,(#7376,#7377,#7378,#7379,#7380,#7381,
#7382,#7383,#7384,#7385,#7386,#7387,#7388),.UNSPECIFIED.,.F.,.F.,(4,3,3,
3,4),(0.,0.0333551495484404,0.100065448645321,0.166775747742202,0.233486046839082),
 .UNSPECIFIED.);
#55=B_SPLINE_CURVE_WITH_KNOTS('',3,(#7389,#7390,#7391,#7392),
 .UNSPECIFIED.,.F.,.F.,(4,4),(-1.2,0.),.UNSPECIFIED.);
#56=B_SPLINE_CURVE_WITH_KNOTS('',3,(#7393,#7394,#7395,#7396),
 .UNSPECIFIED.,.F.,.F.,(4,4),(0.,1.2),.UNSPECIFIED.);
#57=B_SPLINE_CURVE_WITH_KNOTS('',3,(#7400,#7401,#7402,#7403),
 .UNSPECIFIED.,.F.,.F.,(4,4),(-2.22044604925031E-16,1.2),.UNSPECIFIED.);
#58=B_SPLINE_CURVE_WITH_KNOTS('',3,(#7432,#7433,#7434,#7435,#7436,#7437,
#7438,#7439,#7440,#7441,#7442,#7443,#7444),.UNSPECIFIED.,.F.,.F.,(4,3,3,
3,4),(0.,0.066710299096876,0.133420598193752,0.200130897290628,0.233486046839066),
 .UNSPECIFIED.);
#59=B_SPLINE_CURVE_WITH_KNOTS('',3,(#7475,#7476,#7477,#7478,#7479,#7480,
#7481,#7482,#7483,#7484,#7485,#7486,#7487),.UNSPECIFIED.,.F.,.F.,(4,3,3,
3,4),(0.,0.033355149548451,0.100065448645353,0.166775747742255,0.233486046839157),
 .UNSPECIFIED.);
#60=B_SPLINE_CURVE_WITH_KNOTS('',3,(#7488,#7489,#7490,#7491),
 .UNSPECIFIED.,.F.,.F.,(4,4),(-1.2,0.),.UNSPECIFIED.);
#61=B_SPLINE_CURVE_WITH_KNOTS('',3,(#7492,#7493,#7494,#7495),
 .UNSPECIFIED.,.F.,.F.,(4,4),(0.,1.2),.UNSPECIFIED.);
#62=B_SPLINE_CURVE_WITH_KNOTS('',3,(#7499,#7500,#7501,#7502),
 .UNSPECIFIED.,.F.,.F.,(4,4),(0.,1.2),.UNSPECIFIED.);
#63=B_SPLINE_CURVE_WITH_KNOTS('',3,(#7531,#7532,#7533,#7534,#7535,#7536,
#7537,#7538,#7539,#7540,#7541,#7542,#7543),.UNSPECIFIED.,.F.,.F.,(4,3,3,
3,4),(0.,0.0333551495484281,0.100065448645284,0.166775747742141,0.233486046838997),
 .UNSPECIFIED.);
#64=B_SPLINE_CURVE_WITH_KNOTS('',3,(#7574,#7575,#7576,#7577,#7578,#7579,
#7580,#7581,#7582,#7583,#7584,#7585,#7586),.UNSPECIFIED.,.F.,.F.,(4,3,3,
3,4),(0.,0.0333551495484629,0.100065448645389,0.166775747742314,0.23348604683924),
 .UNSPECIFIED.);
#65=B_SPLINE_CURVE_WITH_KNOTS('',3,(#7587,#7588,#7589,#7590),
 .UNSPECIFIED.,.F.,.F.,(4,4),(-1.2,0.),.UNSPECIFIED.);
#66=B_SPLINE_CURVE_WITH_KNOTS('',3,(#7591,#7592,#7593,#7594),
 .UNSPECIFIED.,.F.,.F.,(4,4),(0.,1.2),.UNSPECIFIED.);
#67=B_SPLINE_CURVE_WITH_KNOTS('',3,(#7598,#7599,#7600,#7601),
 .UNSPECIFIED.,.F.,.F.,(4,4),(-2.22044604925031E-16,1.2),.UNSPECIFIED.);
#68=B_SPLINE_CURVE_WITH_KNOTS('',3,(#7631,#7632,#7633,#7634,#7635,#7636,
#7637,#7638,#7639,#7640,#7641,#7642,#7643),.UNSPECIFIED.,.F.,.F.,(4,3,3,
3,4),(0.,0.0667102990968447,0.133420598193689,0.200130897290534,0.233486046838956),
 .UNSPECIFIED.);
#69=B_SPLINE_CURVE_WITH_KNOTS('',3,(#7644,#7645,#7646,#7647),
 .UNSPECIFIED.,.F.,.F.,(4,4),(-1.2,2.22044604925031E-16),.UNSPECIFIED.);
#70=B_SPLINE_CURVE_WITH_KNOTS('',3,(#7678,#7679,#7680,#7681,#7682,#7683,
#7684,#7685,#7686,#7687,#7688,#7689,#7690),.UNSPECIFIED.,.F.,.F.,(4,3,3,
3,4),(1.38777878078145E-17,0.033355149548424,0.100065448645272,0.16677574774212,
0.233486046838968),.UNSPECIFIED.);
#71=B_SPLINE_CURVE_WITH_KNOTS('',3,(#7691,#7692,#7693,#7694),
 .UNSPECIFIED.,.F.,.F.,(4,4),(-1.2,0.),.UNSPECIFIED.);
#72=B_SPLINE_CURVE_WITH_KNOTS('',3,(#7695,#7696,#7697,#7698),
 .UNSPECIFIED.,.F.,.F.,(4,4),(0.,1.2),.UNSPECIFIED.);
#73=B_SPLINE_CURVE_WITH_KNOTS('',3,(#7702,#7703,#7704,#7705),
 .UNSPECIFIED.,.F.,.F.,(4,4),(-2.22044604925031E-16,1.2),.UNSPECIFIED.);
#74=B_SPLINE_CURVE_WITH_KNOTS('',3,(#7734,#7735,#7736,#7737,#7738,#7739,
#7740,#7741,#7742,#7743,#7744,#7745,#7746),.UNSPECIFIED.,.F.,.F.,(4,3,3,
3,4),(0.,0.0667102990968979,0.133420598193796,0.200130897290694,0.233486046839143),
 .UNSPECIFIED.);
#75=FACE_BOUND('',#515,.T.);
#76=FACE_BOUND('',#516,.T.);
#77=FACE_BOUND('',#517,.T.);
#78=FACE_BOUND('',#518,.T.);
#79=FACE_BOUND('',#519,.T.);
#80=FACE_BOUND('',#520,.T.);
#81=FACE_BOUND('',#521,.T.);
#82=FACE_BOUND('',#522,.T.);
#83=FACE_BOUND('',#523,.T.);
#84=FACE_BOUND('',#524,.T.);
#85=FACE_BOUND('',#525,.T.);
#86=FACE_BOUND('',#526,.T.);
#87=FACE_BOUND('',#527,.T.);
#88=FACE_BOUND('',#528,.T.);
#89=FACE_BOUND('',#529,.T.);
#90=FACE_BOUND('',#530,.T.);
#91=FACE_BOUND('',#531,.T.);
#92=FACE_BOUND('',#532,.T.);
#93=FACE_BOUND('',#533,.T.);
#94=FACE_BOUND('',#534,.T.);
#95=FACE_BOUND('',#535,.T.);
#96=FACE_BOUND('',#536,.T.);
#97=FACE_BOUND('',#537,.T.);
#98=FACE_BOUND('',#538,.T.);
#99=FACE_BOUND('',#539,.T.);
#100=FACE_BOUND('',#540,.T.);
#101=FACE_BOUND('',#541,.T.);
#102=FACE_BOUND('',#543,.T.);
#103=FACE_BOUND('',#544,.T.);
#104=FACE_BOUND('',#545,.T.);
#105=FACE_BOUND('',#546,.T.);
#106=FACE_BOUND('',#547,.T.);
#107=FACE_BOUND('',#548,.T.);
#108=FACE_BOUND('',#549,.T.);
#109=FACE_BOUND('',#550,.T.);
#110=FACE_BOUND('',#551,.T.);
#111=FACE_BOUND('',#552,.T.);
#112=FACE_BOUND('',#553,.T.);
#113=FACE_BOUND('',#554,.T.);
#114=FACE_BOUND('',#555,.T.);
#115=FACE_BOUND('',#556,.T.);
#116=FACE_BOUND('',#557,.T.);
#117=FACE_BOUND('',#558,.T.);
#118=FACE_BOUND('',#559,.T.);
#119=FACE_BOUND('',#560,.T.);
#120=FACE_BOUND('',#561,.T.);
#121=FACE_BOUND('',#562,.T.);
#122=FACE_BOUND('',#563,.T.);
#123=FACE_BOUND('',#564,.T.);
#124=FACE_BOUND('',#565,.T.);
#125=FACE_BOUND('',#566,.T.);
#126=FACE_BOUND('',#567,.T.);
#127=FACE_BOUND('',#568,.T.);
#128=FACE_BOUND('',#569,.T.);
#129=FACE_BOUND('',#570,.T.);
#130=FACE_BOUND('',#571,.T.);
#131=FACE_BOUND('',#572,.T.);
#132=FACE_BOUND('',#573,.T.);
#133=FACE_BOUND('',#574,.T.);
#134=FACE_BOUND('',#575,.T.);
#135=FACE_BOUND('',#576,.T.);
#136=FACE_BOUND('',#577,.T.);
#137=FACE_BOUND('',#636,.T.);
#138=FACE_BOUND('',#638,.T.);
#139=FACE_BOUND('',#641,.T.);
#140=FACE_BOUND('',#643,.T.);
#141=FACE_BOUND('',#650,.T.);
#142=FACE_BOUND('',#657,.T.);
#143=FACE_BOUND('',#660,.T.);
#144=FACE_BOUND('',#667,.T.);
#145=FACE_BOUND('',#674,.T.);
#146=FACE_BOUND('',#676,.T.);
#147=FACE_BOUND('',#679,.T.);
#148=FACE_BOUND('',#681,.T.);
#149=FACE_BOUND('',#689,.T.);
#150=FACE_BOUND('',#692,.T.);
#151=FACE_BOUND('',#699,.T.);
#152=FACE_BOUND('',#706,.T.);
#153=FACE_BOUND('',#713,.T.);
#154=FACE_BOUND('',#716,.T.);
#155=FACE_BOUND('',#719,.T.);
#156=FACE_BOUND('',#722,.T.);
#157=FACE_BOUND('',#769,.T.);
#158=PLANE('',#4228);
#159=PLANE('',#4232);
#160=PLANE('',#4236);
#161=PLANE('',#4240);
#162=PLANE('',#4250);
#163=PLANE('',#4254);
#164=PLANE('',#4261);
#165=PLANE('',#4265);
#166=PLANE('',#4272);
#167=PLANE('',#4276);
#168=PLANE('',#4284);
#169=PLANE('',#4292);
#170=PLANE('',#4296);
#171=PLANE('',#4303);
#172=PLANE('',#4307);
#173=PLANE('',#4314);
#174=PLANE('',#4318);
#175=PLANE('',#4325);
#176=PLANE('',#4381);
#177=PLANE('',#4433);
#178=PLANE('',#4435);
#179=PLANE('',#4437);
#180=PLANE('',#4439);
#181=PLANE('',#4441);
#182=PLANE('',#4443);
#183=PLANE('',#4445);
#184=PLANE('',#4447);
#185=PLANE('',#4449);
#186=PLANE('',#4451);
#187=PLANE('',#4453);
#188=PLANE('',#4455);
#189=PLANE('',#4457);
#190=PLANE('',#4459);
#191=PLANE('',#4461);
#192=PLANE('',#4463);
#193=PLANE('',#4466);
#194=PLANE('',#4469);
#195=PLANE('',#4472);
#196=PLANE('',#4475);
#197=PLANE('',#4478);
#198=PLANE('',#4483);
#199=PLANE('',#4486);
#200=PLANE('',#4489);
#201=PLANE('',#4502);
#202=PLANE('',#4503);
#203=PLANE('',#4506);
#204=PLANE('',#4507);
#205=PLANE('',#4518);
#206=PLANE('',#4521);
#207=PLANE('',#4526);
#208=PLANE('',#4527);
#209=PLANE('',#4530);
#210=PLANE('',#4533);
#211=PLANE('',#4538);
#212=PLANE('',#4539);
#213=PLANE('',#4550);
#214=PLANE('',#4551);
#215=PLANE('',#4554);
#216=PLANE('',#4555);
#217=PLANE('',#4556);
#218=PLANE('',#4567);
#219=PLANE('',#4570);
#220=PLANE('',#4573);
#221=PLANE('',#4578);
#222=PLANE('',#4579);
#223=PLANE('',#4582);
#224=PLANE('',#4587);
#225=PLANE('',#4588);
#226=PLANE('',#4599);
#227=PLANE('',#4602);
#228=PLANE('',#4605);
#229=PLANE('',#4608);
#230=PLANE('',#4611);
#231=PLANE('',#4616);
#232=PLANE('',#4619);
#233=PLANE('',#4622);
#234=PLANE('',#4625);
#235=PLANE('',#4628);
#236=PLANE('',#4631);
#237=PLANE('',#4634);
#238=PLANE('',#4637);
#239=PLANE('',#4640);
#240=PLANE('',#4641);
#241=PLANE('',#4642);
#242=PLANE('',#4643);
#243=PLANE('',#4644);
#244=PLANE('',#4645);
#245=PLANE('',#4646);
#246=PLANE('',#4647);
#247=PLANE('',#4648);
#248=PLANE('',#4649);
#249=PLANE('',#4650);
#250=PLANE('',#4651);
#251=PLANE('',#4652);
#252=PLANE('',#4653);
#253=FACE_OUTER_BOUND('',#470,.T.);
#254=FACE_OUTER_BOUND('',#471,.T.);
#255=FACE_OUTER_BOUND('',#472,.T.);
#256=FACE_OUTER_BOUND('',#473,.T.);
#257=FACE_OUTER_BOUND('',#474,.T.);
#258=FACE_OUTER_BOUND('',#475,.T.);
#259=FACE_OUTER_BOUND('',#476,.T.);
#260=FACE_OUTER_BOUND('',#477,.T.);
#261=FACE_OUTER_BOUND('',#478,.T.);
#262=FACE_OUTER_BOUND('',#479,.T.);
#263=FACE_OUTER_BOUND('',#480,.T.);
#264=FACE_OUTER_BOUND('',#481,.T.);
#265=FACE_OUTER_BOUND('',#482,.T.);
#266=FACE_OUTER_BOUND('',#483,.T.);
#267=FACE_OUTER_BOUND('',#484,.T.);
#268=FACE_OUTER_BOUND('',#485,.T.);
#269=FACE_OUTER_BOUND('',#486,.T.);
#270=FACE_OUTER_BOUND('',#487,.T.);
#271=FACE_OUTER_BOUND('',#488,.T.);
#272=FACE_OUTER_BOUND('',#489,.T.);
#273=FACE_OUTER_BOUND('',#490,.T.);
#274=FACE_OUTER_BOUND('',#491,.T.);
#275=FACE_OUTER_BOUND('',#492,.T.);
#276=FACE_OUTER_BOUND('',#493,.T.);
#277=FACE_OUTER_BOUND('',#494,.T.);
#278=FACE_OUTER_BOUND('',#495,.T.);
#279=FACE_OUTER_BOUND('',#496,.T.);
#280=FACE_OUTER_BOUND('',#497,.T.);
#281=FACE_OUTER_BOUND('',#498,.T.);
#282=FACE_OUTER_BOUND('',#499,.T.);
#283=FACE_OUTER_BOUND('',#500,.T.);
#284=FACE_OUTER_BOUND('',#501,.T.);
#285=FACE_OUTER_BOUND('',#502,.T.);
#286=FACE_OUTER_BOUND('',#503,.T.);
#287=FACE_OUTER_BOUND('',#504,.T.);
#288=FACE_OUTER_BOUND('',#505,.T.);
#289=FACE_OUTER_BOUND('',#506,.T.);
#290=FACE_OUTER_BOUND('',#507,.T.);
#291=FACE_OUTER_BOUND('',#508,.T.);
#292=FACE_OUTER_BOUND('',#509,.T.);
#293=FACE_OUTER_BOUND('',#510,.T.);
#294=FACE_OUTER_BOUND('',#511,.T.);
#295=FACE_OUTER_BOUND('',#512,.T.);
#296=FACE_OUTER_BOUND('',#513,.T.);
#297=FACE_OUTER_BOUND('',#514,.T.);
#298=FACE_OUTER_BOUND('',#542,.T.);
#299=FACE_OUTER_BOUND('',#578,.T.);
#300=FACE_OUTER_BOUND('',#579,.T.);
#301=FACE_OUTER_BOUND('',#580,.T.);
#302=FACE_OUTER_BOUND('',#581,.T.);
#303=FACE_OUTER_BOUND('',#582,.T.);
#304=FACE_OUTER_BOUND('',#583,.T.);
#305=FACE_OUTER_BOUND('',#584,.T.);
#306=FACE_OUTER_BOUND('',#585,.T.);
#307=FACE_OUTER_BOUND('',#586,.T.);
#308=FACE_OUTER_BOUND('',#587,.T.);
#309=FACE_OUTER_BOUND('',#588,.T.);
#310=FACE_OUTER_BOUND('',#589,.T.);
#311=FACE_OUTER_BOUND('',#590,.T.);
#312=FACE_OUTER_BOUND('',#591,.T.);
#313=FACE_OUTER_BOUND('',#592,.T.);
#314=FACE_OUTER_BOUND('',#593,.T.);
#315=FACE_OUTER_BOUND('',#594,.T.);
#316=FACE_OUTER_BOUND('',#595,.T.);
#317=FACE_OUTER_BOUND('',#596,.T.);
#318=FACE_OUTER_BOUND('',#597,.T.);
#319=FACE_OUTER_BOUND('',#598,.T.);
#320=FACE_OUTER_BOUND('',#599,.T.);
#321=FACE_OUTER_BOUND('',#600,.T.);
#322=FACE_OUTER_BOUND('',#601,.T.);
#323=FACE_OUTER_BOUND('',#602,.T.);
#324=FACE_OUTER_BOUND('',#603,.T.);
#325=FACE_OUTER_BOUND('',#604,.T.);
#326=FACE_OUTER_BOUND('',#605,.T.);
#327=FACE_OUTER_BOUND('',#606,.T.);
#328=FACE_OUTER_BOUND('',#607,.T.);
#329=FACE_OUTER_BOUND('',#608,.T.);
#330=FACE_OUTER_BOUND('',#609,.T.);
#331=FACE_OUTER_BOUND('',#610,.T.);
#332=FACE_OUTER_BOUND('',#611,.T.);
#333=FACE_OUTER_BOUND('',#612,.T.);
#334=FACE_OUTER_BOUND('',#613,.T.);
#335=FACE_OUTER_BOUND('',#614,.T.);
#336=FACE_OUTER_BOUND('',#615,.T.);
#337=FACE_OUTER_BOUND('',#616,.T.);
#338=FACE_OUTER_BOUND('',#617,.T.);
#339=FACE_OUTER_BOUND('',#618,.T.);
#340=FACE_OUTER_BOUND('',#619,.T.);
#341=FACE_OUTER_BOUND('',#620,.T.);
#342=FACE_OUTER_BOUND('',#621,.T.);
#343=FACE_OUTER_BOUND('',#622,.T.);
#344=FACE_OUTER_BOUND('',#623,.T.);
#345=FACE_OUTER_BOUND('',#624,.T.);
#346=FACE_OUTER_BOUND('',#625,.T.);
#347=FACE_OUTER_BOUND('',#626,.T.);
#348=FACE_OUTER_BOUND('',#627,.T.);
#349=FACE_OUTER_BOUND('',#628,.T.);
#350=FACE_OUTER_BOUND('',#629,.T.);
#351=FACE_OUTER_BOUND('',#630,.T.);
#352=FACE_OUTER_BOUND('',#631,.T.);
#353=FACE_OUTER_BOUND('',#632,.T.);
#354=FACE_OUTER_BOUND('',#633,.T.);
#355=FACE_OUTER_BOUND('',#634,.T.);
#356=FACE_OUTER_BOUND('',#635,.T.);
#357=FACE_OUTER_BOUND('',#637,.T.);
#358=FACE_OUTER_BOUND('',#639,.T.);
#359=FACE_OUTER_BOUND('',#640,.T.);
#360=FACE_OUTER_BOUND('',#642,.T.);
#361=FACE_OUTER_BOUND('',#644,.T.);
#362=FACE_OUTER_BOUND('',#645,.T.);
#363=FACE_OUTER_BOUND('',#646,.T.);
#364=FACE_OUTER_BOUND('',#647,.T.);
#365=FACE_OUTER_BOUND('',#648,.T.);
#366=FACE_OUTER_BOUND('',#649,.T.);
#367=FACE_OUTER_BOUND('',#651,.T.);
#368=FACE_OUTER_BOUND('',#652,.T.);
#369=FACE_OUTER_BOUND('',#653,.T.);
#370=FACE_OUTER_BOUND('',#654,.T.);
#371=FACE_OUTER_BOUND('',#655,.T.);
#372=FACE_OUTER_BOUND('',#656,.T.);
#373=FACE_OUTER_BOUND('',#658,.T.);
#374=FACE_OUTER_BOUND('',#659,.T.);
#375=FACE_OUTER_BOUND('',#661,.T.);
#376=FACE_OUTER_BOUND('',#662,.T.);
#377=FACE_OUTER_BOUND('',#663,.T.);
#378=FACE_OUTER_BOUND('',#664,.T.);
#379=FACE_OUTER_BOUND('',#665,.T.);
#380=FACE_OUTER_BOUND('',#666,.T.);
#381=FACE_OUTER_BOUND('',#668,.T.);
#382=FACE_OUTER_BOUND('',#669,.T.);
#383=FACE_OUTER_BOUND('',#670,.T.);
#384=FACE_OUTER_BOUND('',#671,.T.);
#385=FACE_OUTER_BOUND('',#672,.T.);
#386=FACE_OUTER_BOUND('',#673,.T.);
#387=FACE_OUTER_BOUND('',#675,.T.);
#388=FACE_OUTER_BOUND('',#677,.T.);
#389=FACE_OUTER_BOUND('',#678,.T.);
#390=FACE_OUTER_BOUND('',#680,.T.);
#391=FACE_OUTER_BOUND('',#682,.T.);
#392=FACE_OUTER_BOUND('',#683,.T.);
#393=FACE_OUTER_BOUND('',#684,.T.);
#394=FACE_OUTER_BOUND('',#685,.T.);
#395=FACE_OUTER_BOUND('',#686,.T.);
#396=FACE_OUTER_BOUND('',#687,.T.);
#397=FACE_OUTER_BOUND('',#688,.T.);
#398=FACE_OUTER_BOUND('',#690,.T.);
#399=FACE_OUTER_BOUND('',#691,.T.);
#400=FACE_OUTER_BOUND('',#693,.T.);
#401=FACE_OUTER_BOUND('',#694,.T.);
#402=FACE_OUTER_BOUND('',#695,.T.);
#403=FACE_OUTER_BOUND('',#696,.T.);
#404=FACE_OUTER_BOUND('',#697,.T.);
#405=FACE_OUTER_BOUND('',#698,.T.);
#406=FACE_OUTER_BOUND('',#700,.T.);
#407=FACE_OUTER_BOUND('',#701,.T.);
#408=FACE_OUTER_BOUND('',#702,.T.);
#409=FACE_OUTER_BOUND('',#703,.T.);
#410=FACE_OUTER_BOUND('',#704,.T.);
#411=FACE_OUTER_BOUND('',#705,.T.);
#412=FACE_OUTER_BOUND('',#707,.T.);
#413=FACE_OUTER_BOUND('',#708,.T.);
#414=FACE_OUTER_BOUND('',#709,.T.);
#415=FACE_OUTER_BOUND('',#710,.T.);
#416=FACE_OUTER_BOUND('',#711,.T.);
#417=FACE_OUTER_BOUND('',#712,.T.);
#418=FACE_OUTER_BOUND('',#714,.T.);
#419=FACE_OUTER_BOUND('',#715,.T.);
#420=FACE_OUTER_BOUND('',#717,.T.);
#421=FACE_OUTER_BOUND('',#718,.T.);
#422=FACE_OUTER_BOUND('',#720,.T.);
#423=FACE_OUTER_BOUND('',#721,.T.);
#424=FACE_OUTER_BOUND('',#723,.T.);
#425=FACE_OUTER_BOUND('',#724,.T.);
#426=FACE_OUTER_BOUND('',#725,.T.);
#427=FACE_OUTER_BOUND('',#726,.T.);
#428=FACE_OUTER_BOUND('',#727,.T.);
#429=FACE_OUTER_BOUND('',#728,.T.);
#430=FACE_OUTER_BOUND('',#729,.T.);
#431=FACE_OUTER_BOUND('',#730,.T.);
#432=FACE_OUTER_BOUND('',#731,.T.);
#433=FACE_OUTER_BOUND('',#732,.T.);
#434=FACE_OUTER_BOUND('',#733,.T.);
#435=FACE_OUTER_BOUND('',#734,.T.);
#436=FACE_OUTER_BOUND('',#735,.T.);
#437=FACE_OUTER_BOUND('',#736,.T.);
#438=FACE_OUTER_BOUND('',#737,.T.);
#439=FACE_OUTER_BOUND('',#738,.T.);
#440=FACE_OUTER_BOUND('',#739,.T.);
#441=FACE_OUTER_BOUND('',#740,.T.);
#442=FACE_OUTER_BOUND('',#741,.T.);
#443=FACE_OUTER_BOUND('',#742,.T.);
#444=FACE_OUTER_BOUND('',#743,.T.);
#445=FACE_OUTER_BOUND('',#744,.T.);
#446=FACE_OUTER_BOUND('',#745,.T.);
#447=FACE_OUTER_BOUND('',#746,.T.);
#448=FACE_OUTER_BOUND('',#747,.T.);
#449=FACE_OUTER_BOUND('',#748,.T.);
#450=FACE_OUTER_BOUND('',#749,.T.);
#451=FACE_OUTER_BOUND('',#750,.T.);
#452=FACE_OUTER_BOUND('',#751,.T.);
#453=FACE_OUTER_BOUND('',#752,.T.);
#454=FACE_OUTER_BOUND('',#753,.T.);
#455=FACE_OUTER_BOUND('',#754,.T.);
#456=FACE_OUTER_BOUND('',#755,.T.);
#457=FACE_OUTER_BOUND('',#756,.T.);
#458=FACE_OUTER_BOUND('',#757,.T.);
#459=FACE_OUTER_BOUND('',#758,.T.);
#460=FACE_OUTER_BOUND('',#759,.T.);
#461=FACE_OUTER_BOUND('',#760,.T.);
#462=FACE_OUTER_BOUND('',#761,.T.);
#463=FACE_OUTER_BOUND('',#762,.T.);
#464=FACE_OUTER_BOUND('',#763,.T.);
#465=FACE_OUTER_BOUND('',#764,.T.);
#466=FACE_OUTER_BOUND('',#765,.T.);
#467=FACE_OUTER_BOUND('',#766,.T.);
#468=FACE_OUTER_BOUND('',#767,.T.);
#469=FACE_OUTER_BOUND('',#768,.T.);
#470=EDGE_LOOP('',(#2672,#2673,#2674,#2675));
#471=EDGE_LOOP('',(#2676,#2677,#2678,#2679));
#472=EDGE_LOOP('',(#2680,#2681,#2682,#2683));
#473=EDGE_LOOP('',(#2684,#2685,#2686,#2687));
#474=EDGE_LOOP('',(#2688,#2689,#2690,#2691));
#475=EDGE_LOOP('',(#2692,#2693,#2694,#2695));
#476=EDGE_LOOP('',(#2696,#2697,#2698,#2699));
#477=EDGE_LOOP('',(#2700,#2701,#2702,#2703));
#478=EDGE_LOOP('',(#2704,#2705,#2706,#2707));
#479=EDGE_LOOP('',(#2708,#2709,#2710,#2711));
#480=EDGE_LOOP('',(#2712,#2713,#2714,#2715));
#481=EDGE_LOOP('',(#2716,#2717,#2718,#2719));
#482=EDGE_LOOP('',(#2720,#2721,#2722,#2723));
#483=EDGE_LOOP('',(#2724,#2725,#2726,#2727));
#484=EDGE_LOOP('',(#2728,#2729,#2730,#2731));
#485=EDGE_LOOP('',(#2732,#2733,#2734,#2735));
#486=EDGE_LOOP('',(#2736,#2737,#2738,#2739));
#487=EDGE_LOOP('',(#2740,#2741,#2742,#2743));
#488=EDGE_LOOP('',(#2744,#2745,#2746,#2747));
#489=EDGE_LOOP('',(#2748,#2749,#2750,#2751));
#490=EDGE_LOOP('',(#2752,#2753,#2754,#2755));
#491=EDGE_LOOP('',(#2756,#2757,#2758,#2759));
#492=EDGE_LOOP('',(#2760,#2761,#2762,#2763));
#493=EDGE_LOOP('',(#2764,#2765,#2766,#2767));
#494=EDGE_LOOP('',(#2768,#2769,#2770,#2771,#2772,#2773));
#495=EDGE_LOOP('',(#2774,#2775,#2776,#2777));
#496=EDGE_LOOP('',(#2778,#2779,#2780,#2781));
#497=EDGE_LOOP('',(#2782,#2783,#2784,#2785));
#498=EDGE_LOOP('',(#2786,#2787,#2788,#2789,#2790,#2791));
#499=EDGE_LOOP('',(#2792,#2793,#2794,#2795));
#500=EDGE_LOOP('',(#2796,#2797,#2798,#2799));
#501=EDGE_LOOP('',(#2800,#2801,#2802,#2803));
#502=EDGE_LOOP('',(#2804,#2805,#2806,#2807));
#503=EDGE_LOOP('',(#2808,#2809,#2810,#2811));
#504=EDGE_LOOP('',(#2812,#2813,#2814,#2815));
#505=EDGE_LOOP('',(#2816,#2817,#2818,#2819));
#506=EDGE_LOOP('',(#2820,#2821,#2822,#2823));
#507=EDGE_LOOP('',(#2824,#2825,#2826,#2827));
#508=EDGE_LOOP('',(#2828,#2829,#2830,#2831));
#509=EDGE_LOOP('',(#2832,#2833,#2834,#2835));
#510=EDGE_LOOP('',(#2836,#2837,#2838,#2839));
#511=EDGE_LOOP('',(#2840,#2841,#2842,#2843));
#512=EDGE_LOOP('',(#2844,#2845,#2846,#2847));
#513=EDGE_LOOP('',(#2848,#2849,#2850,#2851));
#514=EDGE_LOOP('',(#2852,#2853,#2854,#2855,#2856,#2857,#2858,#2859,#2860,
#2861,#2862,#2863,#2864,#2865,#2866,#2867,#2868,#2869,#2870,#2871,#2872,
#2873,#2874,#2875,#2876,#2877,#2878,#2879,#2880,#2881,#2882,#2883,#2884,
#2885,#2886,#2887,#2888,#2889,#2890,#2891,#2892,#2893,#2894,#2895,#2896,
#2897,#2898,#2899,#2900,#2901,#2902,#2903,#2904,#2905,#2906,#2907,#2908,
#2909,#2910,#2911,#2912,#2913,#2914,#2915,#2916,#2917,#2918,#2919,#2920,
#2921,#2922,#2923,#2924,#2925,#2926,#2927));
#515=EDGE_LOOP('',(#2928));
#516=EDGE_LOOP('',(#2929));
#517=EDGE_LOOP('',(#2930));
#518=EDGE_LOOP('',(#2931));
#519=EDGE_LOOP('',(#2932,#2933,#2934,#2935,#2936,#2937,#2938,#2939));
#520=EDGE_LOOP('',(#2940,#2941,#2942,#2943,#2944,#2945,#2946,#2947));
#521=EDGE_LOOP('',(#2948,#2949,#2950,#2951,#2952,#2953,#2954,#2955));
#522=EDGE_LOOP('',(#2956,#2957,#2958,#2959,#2960,#2961,#2962,#2963));
#523=EDGE_LOOP('',(#2964));
#524=EDGE_LOOP('',(#2965));
#525=EDGE_LOOP('',(#2966));
#526=EDGE_LOOP('',(#2967));
#527=EDGE_LOOP('',(#2968));
#528=EDGE_LOOP('',(#2969));
#529=EDGE_LOOP('',(#2970));
#530=EDGE_LOOP('',(#2971));
#531=EDGE_LOOP('',(#2972));
#532=EDGE_LOOP('',(#2973));
#533=EDGE_LOOP('',(#2974));
#534=EDGE_LOOP('',(#2975));
#535=EDGE_LOOP('',(#2976));
#536=EDGE_LOOP('',(#2977));
#537=EDGE_LOOP('',(#2978));
#538=EDGE_LOOP('',(#2979));
#539=EDGE_LOOP('',(#2980));
#540=EDGE_LOOP('',(#2981));
#541=EDGE_LOOP('',(#2982,#2983,#2984,#2985,#2986,#2987,#2988,#2989));
#542=EDGE_LOOP('',(#2990,#2991,#2992,#2993,#2994,#2995,#2996,#2997,#2998,
#2999,#3000,#3001,#3002,#3003,#3004,#3005,#3006,#3007,#3008,#3009,#3010,
#3011,#3012,#3013,#3014,#3015,#3016,#3017,#3018,#3019,#3020,#3021));
#543=EDGE_LOOP('',(#3022));
#544=EDGE_LOOP('',(#3023));
#545=EDGE_LOOP('',(#3024));
#546=EDGE_LOOP('',(#3025));
#547=EDGE_LOOP('',(#3026));
#548=EDGE_LOOP('',(#3027));
#549=EDGE_LOOP('',(#3028));
#550=EDGE_LOOP('',(#3029));
#551=EDGE_LOOP('',(#3030));
#552=EDGE_LOOP('',(#3031));
#553=EDGE_LOOP('',(#3032));
#554=EDGE_LOOP('',(#3033));
#555=EDGE_LOOP('',(#3034));
#556=EDGE_LOOP('',(#3035));
#557=EDGE_LOOP('',(#3036));
#558=EDGE_LOOP('',(#3037));
#559=EDGE_LOOP('',(#3038));
#560=EDGE_LOOP('',(#3039));
#561=EDGE_LOOP('',(#3040));
#562=EDGE_LOOP('',(#3041));
#563=EDGE_LOOP('',(#3042));
#564=EDGE_LOOP('',(#3043));
#565=EDGE_LOOP('',(#3044));
#566=EDGE_LOOP('',(#3045));
#567=EDGE_LOOP('',(#3046));
#568=EDGE_LOOP('',(#3047));
#569=EDGE_LOOP('',(#3048));
#570=EDGE_LOOP('',(#3049));
#571=EDGE_LOOP('',(#3050,#3051,#3052,#3053,#3054,#3055,#3056,#3057));
#572=EDGE_LOOP('',(#3058,#3059,#3060,#3061,#3062,#3063,#3064,#3065));
#573=EDGE_LOOP('',(#3066,#3067,#3068,#3069,#3070,#3071,#3072,#3073));
#574=EDGE_LOOP('',(#3074,#3075,#3076,#3077,#3078,#3079,#3080,#3081));
#575=EDGE_LOOP('',(#3082));
#576=EDGE_LOOP('',(#3083));
#577=EDGE_LOOP('',(#3084,#3085,#3086,#3087,#3088,#3089,#3090,#3091));
#578=EDGE_LOOP('',(#3092,#3093,#3094,#3095));
#579=EDGE_LOOP('',(#3096,#3097,#3098,#3099));
#580=EDGE_LOOP('',(#3100,#3101,#3102,#3103));
#581=EDGE_LOOP('',(#3104,#3105,#3106,#3107));
#582=EDGE_LOOP('',(#3108,#3109,#3110,#3111));
#583=EDGE_LOOP('',(#3112,#3113,#3114,#3115));
#584=EDGE_LOOP('',(#3116,#3117,#3118,#3119));
#585=EDGE_LOOP('',(#3120,#3121,#3122,#3123));
#586=EDGE_LOOP('',(#3124,#3125,#3126,#3127));
#587=EDGE_LOOP('',(#3128,#3129,#3130,#3131));
#588=EDGE_LOOP('',(#3132,#3133,#3134,#3135));
#589=EDGE_LOOP('',(#3136,#3137,#3138,#3139));
#590=EDGE_LOOP('',(#3140,#3141,#3142,#3143));
#591=EDGE_LOOP('',(#3144,#3145,#3146,#3147));
#592=EDGE_LOOP('',(#3148,#3149,#3150,#3151));
#593=EDGE_LOOP('',(#3152,#3153,#3154,#3155));
#594=EDGE_LOOP('',(#3156,#3157,#3158,#3159));
#595=EDGE_LOOP('',(#3160,#3161,#3162,#3163));
#596=EDGE_LOOP('',(#3164,#3165,#3166,#3167));
#597=EDGE_LOOP('',(#3168,#3169,#3170,#3171));
#598=EDGE_LOOP('',(#3172,#3173,#3174,#3175));
#599=EDGE_LOOP('',(#3176,#3177,#3178,#3179));
#600=EDGE_LOOP('',(#3180,#3181,#3182,#3183));
#601=EDGE_LOOP('',(#3184,#3185,#3186,#3187));
#602=EDGE_LOOP('',(#3188,#3189,#3190,#3191));
#603=EDGE_LOOP('',(#3192,#3193,#3194,#3195));
#604=EDGE_LOOP('',(#3196,#3197,#3198,#3199));
#605=EDGE_LOOP('',(#3200,#3201,#3202,#3203));
#606=EDGE_LOOP('',(#3204,#3205,#3206,#3207));
#607=EDGE_LOOP('',(#3208,#3209,#3210,#3211));
#608=EDGE_LOOP('',(#3212,#3213,#3214,#3215));
#609=EDGE_LOOP('',(#3216,#3217,#3218,#3219));
#610=EDGE_LOOP('',(#3220,#3221,#3222,#3223));
#611=EDGE_LOOP('',(#3224,#3225,#3226,#3227));
#612=EDGE_LOOP('',(#3228,#3229,#3230,#3231));
#613=EDGE_LOOP('',(#3232,#3233,#3234,#3235));
#614=EDGE_LOOP('',(#3236,#3237,#3238,#3239));
#615=EDGE_LOOP('',(#3240,#3241,#3242,#3243,#3244,#3245,#3246,#3247,#3248,
#3249,#3250,#3251,#3252,#3253,#3254,#3255,#3256,#3257,#3258,#3259));
#616=EDGE_LOOP('',(#3260,#3261,#3262,#3263));
#617=EDGE_LOOP('',(#3264,#3265,#3266,#3267));
#618=EDGE_LOOP('',(#3268,#3269,#3270,#3271,#3272,#3273,#3274,#3275,#3276,
#3277));
#619=EDGE_LOOP('',(#3278,#3279,#3280,#3281));
#620=EDGE_LOOP('',(#3282,#3283,#3284,#3285));
#621=EDGE_LOOP('',(#3286,#3287,#3288,#3289));
#622=EDGE_LOOP('',(#3290,#3291,#3292,#3293));
#623=EDGE_LOOP('',(#3294,#3295,#3296,#3297,#3298,#3299,#3300,#3301,#3302,
#3303));
#624=EDGE_LOOP('',(#3304,#3305,#3306,#3307));
#625=EDGE_LOOP('',(#3308,#3309,#3310,#3311));
#626=EDGE_LOOP('',(#3312,#3313,#3314,#3315));
#627=EDGE_LOOP('',(#3316,#3317,#3318,#3319));
#628=EDGE_LOOP('',(#3320,#3321,#3322,#3323));
#629=EDGE_LOOP('',(#3324,#3325,#3326,#3327,#3328,#3329));
#630=EDGE_LOOP('',(#3330,#3331,#3332,#3333));
#631=EDGE_LOOP('',(#3334,#3335,#3336,#3337));
#632=EDGE_LOOP('',(#3338,#3339,#3340,#3341));
#633=EDGE_LOOP('',(#3342,#3343,#3344,#3345));
#634=EDGE_LOOP('',(#3346,#3347,#3348,#3349));
#635=EDGE_LOOP('',(#3350));
#636=EDGE_LOOP('',(#3351));
#637=EDGE_LOOP('',(#3352,#3353,#3354,#3355,#3356,#3357));
#638=EDGE_LOOP('',(#3358));
#639=EDGE_LOOP('',(#3359,#3360,#3361,#3362));
#640=EDGE_LOOP('',(#3363));
#641=EDGE_LOOP('',(#3364));
#642=EDGE_LOOP('',(#3365,#3366,#3367,#3368,#3369,#3370));
#643=EDGE_LOOP('',(#3371));
#644=EDGE_LOOP('',(#3372,#3373,#3374,#3375));
#645=EDGE_LOOP('',(#3376,#3377,#3378,#3379));
#646=EDGE_LOOP('',(#3380,#3381,#3382,#3383));
#647=EDGE_LOOP('',(#3384,#3385,#3386,#3387));
#648=EDGE_LOOP('',(#3388,#3389,#3390,#3391));
#649=EDGE_LOOP('',(#3392));
#650=EDGE_LOOP('',(#3393));
#651=EDGE_LOOP('',(#3394,#3395,#3396,#3397));
#652=EDGE_LOOP('',(#3398,#3399,#3400,#3401));
#653=EDGE_LOOP('',(#3402,#3403,#3404,#3405));
#654=EDGE_LOOP('',(#3406,#3407,#3408,#3409));
#655=EDGE_LOOP('',(#3410,#3411,#3412,#3413));
#656=EDGE_LOOP('',(#3414,#3415,#3416,#3417,#3418,#3419));
#657=EDGE_LOOP('',(#3420));
#658=EDGE_LOOP('',(#3421,#3422,#3423,#3424));
#659=EDGE_LOOP('',(#3425));
#660=EDGE_LOOP('',(#3426));
#661=EDGE_LOOP('',(#3427,#3428,#3429,#3430));
#662=EDGE_LOOP('',(#3431,#3432,#3433,#3434));
#663=EDGE_LOOP('',(#3435,#3436,#3437,#3438));
#664=EDGE_LOOP('',(#3439,#3440,#3441,#3442));
#665=EDGE_LOOP('',(#3443,#3444,#3445,#3446));
#666=EDGE_LOOP('',(#3447,#3448,#3449,#3450,#3451,#3452));
#667=EDGE_LOOP('',(#3453));
#668=EDGE_LOOP('',(#3454,#3455,#3456,#3457));
#669=EDGE_LOOP('',(#3458,#3459,#3460,#3461));
#670=EDGE_LOOP('',(#3462,#3463,#3464,#3465));
#671=EDGE_LOOP('',(#3466,#3467,#3468,#3469));
#672=EDGE_LOOP('',(#3470,#3471,#3472,#3473));
#673=EDGE_LOOP('',(#3474));
#674=EDGE_LOOP('',(#3475));
#675=EDGE_LOOP('',(#3476,#3477,#3478,#3479,#3480,#3481));
#676=EDGE_LOOP('',(#3482));
#677=EDGE_LOOP('',(#3483,#3484,#3485,#3486));
#678=EDGE_LOOP('',(#3487));
#679=EDGE_LOOP('',(#3488));
#680=EDGE_LOOP('',(#3489,#3490,#3491,#3492,#3493,#3494));
#681=EDGE_LOOP('',(#3495));
#682=EDGE_LOOP('',(#3496,#3497,#3498,#3499,#3500,#3501,#3502,#3503,#3504,
#3505,#3506,#3507,#3508,#3509,#3510,#3511,#3512,#3513,#3514,#3515));
#683=EDGE_LOOP('',(#3516,#3517,#3518,#3519));
#684=EDGE_LOOP('',(#3520,#3521,#3522,#3523));
#685=EDGE_LOOP('',(#3524,#3525,#3526,#3527));
#686=EDGE_LOOP('',(#3528,#3529,#3530,#3531));
#687=EDGE_LOOP('',(#3532,#3533,#3534,#3535));
#688=EDGE_LOOP('',(#3536));
#689=EDGE_LOOP('',(#3537));
#690=EDGE_LOOP('',(#3538,#3539,#3540,#3541));
#691=EDGE_LOOP('',(#3542));
#692=EDGE_LOOP('',(#3543));
#693=EDGE_LOOP('',(#3544,#3545,#3546,#3547));
#694=EDGE_LOOP('',(#3548,#3549,#3550,#3551));
#695=EDGE_LOOP('',(#3552,#3553,#3554,#3555));
#696=EDGE_LOOP('',(#3556,#3557,#3558,#3559));
#697=EDGE_LOOP('',(#3560,#3561,#3562,#3563));
#698=EDGE_LOOP('',(#3564,#3565,#3566,#3567,#3568,#3569));
#699=EDGE_LOOP('',(#3570));
#700=EDGE_LOOP('',(#3571,#3572,#3573,#3574));
#701=EDGE_LOOP('',(#3575,#3576,#3577,#3578));
#702=EDGE_LOOP('',(#3579,#3580,#3581,#3582));
#703=EDGE_LOOP('',(#3583,#3584,#3585,#3586));
#704=EDGE_LOOP('',(#3587,#3588,#3589,#3590));
#705=EDGE_LOOP('',(#3591,#3592,#3593,#3594,#3595,#3596));
#706=EDGE_LOOP('',(#3597));
#707=EDGE_LOOP('',(#3598,#3599,#3600,#3601));
#708=EDGE_LOOP('',(#3602,#3603,#3604,#3605));
#709=EDGE_LOOP('',(#3606,#3607,#3608,#3609));
#710=EDGE_LOOP('',(#3610,#3611,#3612,#3613));
#711=EDGE_LOOP('',(#3614,#3615,#3616,#3617));
#712=EDGE_LOOP('',(#3618));
#713=EDGE_LOOP('',(#3619));
#714=EDGE_LOOP('',(#3620,#3621,#3622,#3623));
#715=EDGE_LOOP('',(#3624));
#716=EDGE_LOOP('',(#3625));
#717=EDGE_LOOP('',(#3626,#3627,#3628,#3629));
#718=EDGE_LOOP('',(#3630));
#719=EDGE_LOOP('',(#3631));
#720=EDGE_LOOP('',(#3632,#3633,#3634,#3635));
#721=EDGE_LOOP('',(#3636));
#722=EDGE_LOOP('',(#3637));
#723=EDGE_LOOP('',(#3638,#3639,#3640,#3641));
#724=EDGE_LOOP('',(#3642,#3643,#3644,#3645));
#725=EDGE_LOOP('',(#3646,#3647,#3648,#3649));
#726=EDGE_LOOP('',(#3650,#3651,#3652,#3653));
#727=EDGE_LOOP('',(#3654,#3655,#3656,#3657));
#728=EDGE_LOOP('',(#3658,#3659,#3660,#3661));
#729=EDGE_LOOP('',(#3662,#3663,#3664,#3665));
#730=EDGE_LOOP('',(#3666,#3667,#3668,#3669));
#731=EDGE_LOOP('',(#3670,#3671,#3672,#3673));
#732=EDGE_LOOP('',(#3674,#3675,#3676,#3677));
#733=EDGE_LOOP('',(#3678,#3679,#3680,#3681));
#734=EDGE_LOOP('',(#3682,#3683,#3684,#3685,#3686,#3687));
#735=EDGE_LOOP('',(#3688,#3689,#3690,#3691));
#736=EDGE_LOOP('',(#3692,#3693,#3694,#3695));
#737=EDGE_LOOP('',(#3696,#3697,#3698,#3699));
#738=EDGE_LOOP('',(#3700,#3701,#3702,#3703));
#739=EDGE_LOOP('',(#3704,#3705,#3706,#3707));
#740=EDGE_LOOP('',(#3708,#3709,#3710,#3711));
#741=EDGE_LOOP('',(#3712,#3713,#3714,#3715));
#742=EDGE_LOOP('',(#3716,#3717,#3718,#3719));
#743=EDGE_LOOP('',(#3720,#3721,#3722,#3723));
#744=EDGE_LOOP('',(#3724,#3725,#3726,#3727));
#745=EDGE_LOOP('',(#3728,#3729,#3730,#3731));
#746=EDGE_LOOP('',(#3732,#3733,#3734,#3735));
#747=EDGE_LOOP('',(#3736,#3737,#3738,#3739));
#748=EDGE_LOOP('',(#3740,#3741,#3742,#3743));
#749=EDGE_LOOP('',(#3744,#3745,#3746,#3747));
#750=EDGE_LOOP('',(#3748,#3749,#3750,#3751));
#751=EDGE_LOOP('',(#3752,#3753,#3754,#3755));
#752=EDGE_LOOP('',(#3756,#3757,#3758,#3759));
#753=EDGE_LOOP('',(#3760,#3761,#3762,#3763));
#754=EDGE_LOOP('',(#3764,#3765,#3766,#3767));
#755=EDGE_LOOP('',(#3768,#3769,#3770,#3771));
#756=EDGE_LOOP('',(#3772,#3773,#3774,#3775));
#757=EDGE_LOOP('',(#3776,#3777,#3778,#3779));
#758=EDGE_LOOP('',(#3780,#3781,#3782,#3783));
#759=EDGE_LOOP('',(#3784,#3785,#3786,#3787));
#760=EDGE_LOOP('',(#3788,#3789,#3790,#3791));
#761=EDGE_LOOP('',(#3792,#3793,#3794,#3795));
#762=EDGE_LOOP('',(#3796,#3797,#3798,#3799));
#763=EDGE_LOOP('',(#3800,#3801,#3802,#3803));
#764=EDGE_LOOP('',(#3804,#3805,#3806,#3807));
#765=EDGE_LOOP('',(#3808,#3809,#3810,#3811));
#766=EDGE_LOOP('',(#3812,#3813,#3814,#3815));
#767=EDGE_LOOP('',(#3816,#3817,#3818,#3819));
#768=EDGE_LOOP('',(#3820,#3821,#3822,#3823,#3824,#3825,#3826,#3827,#3828,
#3829,#3830,#3831,#3832,#3833,#3834,#3835,#3836,#3837,#3838,#3839,#3840,
#3841,#3842,#3843,#3844,#3845,#3846,#3847,#3848,#3849,#3850,#3851));
#769=EDGE_LOOP('',(#3852,#3853,#3854,#3855,#3856,#3857,#3858,#3859,#3860,
#3861,#3862,#3863,#3864,#3865,#3866,#3867,#3868,#3869,#3870,#3871,#3872,
#3873,#3874,#3875,#3876,#3877,#3878,#3879,#3880,#3881,#3882,#3883));
#770=LINE('',#5854,#1104);
#771=LINE('',#5857,#1105);
#772=LINE('',#5860,#1106);
#773=LINE('',#5862,#1107);
#774=LINE('',#5863,#1108);
#775=LINE('',#5869,#1109);
#776=LINE('',#5872,#1110);
#777=LINE('',#5874,#1111);
#778=LINE('',#5875,#1112);
#779=LINE('',#5880,#1113);
#780=LINE('',#5884,#1114);
#781=LINE('',#5886,#1115);
#782=LINE('',#5887,#1116);
#783=LINE('',#5892,#1117);
#784=LINE('',#5895,#1118);
#785=LINE('',#5896,#1119);
#786=LINE('',#5901,#1120);
#787=LINE('',#5907,#1121);
#788=LINE('',#5914,#1122);
#789=LINE('',#5917,#1123);
#790=LINE('',#5920,#1124);
#791=LINE('',#5922,#1125);
#792=LINE('',#5923,#1126);
#793=LINE('',#5928,#1127);
#794=LINE('',#5932,#1128);
#795=LINE('',#5934,#1129);
#796=LINE('',#5935,#1130);
#797=LINE('',#5940,#1131);
#798=LINE('',#5947,#1132);
#799=LINE('',#5950,#1133);
#800=LINE('',#5953,#1134);
#801=LINE('',#5955,#1135);
#802=LINE('',#5956,#1136);
#803=LINE('',#5961,#1137);
#804=LINE('',#5965,#1138);
#805=LINE('',#5967,#1139);
#806=LINE('',#5968,#1140);
#807=LINE('',#5973,#1141);
#808=LINE('',#5980,#1142);
#809=LINE('',#5983,#1143);
#810=LINE('',#5986,#1144);
#811=LINE('',#5988,#1145);
#812=LINE('',#5989,#1146);
#813=LINE('',#5994,#1147);
#814=LINE('',#5998,#1148);
#815=LINE('',#6000,#1149);
#816=LINE('',#6001,#1150);
#817=LINE('',#6006,#1151);
#818=LINE('',#6010,#1152);
#819=LINE('',#6016,#1153);
#820=LINE('',#6020,#1154);
#821=LINE('',#6022,#1155);
#822=LINE('',#6023,#1156);
#823=LINE('',#6028,#1157);
#824=LINE('',#6034,#1158);
#825=LINE('',#6038,#1159);
#826=LINE('',#6042,#1160);
#827=LINE('',#6044,#1161);
#828=LINE('',#6045,#1162);
#829=LINE('',#6050,#1163);
#830=LINE('',#6054,#1164);
#831=LINE('',#6056,#1165);
#832=LINE('',#6057,#1166);
#833=LINE('',#6062,#1167);
#834=LINE('',#6069,#1168);
#835=LINE('',#6072,#1169);
#836=LINE('',#6075,#1170);
#837=LINE('',#6077,#1171);
#838=LINE('',#6078,#1172);
#839=LINE('',#6083,#1173);
#840=LINE('',#6087,#1174);
#841=LINE('',#6089,#1175);
#842=LINE('',#6090,#1176);
#843=LINE('',#6095,#1177);
#844=LINE('',#6102,#1178);
#845=LINE('',#6105,#1179);
#846=LINE('',#6108,#1180);
#847=LINE('',#6110,#1181);
#848=LINE('',#6111,#1182);
#849=LINE('',#6116,#1183);
#850=LINE('',#6120,#1184);
#851=LINE('',#6122,#1185);
#852=LINE('',#6123,#1186);
#853=LINE('',#6128,#1187);
#854=LINE('',#6134,#1188);
#855=LINE('',#6138,#1189);
#856=LINE('',#6142,#1190);
#857=LINE('',#6146,#1191);
#858=LINE('',#6150,#1192);
#859=LINE('',#6154,#1193);
#860=LINE('',#6158,#1194);
#861=LINE('',#6162,#1195);
#862=LINE('',#6166,#1196);
#863=LINE('',#6170,#1197);
#864=LINE('',#6176,#1198);
#865=LINE('',#6182,#1199);
#866=LINE('',#6186,#1200);
#867=LINE('',#6190,#1201);
#868=LINE('',#6194,#1202);
#869=LINE('',#6198,#1203);
#870=LINE('',#6202,#1204);
#871=LINE('',#6206,#1205);
#872=LINE('',#6210,#1206);
#873=LINE('',#6213,#1207);
#874=LINE('',#6214,#1208);
#875=LINE('',#6215,#1209);
#876=LINE('',#6216,#1210);
#877=LINE('',#6217,#1211);
#878=LINE('',#6226,#1212);
#879=LINE('',#6230,#1213);
#880=LINE('',#6234,#1214);
#881=LINE('',#6238,#1215);
#882=LINE('',#6242,#1216);
#883=LINE('',#6246,#1217);
#884=LINE('',#6250,#1218);
#885=LINE('',#6254,#1219);
#886=LINE('',#6258,#1220);
#887=LINE('',#6262,#1221);
#888=LINE('',#6266,#1222);
#889=LINE('',#6270,#1223);
#890=LINE('',#6274,#1224);
#891=LINE('',#6278,#1225);
#892=LINE('',#6282,#1226);
#893=LINE('',#6286,#1227);
#894=LINE('',#6337,#1228);
#895=LINE('',#6353,#1229);
#896=LINE('',#6357,#1230);
#897=LINE('',#6373,#1231);
#898=LINE('',#6389,#1232);
#899=LINE('',#6405,#1233);
#900=LINE('',#6421,#1234);
#901=LINE('',#6425,#1235);
#902=LINE('',#6441,#1236);
#903=LINE('',#6457,#1237);
#904=LINE('',#6461,#1238);
#905=LINE('',#6477,#1239);
#906=LINE('',#6493,#1240);
#907=LINE('',#6509,#1241);
#908=LINE('',#6525,#1242);
#909=LINE('',#6528,#1243);
#910=LINE('',#6585,#1244);
#911=LINE('',#6589,#1245);
#912=LINE('',#6593,#1246);
#913=LINE('',#6597,#1247);
#914=LINE('',#6601,#1248);
#915=LINE('',#6605,#1249);
#916=LINE('',#6609,#1250);
#917=LINE('',#6613,#1251);
#918=LINE('',#6617,#1252);
#919=LINE('',#6621,#1253);
#920=LINE('',#6625,#1254);
#921=LINE('',#6629,#1255);
#922=LINE('',#6633,#1256);
#923=LINE('',#6637,#1257);
#924=LINE('',#6641,#1258);
#925=LINE('',#6645,#1259);
#926=LINE('',#6648,#1260);
#927=LINE('',#6650,#1261);
#928=LINE('',#6652,#1262);
#929=LINE('',#6654,#1263);
#930=LINE('',#6655,#1264);
#931=LINE('',#6657,#1265);
#932=LINE('',#6659,#1266);
#933=LINE('',#6661,#1267);
#934=LINE('',#6663,#1268);
#935=LINE('',#6665,#1269);
#936=LINE('',#6667,#1270);
#937=LINE('',#6670,#1271);
#938=LINE('',#6671,#1272);
#939=LINE('',#6673,#1273);
#940=LINE('',#6675,#1274);
#941=LINE('',#6677,#1275);
#942=LINE('',#6679,#1276);
#943=LINE('',#6681,#1277);
#944=LINE('',#6683,#1278);
#945=LINE('',#6686,#1279);
#946=LINE('',#6687,#1280);
#947=LINE('',#6689,#1281);
#948=LINE('',#6691,#1282);
#949=LINE('',#6693,#1283);
#950=LINE('',#6695,#1284);
#951=LINE('',#6697,#1285);
#952=LINE('',#6699,#1286);
#953=LINE('',#6702,#1287);
#954=LINE('',#6703,#1288);
#955=LINE('',#6705,#1289);
#956=LINE('',#6707,#1290);
#957=LINE('',#6709,#1291);
#958=LINE('',#6711,#1292);
#959=LINE('',#6713,#1293);
#960=LINE('',#6715,#1294);
#961=LINE('',#6718,#1295);
#962=LINE('',#6720,#1296);
#963=LINE('',#6723,#1297);
#964=LINE('',#6724,#1298);
#965=LINE('',#6725,#1299);
#966=LINE('',#6726,#1300);
#967=LINE('',#6728,#1301);
#968=LINE('',#6730,#1302);
#969=LINE('',#6731,#1303);
#970=LINE('',#6733,#1304);
#971=LINE('',#6735,#1305);
#972=LINE('',#6736,#1306);
#973=LINE('',#6738,#1307);
#974=LINE('',#6740,#1308);
#975=LINE('',#6743,#1309);
#976=LINE('',#6745,#1310);
#977=LINE('',#6749,#1311);
#978=LINE('',#6753,#1312);
#979=LINE('',#6754,#1313);
#980=LINE('',#6757,#1314);
#981=LINE('',#6760,#1315);
#982=LINE('',#6763,#1316);
#983=LINE('',#6764,#1317);
#984=LINE('',#6768,#1318);
#985=LINE('',#6772,#1319);
#986=LINE('',#6776,#1320);
#987=LINE('',#6780,#1321);
#988=LINE('',#6785,#1322);
#989=LINE('',#6787,#1323);
#990=LINE('',#6788,#1324);
#991=LINE('',#6791,#1325);
#992=LINE('',#6795,#1326);
#993=LINE('',#6796,#1327);
#994=LINE('',#6799,#1328);
#995=LINE('',#6803,#1329);
#996=LINE('',#6804,#1330);
#997=LINE('',#6807,#1331);
#998=LINE('',#6812,#1332);
#999=LINE('',#6816,#1333);
#1000=LINE('',#6820,#1334);
#1001=LINE('',#6824,#1335);
#1002=LINE('',#6828,#1336);
#1003=LINE('',#6834,#1337);
#1004=LINE('',#6840,#1338);
#1005=LINE('',#6844,#1339);
#1006=LINE('',#6848,#1340);
#1007=LINE('',#6852,#1341);
#1008=LINE('',#6856,#1342);
#1009=LINE('',#6860,#1343);
#1010=LINE('',#6863,#1344);
#1011=LINE('',#6866,#1345);
#1012=LINE('',#6867,#1346);
#1013=LINE('',#6872,#1347);
#1014=LINE('',#6875,#1348);
#1015=LINE('',#6880,#1349);
#1016=LINE('',#6884,#1350);
#1017=LINE('',#6887,#1351);
#1018=LINE('',#6890,#1352);
#1019=LINE('',#6891,#1353);
#1020=LINE('',#6896,#1354);
#1021=LINE('',#6899,#1355);
#1022=LINE('',#6904,#1356);
#1023=LINE('',#6908,#1357);
#1024=LINE('',#6912,#1358);
#1025=LINE('',#6916,#1359);
#1026=LINE('',#6920,#1360);
#1027=LINE('',#6923,#1361);
#1028=LINE('',#6927,#1362);
#1029=LINE('',#6930,#1363);
#1030=LINE('',#6933,#1364);
#1031=LINE('',#6934,#1365);
#1032=LINE('',#6936,#1366);
#1033=LINE('',#6938,#1367);
#1034=LINE('',#6939,#1368);
#1035=LINE('',#6941,#1369);
#1036=LINE('',#6943,#1370);
#1037=LINE('',#6944,#1371);
#1038=LINE('',#6948,#1372);
#1039=LINE('',#6952,#1373);
#1040=LINE('',#6956,#1374);
#1041=LINE('',#6960,#1375);
#1042=LINE('',#6964,#1376);
#1043=LINE('',#6969,#1377);
#1044=LINE('',#6973,#1378);
#1045=LINE('',#6976,#1379);
#1046=LINE('',#6979,#1380);
#1047=LINE('',#6980,#1381);
#1048=LINE('',#6986,#1382);
#1049=LINE('',#6988,#1383);
#1050=LINE('',#6992,#1384);
#1051=LINE('',#6995,#1385);
#1052=LINE('',#6998,#1386);
#1053=LINE('',#6999,#1387);
#1054=LINE('',#7005,#1388);
#1055=LINE('',#7007,#1389);
#1056=LINE('',#7012,#1390);
#1057=LINE('',#7016,#1391);
#1058=LINE('',#7020,#1392);
#1059=LINE('',#7024,#1393);
#1060=LINE('',#7028,#1394);
#1061=LINE('',#7033,#1395);
#1062=LINE('',#7038,#1396);
#1063=LINE('',#7043,#1397);
#1064=LINE('',#7047,#1398);
#1065=LINE('',#7050,#1399);
#1066=LINE('',#7053,#1400);
#1067=LINE('',#7054,#1401);
#1068=LINE('',#7060,#1402);
#1069=LINE('',#7063,#1403);
#1070=LINE('',#7064,#1404);
#1071=LINE('',#7068,#1405);
#1072=LINE('',#7070,#1406);
#1073=LINE('',#7074,#1407);
#1074=LINE('',#7077,#1408);
#1075=LINE('',#7078,#1409);
#1076=LINE('',#7082,#1410);
#1077=LINE('',#7084,#1411);
#1078=LINE('',#7088,#1412);
#1079=LINE('',#7090,#1413);
#1080=LINE('',#7093,#1414);
#1081=LINE('',#7096,#1415);
#1082=LINE('',#7103,#1416);
#1083=LINE('',#7106,#1417);
#1084=LINE('',#7109,#1418);
#1085=LINE('',#7116,#1419);
#1086=LINE('',#7119,#1420);
#1087=LINE('',#7122,#1421);
#1088=LINE('',#7129,#1422);
#1089=LINE('',#7132,#1423);
#1090=LINE('',#7135,#1424);
#1091=LINE('',#7142,#1425);
#1092=LINE('',#7196,#1426);
#1093=LINE('',#7295,#1427);
#1094=LINE('',#7399,#1428);
#1095=LINE('',#7498,#1429);
#1096=LINE('',#7597,#1430);
#1097=LINE('',#7701,#1431);
#1098=LINE('',#7748,#1432);
#1099=LINE('',#7750,#1433);
#1100=LINE('',#7752,#1434);
#1101=LINE('',#7754,#1435);
#1102=LINE('',#7756,#1436);
#1103=LINE('',#7758,#1437);
#1104=VECTOR('',#4660,10.);
#1105=VECTOR('',#4663,10.);
#1106=VECTOR('',#4666,10.);
#1107=VECTOR('',#4667,10.);
#1108=VECTOR('',#4668,10.);
#1109=VECTOR('',#4673,10.);
#1110=VECTOR('',#4676,10.);
#1111=VECTOR('',#4679,10.);
#1112=VECTOR('',#4680,10.);
#1113=VECTOR('',#4685,10.);
#1114=VECTOR('',#4690,10.);
#1115=VECTOR('',#4691,10.);
#1116=VECTOR('',#4692,10.);
#1117=VECTOR('',#4697,10.);
#1118=VECTOR('',#4702,10.);
#1119=VECTOR('',#4703,10.);
#1120=VECTOR('',#4708,1.25);
#1121=VECTOR('',#4715,1.25);
#1122=VECTOR('',#4722,10.);
#1123=VECTOR('',#4725,10.);
#1124=VECTOR('',#4728,10.);
#1125=VECTOR('',#4729,10.);
#1126=VECTOR('',#4730,10.);
#1127=VECTOR('',#4735,10.);
#1128=VECTOR('',#4740,10.);
#1129=VECTOR('',#4741,10.);
#1130=VECTOR('',#4742,10.);
#1131=VECTOR('',#4747,10.);
#1132=VECTOR('',#4754,10.);
#1133=VECTOR('',#4757,10.);
#1134=VECTOR('',#4760,10.);
#1135=VECTOR('',#4761,10.);
#1136=VECTOR('',#4762,10.);
#1137=VECTOR('',#4767,10.);
#1138=VECTOR('',#4772,10.);
#1139=VECTOR('',#4773,10.);
#1140=VECTOR('',#4774,10.);
#1141=VECTOR('',#4779,10.);
#1142=VECTOR('',#4786,10.);
#1143=VECTOR('',#4789,10.);
#1144=VECTOR('',#4792,10.);
#1145=VECTOR('',#4793,10.);
#1146=VECTOR('',#4794,10.);
#1147=VECTOR('',#4799,10.);
#1148=VECTOR('',#4804,10.);
#1149=VECTOR('',#4805,10.);
#1150=VECTOR('',#4806,10.);
#1151=VECTOR('',#4811,10.);
#1152=VECTOR('',#4814,10.);
#1153=VECTOR('',#4821,10.);
#1154=VECTOR('',#4826,10.);
#1155=VECTOR('',#4827,10.);
#1156=VECTOR('',#4828,10.);
#1157=VECTOR('',#4833,10.);
#1158=VECTOR('',#4840,10.);
#1159=VECTOR('',#4843,10.);
#1160=VECTOR('',#4848,10.);
#1161=VECTOR('',#4849,10.);
#1162=VECTOR('',#4850,10.);
#1163=VECTOR('',#4855,10.);
#1164=VECTOR('',#4860,10.);
#1165=VECTOR('',#4861,10.);
#1166=VECTOR('',#4862,10.);
#1167=VECTOR('',#4867,10.);
#1168=VECTOR('',#4874,10.);
#1169=VECTOR('',#4877,10.);
#1170=VECTOR('',#4880,10.);
#1171=VECTOR('',#4881,10.);
#1172=VECTOR('',#4882,10.);
#1173=VECTOR('',#4887,10.);
#1174=VECTOR('',#4892,10.);
#1175=VECTOR('',#4893,10.);
#1176=VECTOR('',#4894,10.);
#1177=VECTOR('',#4899,10.);
#1178=VECTOR('',#4906,10.);
#1179=VECTOR('',#4909,10.);
#1180=VECTOR('',#4912,10.);
#1181=VECTOR('',#4913,10.);
#1182=VECTOR('',#4914,10.);
#1183=VECTOR('',#4919,10.);
#1184=VECTOR('',#4924,10.);
#1185=VECTOR('',#4925,10.);
#1186=VECTOR('',#4926,10.);
#1187=VECTOR('',#4931,10.);
#1188=VECTOR('',#4938,1.25);
#1189=VECTOR('',#4943,10.);
#1190=VECTOR('',#4946,10.);
#1191=VECTOR('',#4949,10.);
#1192=VECTOR('',#4952,10.);
#1193=VECTOR('',#4955,10.);
#1194=VECTOR('',#4958,10.);
#1195=VECTOR('',#4961,10.);
#1196=VECTOR('',#4964,10.);
#1197=VECTOR('',#4967,10.);
#1198=VECTOR('',#4972,10.);
#1199=VECTOR('',#4977,10.);
#1200=VECTOR('',#4980,10.);
#1201=VECTOR('',#4983,10.);
#1202=VECTOR('',#4986,10.);
#1203=VECTOR('',#4989,10.);
#1204=VECTOR('',#4992,10.);
#1205=VECTOR('',#4995,10.);
#1206=VECTOR('',#4998,10.);
#1207=VECTOR('',#5001,10.);
#1208=VECTOR('',#5002,10.);
#1209=VECTOR('',#5003,10.);
#1210=VECTOR('',#5004,10.);
#1211=VECTOR('',#5005,10.);
#1212=VECTOR('',#5012,10.);
#1213=VECTOR('',#5015,10.);
#1214=VECTOR('',#5018,10.);
#1215=VECTOR('',#5021,10.);
#1216=VECTOR('',#5024,10.);
#1217=VECTOR('',#5027,10.);
#1218=VECTOR('',#5030,10.);
#1219=VECTOR('',#5033,10.);
#1220=VECTOR('',#5036,10.);
#1221=VECTOR('',#5039,10.);
#1222=VECTOR('',#5042,10.);
#1223=VECTOR('',#5045,10.);
#1224=VECTOR('',#5048,10.);
#1225=VECTOR('',#5051,10.);
#1226=VECTOR('',#5054,10.);
#1227=VECTOR('',#5057,10.);
#1228=VECTOR('',#5094,10.);
#1229=VECTOR('',#5095,10.);
#1230=VECTOR('',#5098,10.);
#1231=VECTOR('',#5099,10.);
#1232=VECTOR('',#5100,10.);
#1233=VECTOR('',#5101,10.);
#1234=VECTOR('',#5102,10.);
#1235=VECTOR('',#5105,10.);
#1236=VECTOR('',#5106,10.);
#1237=VECTOR('',#5107,10.);
#1238=VECTOR('',#5110,10.);
#1239=VECTOR('',#5111,10.);
#1240=VECTOR('',#5112,10.);
#1241=VECTOR('',#5113,10.);
#1242=VECTOR('',#5114,10.);
#1243=VECTOR('',#5117,10.);
#1244=VECTOR('',#5172,10.);
#1245=VECTOR('',#5175,10.);
#1246=VECTOR('',#5178,10.);
#1247=VECTOR('',#5181,10.);
#1248=VECTOR('',#5184,10.);
#1249=VECTOR('',#5187,10.);
#1250=VECTOR('',#5190,10.);
#1251=VECTOR('',#5193,10.);
#1252=VECTOR('',#5196,10.);
#1253=VECTOR('',#5199,10.);
#1254=VECTOR('',#5202,10.);
#1255=VECTOR('',#5205,10.);
#1256=VECTOR('',#5208,10.);
#1257=VECTOR('',#5211,10.);
#1258=VECTOR('',#5214,10.);
#1259=VECTOR('',#5217,10.);
#1260=VECTOR('',#5222,1.25);
#1261=VECTOR('',#5225,1.25);
#1262=VECTOR('',#5228,1.25);
#1263=VECTOR('',#5231,10.);
#1264=VECTOR('',#5232,10.);
#1265=VECTOR('',#5235,10.);
#1266=VECTOR('',#5238,10.);
#1267=VECTOR('',#5241,10.);
#1268=VECTOR('',#5244,10.);
#1269=VECTOR('',#5247,10.);
#1270=VECTOR('',#5250,10.);
#1271=VECTOR('',#5255,10.);
#1272=VECTOR('',#5256,10.);
#1273=VECTOR('',#5259,10.);
#1274=VECTOR('',#5262,10.);
#1275=VECTOR('',#5265,10.);
#1276=VECTOR('',#5268,10.);
#1277=VECTOR('',#5271,10.);
#1278=VECTOR('',#5274,10.);
#1279=VECTOR('',#5279,10.);
#1280=VECTOR('',#5280,10.);
#1281=VECTOR('',#5283,10.);
#1282=VECTOR('',#5286,10.);
#1283=VECTOR('',#5289,10.);
#1284=VECTOR('',#5292,10.);
#1285=VECTOR('',#5295,10.);
#1286=VECTOR('',#5298,10.);
#1287=VECTOR('',#5303,10.);
#1288=VECTOR('',#5304,10.);
#1289=VECTOR('',#5307,10.);
#1290=VECTOR('',#5310,10.);
#1291=VECTOR('',#5313,10.);
#1292=VECTOR('',#5316,10.);
#1293=VECTOR('',#5319,10.);
#1294=VECTOR('',#5322,10.);
#1295=VECTOR('',#5327,1.25);
#1296=VECTOR('',#5330,1.25);
#1297=VECTOR('',#5333,10.);
#1298=VECTOR('',#5334,10.);
#1299=VECTOR('',#5335,10.);
#1300=VECTOR('',#5336,10.);
#1301=VECTOR('',#5337,10.);
#1302=VECTOR('',#5338,10.);
#1303=VECTOR('',#5339,10.);
#1304=VECTOR('',#5340,10.);
#1305=VECTOR('',#5341,10.);
#1306=VECTOR('',#5342,10.);
#1307=VECTOR('',#5345,1.25);
#1308=VECTOR('',#5348,1.25);
#1309=VECTOR('',#5351,10.);
#1310=VECTOR('',#5352,10.);
#1311=VECTOR('',#5355,10.);
#1312=VECTOR('',#5360,10.);
#1313=VECTOR('',#5361,10.);
#1314=VECTOR('',#5364,10.);
#1315=VECTOR('',#5367,10.);
#1316=VECTOR('',#5370,10.);
#1317=VECTOR('',#5371,10.);
#1318=VECTOR('',#5376,10.);
#1319=VECTOR('',#5379,10.);
#1320=VECTOR('',#5382,10.);
#1321=VECTOR('',#5385,10.);
#1322=VECTOR('',#5392,10.);
#1323=VECTOR('',#5393,10.);
#1324=VECTOR('',#5394,10.);
#1325=VECTOR('',#5397,10.);
#1326=VECTOR('',#5402,10.);
#1327=VECTOR('',#5403,10.);
#1328=VECTOR('',#5406,10.);
#1329=VECTOR('',#5411,10.);
#1330=VECTOR('',#5412,10.);
#1331=VECTOR('',#5415,10.);
#1332=VECTOR('',#5422,1.25);
#1333=VECTOR('',#5427,1.25);
#1334=VECTOR('',#5432,1.25);
#1335=VECTOR('',#5437,1.25);
#1336=VECTOR('',#5442,3.);
#1337=VECTOR('',#5451,3.);
#1338=VECTOR('',#5460,1.25);
#1339=VECTOR('',#5465,1.25);
#1340=VECTOR('',#5470,1.25);
#1341=VECTOR('',#5475,1.25);
#1342=VECTOR('',#5480,3.);
#1343=VECTOR('',#5485,10.);
#1344=VECTOR('',#5488,10.);
#1345=VECTOR('',#5491,10.);
#1346=VECTOR('',#5492,10.);
#1347=VECTOR('',#5499,10.);
#1348=VECTOR('',#5504,10.);
#1349=VECTOR('',#5511,3.);
#1350=VECTOR('',#5516,10.);
#1351=VECTOR('',#5519,10.);
#1352=VECTOR('',#5522,10.);
#1353=VECTOR('',#5523,10.);
#1354=VECTOR('',#5530,10.);
#1355=VECTOR('',#5535,10.);
#1356=VECTOR('',#5542,1.25);
#1357=VECTOR('',#5547,1.25);
#1358=VECTOR('',#5552,1.25);
#1359=VECTOR('',#5557,1.25);
#1360=VECTOR('',#5562,3.);
#1361=VECTOR('',#5567,10.);
#1362=VECTOR('',#5572,3.);
#1363=VECTOR('',#5577,10.);
#1364=VECTOR('',#5580,10.);
#1365=VECTOR('',#5581,10.);
#1366=VECTOR('',#5582,10.);
#1367=VECTOR('',#5583,10.);
#1368=VECTOR('',#5584,10.);
#1369=VECTOR('',#5585,10.);
#1370=VECTOR('',#5586,10.);
#1371=VECTOR('',#5587,10.);
#1372=VECTOR('',#5592,1.25);
#1373=VECTOR('',#5597,1.25);
#1374=VECTOR('',#5602,1.25);
#1375=VECTOR('',#5607,1.25);
#1376=VECTOR('',#5612,3.);
#1377=VECTOR('',#5619,3.);
#1378=VECTOR('',#5624,10.);
#1379=VECTOR('',#5627,10.);
#1380=VECTOR('',#5630,10.);
#1381=VECTOR('',#5631,10.);
#1382=VECTOR('',#5640,10.);
#1383=VECTOR('',#5643,10.);
#1384=VECTOR('',#5648,10.);
#1385=VECTOR('',#5651,10.);
#1386=VECTOR('',#5654,10.);
#1387=VECTOR('',#5655,10.);
#1388=VECTOR('',#5664,10.);
#1389=VECTOR('',#5667,10.);
#1390=VECTOR('',#5674,1.25);
#1391=VECTOR('',#5679,1.25);
#1392=VECTOR('',#5684,1.25);
#1393=VECTOR('',#5689,1.25);
#1394=VECTOR('',#5694,2.75);
#1395=VECTOR('',#5701,2.75);
#1396=VECTOR('',#5708,2.75);
#1397=VECTOR('',#5715,2.75);
#1398=VECTOR('',#5720,10.);
#1399=VECTOR('',#5723,10.);
#1400=VECTOR('',#5726,10.);
#1401=VECTOR('',#5727,10.);
#1402=VECTOR('',#5736,10.);
#1403=VECTOR('',#5739,10.);
#1404=VECTOR('',#5740,10.);
#1405=VECTOR('',#5745,10.);
#1406=VECTOR('',#5748,10.);
#1407=VECTOR('',#5753,10.);
#1408=VECTOR('',#5756,10.);
#1409=VECTOR('',#5757,10.);
#1410=VECTOR('',#5762,10.);
#1411=VECTOR('',#5765,10.);
#1412=VECTOR('',#5770,10.);
#1413=VECTOR('',#5773,10.);
#1414=VECTOR('',#5776,10.);
#1415=VECTOR('',#5779,10.);
#1416=VECTOR('',#5782,10.);
#1417=VECTOR('',#5785,10.);
#1418=VECTOR('',#5788,10.);
#1419=VECTOR('',#5791,10.);
#1420=VECTOR('',#5794,10.);
#1421=VECTOR('',#5797,10.);
#1422=VECTOR('',#5800,10.);
#1423=VECTOR('',#5803,10.);
#1424=VECTOR('',#5806,10.);
#1425=VECTOR('',#5809,10.);
#1426=VECTOR('',#5812,10.);
#1427=VECTOR('',#5815,10.);
#1428=VECTOR('',#5818,10.);
#1429=VECTOR('',#5821,10.);
#1430=VECTOR('',#5824,10.);
#1431=VECTOR('',#5827,10.);
#1432=VECTOR('',#5830,10.);
#1433=VECTOR('',#5833,10.);
#1434=VECTOR('',#5836,10.);
#1435=VECTOR('',#5839,10.);
#1436=VECTOR('',#5842,10.);
#1437=VECTOR('',#5845,10.);
#1438=CIRCLE('',#4226,3.2);
#1439=CIRCLE('',#4227,3.2);
#1440=CIRCLE('',#4230,3.2);
#1441=CIRCLE('',#4231,3.2);
#1442=CIRCLE('',#4234,3.2);
#1443=CIRCLE('',#4235,3.2);
#1444=CIRCLE('',#4238,3.2);
#1445=CIRCLE('',#4239,3.2);
#1446=CIRCLE('',#4242,1.25);
#1447=CIRCLE('',#4243,1.25);
#1448=CIRCLE('',#4245,1.25);
#1449=CIRCLE('',#4246,1.25);
#1450=CIRCLE('',#4248,3.20000000000002);
#1451=CIRCLE('',#4249,3.20000000000002);
#1452=CIRCLE('',#4252,3.);
#1453=CIRCLE('',#4253,3.);
#1454=CIRCLE('',#4256,3.2);
#1455=CIRCLE('',#4257,3.2);
#1456=CIRCLE('',#4259,3.2);
#1457=CIRCLE('',#4260,3.2);
#1458=CIRCLE('',#4263,3.);
#1459=CIRCLE('',#4264,3.);
#1460=CIRCLE('',#4267,3.2);
#1461=CIRCLE('',#4268,3.2);
#1462=CIRCLE('',#4270,3.2);
#1463=CIRCLE('',#4271,3.2);
#1464=CIRCLE('',#4274,3.2);
#1465=CIRCLE('',#4275,3.2);
#1466=CIRCLE('',#4278,3.5);
#1467=CIRCLE('',#4279,3.5);
#1468=CIRCLE('',#4280,3.5);
#1469=CIRCLE('',#4282,4.99999999999999);
#1470=CIRCLE('',#4283,4.99999999999999);
#1471=CIRCLE('',#4286,5.);
#1472=CIRCLE('',#4287,5.);
#1473=CIRCLE('',#4289,3.49999999999996);
#1474=CIRCLE('',#4290,3.49999999999996);
#1475=CIRCLE('',#4291,3.49999999999996);
#1476=CIRCLE('',#4294,3.2);
#1477=CIRCLE('',#4295,3.2);
#1478=CIRCLE('',#4298,3.2);
#1479=CIRCLE('',#4299,3.2);
#1480=CIRCLE('',#4301,3.2);
#1481=CIRCLE('',#4302,3.2);
#1482=CIRCLE('',#4305,3.);
#1483=CIRCLE('',#4306,3.);
#1484=CIRCLE('',#4309,3.2);
#1485=CIRCLE('',#4310,3.2);
#1486=CIRCLE('',#4312,3.2);
#1487=CIRCLE('',#4313,3.2);
#1488=CIRCLE('',#4316,3.);
#1489=CIRCLE('',#4317,3.);
#1490=CIRCLE('',#4320,3.20000000000002);
#1491=CIRCLE('',#4321,3.20000000000002);
#1492=CIRCLE('',#4323,1.25);
#1493=CIRCLE('',#4324,1.25);
#1494=CIRCLE('',#4326,3.20000000000002);
#1495=CIRCLE('',#4327,3.);
#1496=CIRCLE('',#4328,3.2);
#1497=CIRCLE('',#4329,3.2);
#1498=CIRCLE('',#4330,3.);
#1499=CIRCLE('',#4331,3.2);
#1500=CIRCLE('',#4332,3.2);
#1501=CIRCLE('',#4333,3.2);
#1502=CIRCLE('',#4334,3.49999999999999);
#1503=CIRCLE('',#4335,4.99999999999999);
#1504=CIRCLE('',#4336,5.);
#1505=CIRCLE('',#4337,3.5);
#1506=CIRCLE('',#4338,3.2);
#1507=CIRCLE('',#4339,3.2);
#1508=CIRCLE('',#4340,3.2);
#1509=CIRCLE('',#4341,3.);
#1510=CIRCLE('',#4342,3.2);
#1511=CIRCLE('',#4343,3.2);
#1512=CIRCLE('',#4344,3.);
#1513=CIRCLE('',#4345,3.20000000000002);
#1514=CIRCLE('',#4346,1.25);
#1515=CIRCLE('',#4347,1.25);
#1516=CIRCLE('',#4348,1.25);
#1517=CIRCLE('',#4349,2.);
#1518=CIRCLE('',#4350,2.);
#1519=CIRCLE('',#4351,2.);
#1520=CIRCLE('',#4352,2.);
#1521=CIRCLE('',#4353,2.);
#1522=CIRCLE('',#4354,2.);
#1523=CIRCLE('',#4355,2.);
#1524=CIRCLE('',#4356,2.);
#1525=CIRCLE('',#4357,2.);
#1526=CIRCLE('',#4358,2.);
#1527=CIRCLE('',#4359,2.);
#1528=CIRCLE('',#4360,2.);
#1529=CIRCLE('',#4361,2.);
#1530=CIRCLE('',#4362,2.);
#1531=CIRCLE('',#4363,2.);
#1532=CIRCLE('',#4364,2.);
#1533=CIRCLE('',#4365,3.);
#1534=CIRCLE('',#4366,3.);
#1535=CIRCLE('',#4367,2.75);
#1536=CIRCLE('',#4368,2.75);
#1537=CIRCLE('',#4369,2.75);
#1538=CIRCLE('',#4370,2.75);
#1539=CIRCLE('',#4371,3.);
#1540=CIRCLE('',#4372,3.);
#1541=CIRCLE('',#4373,3.);
#1542=CIRCLE('',#4374,3.);
#1543=CIRCLE('',#4375,3.);
#1544=CIRCLE('',#4376,3.);
#1545=CIRCLE('',#4377,1.25);
#1546=CIRCLE('',#4378,1.25);
#1547=CIRCLE('',#4379,1.25);
#1548=CIRCLE('',#4380,1.25);
#1549=CIRCLE('',#4382,3.2);
#1550=CIRCLE('',#4383,3.2);
#1551=CIRCLE('',#4384,3.2);
#1552=CIRCLE('',#4385,3.2);
#1553=CIRCLE('',#4386,1.25);
#1554=CIRCLE('',#4387,1.25);
#1555=CIRCLE('',#4388,1.25);
#1556=CIRCLE('',#4389,1.25);
#1557=CIRCLE('',#4390,1.25);
#1558=CIRCLE('',#4391,1.25);
#1559=CIRCLE('',#4392,1.25);
#1560=CIRCLE('',#4393,1.25);
#1561=CIRCLE('',#4394,1.25);
#1562=CIRCLE('',#4395,1.25);
#1563=CIRCLE('',#4396,1.25);
#1564=CIRCLE('',#4397,1.25);
#1565=CIRCLE('',#4398,1.25);
#1566=CIRCLE('',#4399,1.25);
#1567=CIRCLE('',#4400,1.25);
#1568=CIRCLE('',#4401,1.25);
#1569=CIRCLE('',#4402,1.25);
#1570=CIRCLE('',#4403,1.25);
#1571=CIRCLE('',#4404,1.25);
#1572=CIRCLE('',#4405,1.25);
#1573=CIRCLE('',#4406,1.25);
#1574=CIRCLE('',#4407,1.25);
#1575=CIRCLE('',#4408,1.25);
#1576=CIRCLE('',#4409,1.25);
#1577=CIRCLE('',#4410,1.25);
#1578=CIRCLE('',#4411,1.25);
#1579=CIRCLE('',#4412,1.25);
#1580=CIRCLE('',#4413,2.);
#1581=CIRCLE('',#4414,2.);
#1582=CIRCLE('',#4415,2.);
#1583=CIRCLE('',#4416,2.);
#1584=CIRCLE('',#4417,2.);
#1585=CIRCLE('',#4418,2.);
#1586=CIRCLE('',#4419,2.);
#1587=CIRCLE('',#4420,2.);
#1588=CIRCLE('',#4421,2.);
#1589=CIRCLE('',#4422,2.);
#1590=CIRCLE('',#4423,2.);
#1591=CIRCLE('',#4424,2.);
#1592=CIRCLE('',#4425,2.);
#1593=CIRCLE('',#4426,2.);
#1594=CIRCLE('',#4427,2.);
#1595=CIRCLE('',#4428,2.);
#1596=CIRCLE('',#4470,3.2);
#1597=CIRCLE('',#4471,3.2);
#1598=CIRCLE('',#4474,4.99999999999999);
#1599=CIRCLE('',#4477,5.);
#1600=CIRCLE('',#4479,3.2);
#1601=CIRCLE('',#4480,3.2);
#1602=CIRCLE('',#4481,3.5);
#1603=CIRCLE('',#4482,3.49999999999999);
#1604=CIRCLE('',#4485,3.2);
#1605=CIRCLE('',#4488,3.2);
#1606=CIRCLE('',#4491,3.49999999999999);
#1607=CIRCLE('',#4493,1.25);
#1608=CIRCLE('',#4495,1.25);
#1609=CIRCLE('',#4497,1.25);
#1610=CIRCLE('',#4499,1.25);
#1611=CIRCLE('',#4501,3.);
#1612=CIRCLE('',#4505,3.);
#1613=CIRCLE('',#4509,1.25);
#1614=CIRCLE('',#4511,1.25);
#1615=CIRCLE('',#4513,1.25);
#1616=CIRCLE('',#4515,1.25);
#1617=CIRCLE('',#4517,3.);
#1618=CIRCLE('',#4520,3.);
#1619=CIRCLE('',#4523,3.2);
#1620=CIRCLE('',#4525,3.2);
#1621=CIRCLE('',#4529,3.);
#1622=CIRCLE('',#4532,3.);
#1623=CIRCLE('',#4535,3.2);
#1624=CIRCLE('',#4537,3.20000000000002);
#1625=CIRCLE('',#4541,1.25);
#1626=CIRCLE('',#4543,1.25);
#1627=CIRCLE('',#4545,1.25);
#1628=CIRCLE('',#4547,1.25);
#1629=CIRCLE('',#4549,3.);
#1630=CIRCLE('',#4553,3.);
#1631=CIRCLE('',#4558,1.25);
#1632=CIRCLE('',#4560,1.25);
#1633=CIRCLE('',#4562,1.25);
#1634=CIRCLE('',#4564,1.25);
#1635=CIRCLE('',#4566,3.);
#1636=CIRCLE('',#4569,3.);
#1637=CIRCLE('',#4572,3.);
#1638=CIRCLE('',#4575,3.2);
#1639=CIRCLE('',#4577,3.20000000000002);
#1640=CIRCLE('',#4581,3.);
#1641=CIRCLE('',#4584,3.2);
#1642=CIRCLE('',#4586,3.2);
#1643=CIRCLE('',#4590,1.25);
#1644=CIRCLE('',#4592,1.25);
#1645=CIRCLE('',#4594,1.25);
#1646=CIRCLE('',#4596,1.25);
#1647=CIRCLE('',#4598,2.75);
#1648=CIRCLE('',#4601,2.75);
#1649=CIRCLE('',#4604,2.75);
#1650=CIRCLE('',#4607,2.75);
#1651=CIRCLE('',#4610,3.2);
#1652=CIRCLE('',#4613,3.2);
#1653=CIRCLE('',#4615,3.2);
#1654=CIRCLE('',#4618,3.2);
#1655=CIRCLE('',#4621,3.2);
#1656=CIRCLE('',#4624,3.2);
#1657=CIRCLE('',#4627,3.5);
#1658=CIRCLE('',#4630,3.2);
#1659=CIRCLE('',#4633,3.2);
#1660=CIRCLE('',#4636,3.2);
#1661=CIRCLE('',#4639,3.2);
#1662=VERTEX_POINT('',#5850);
#1663=VERTEX_POINT('',#5851);
#1664=VERTEX_POINT('',#5853);
#1665=VERTEX_POINT('',#5855);
#1666=VERTEX_POINT('',#5859);
#1667=VERTEX_POINT('',#5861);
#1668=VERTEX_POINT('',#5865);
#1669=VERTEX_POINT('',#5866);
#1670=VERTEX_POINT('',#5868);
#1671=VERTEX_POINT('',#5870);
#1672=VERTEX_POINT('',#5877);
#1673=VERTEX_POINT('',#5879);
#1674=VERTEX_POINT('',#5883);
#1675=VERTEX_POINT('',#5885);
#1676=VERTEX_POINT('',#5889);
#1677=VERTEX_POINT('',#5891);
#1678=VERTEX_POINT('',#5898);
#1679=VERTEX_POINT('',#5900);
#1680=VERTEX_POINT('',#5904);
#1681=VERTEX_POINT('',#5906);
#1682=VERTEX_POINT('',#5910);
#1683=VERTEX_POINT('',#5911);
#1684=VERTEX_POINT('',#5913);
#1685=VERTEX_POINT('',#5915);
#1686=VERTEX_POINT('',#5919);
#1687=VERTEX_POINT('',#5921);
#1688=VERTEX_POINT('',#5925);
#1689=VERTEX_POINT('',#5927);
#1690=VERTEX_POINT('',#5931);
#1691=VERTEX_POINT('',#5933);
#1692=VERTEX_POINT('',#5937);
#1693=VERTEX_POINT('',#5939);
#1694=VERTEX_POINT('',#5943);
#1695=VERTEX_POINT('',#5944);
#1696=VERTEX_POINT('',#5946);
#1697=VERTEX_POINT('',#5948);
#1698=VERTEX_POINT('',#5952);
#1699=VERTEX_POINT('',#5954);
#1700=VERTEX_POINT('',#5958);
#1701=VERTEX_POINT('',#5960);
#1702=VERTEX_POINT('',#5964);
#1703=VERTEX_POINT('',#5966);
#1704=VERTEX_POINT('',#5970);
#1705=VERTEX_POINT('',#5972);
#1706=VERTEX_POINT('',#5976);
#1707=VERTEX_POINT('',#5977);
#1708=VERTEX_POINT('',#5979);
#1709=VERTEX_POINT('',#5981);
#1710=VERTEX_POINT('',#5985);
#1711=VERTEX_POINT('',#5987);
#1712=VERTEX_POINT('',#5991);
#1713=VERTEX_POINT('',#5993);
#1714=VERTEX_POINT('',#5997);
#1715=VERTEX_POINT('',#5999);
#1716=VERTEX_POINT('',#6003);
#1717=VERTEX_POINT('',#6005);
#1718=VERTEX_POINT('',#6007);
#1719=VERTEX_POINT('',#6009);
#1720=VERTEX_POINT('',#6013);
#1721=VERTEX_POINT('',#6015);
#1722=VERTEX_POINT('',#6019);
#1723=VERTEX_POINT('',#6021);
#1724=VERTEX_POINT('',#6025);
#1725=VERTEX_POINT('',#6027);
#1726=VERTEX_POINT('',#6031);
#1727=VERTEX_POINT('',#6033);
#1728=VERTEX_POINT('',#6035);
#1729=VERTEX_POINT('',#6037);
#1730=VERTEX_POINT('',#6041);
#1731=VERTEX_POINT('',#6043);
#1732=VERTEX_POINT('',#6047);
#1733=VERTEX_POINT('',#6049);
#1734=VERTEX_POINT('',#6053);
#1735=VERTEX_POINT('',#6055);
#1736=VERTEX_POINT('',#6059);
#1737=VERTEX_POINT('',#6061);
#1738=VERTEX_POINT('',#6065);
#1739=VERTEX_POINT('',#6066);
#1740=VERTEX_POINT('',#6068);
#1741=VERTEX_POINT('',#6070);
#1742=VERTEX_POINT('',#6074);
#1743=VERTEX_POINT('',#6076);
#1744=VERTEX_POINT('',#6080);
#1745=VERTEX_POINT('',#6082);
#1746=VERTEX_POINT('',#6086);
#1747=VERTEX_POINT('',#6088);
#1748=VERTEX_POINT('',#6092);
#1749=VERTEX_POINT('',#6094);
#1750=VERTEX_POINT('',#6098);
#1751=VERTEX_POINT('',#6099);
#1752=VERTEX_POINT('',#6101);
#1753=VERTEX_POINT('',#6103);
#1754=VERTEX_POINT('',#6107);
#1755=VERTEX_POINT('',#6109);
#1756=VERTEX_POINT('',#6113);
#1757=VERTEX_POINT('',#6115);
#1758=VERTEX_POINT('',#6119);
#1759=VERTEX_POINT('',#6121);
#1760=VERTEX_POINT('',#6125);
#1761=VERTEX_POINT('',#6127);
#1762=VERTEX_POINT('',#6131);
#1763=VERTEX_POINT('',#6133);
#1764=VERTEX_POINT('',#6137);
#1765=VERTEX_POINT('',#6139);
#1766=VERTEX_POINT('',#6141);
#1767=VERTEX_POINT('',#6143);
#1768=VERTEX_POINT('',#6145);
#1769=VERTEX_POINT('',#6147);
#1770=VERTEX_POINT('',#6149);
#1771=VERTEX_POINT('',#6151);
#1772=VERTEX_POINT('',#6153);
#1773=VERTEX_POINT('',#6155);
#1774=VERTEX_POINT('',#6157);
#1775=VERTEX_POINT('',#6159);
#1776=VERTEX_POINT('',#6161);
#1777=VERTEX_POINT('',#6163);
#1778=VERTEX_POINT('',#6165);
#1779=VERTEX_POINT('',#6167);
#1780=VERTEX_POINT('',#6169);
#1781=VERTEX_POINT('',#6171);
#1782=VERTEX_POINT('',#6173);
#1783=VERTEX_POINT('',#6175);
#1784=VERTEX_POINT('',#6177);
#1785=VERTEX_POINT('',#6179);
#1786=VERTEX_POINT('',#6181);
#1787=VERTEX_POINT('',#6183);
#1788=VERTEX_POINT('',#6185);
#1789=VERTEX_POINT('',#6187);
#1790=VERTEX_POINT('',#6189);
#1791=VERTEX_POINT('',#6191);
#1792=VERTEX_POINT('',#6193);
#1793=VERTEX_POINT('',#6195);
#1794=VERTEX_POINT('',#6197);
#1795=VERTEX_POINT('',#6199);
#1796=VERTEX_POINT('',#6201);
#1797=VERTEX_POINT('',#6203);
#1798=VERTEX_POINT('',#6205);
#1799=VERTEX_POINT('',#6207);
#1800=VERTEX_POINT('',#6209);
#1801=VERTEX_POINT('',#6211);
#1802=VERTEX_POINT('',#6218);
#1803=VERTEX_POINT('',#6220);
#1804=VERTEX_POINT('',#6222);
#1805=VERTEX_POINT('',#6224);
#1806=VERTEX_POINT('',#6225);
#1807=VERTEX_POINT('',#6227);
#1808=VERTEX_POINT('',#6229);
#1809=VERTEX_POINT('',#6231);
#1810=VERTEX_POINT('',#6233);
#1811=VERTEX_POINT('',#6235);
#1812=VERTEX_POINT('',#6237);
#1813=VERTEX_POINT('',#6240);
#1814=VERTEX_POINT('',#6241);
#1815=VERTEX_POINT('',#6243);
#1816=VERTEX_POINT('',#6245);
#1817=VERTEX_POINT('',#6247);
#1818=VERTEX_POINT('',#6249);
#1819=VERTEX_POINT('',#6251);
#1820=VERTEX_POINT('',#6253);
#1821=VERTEX_POINT('',#6256);
#1822=VERTEX_POINT('',#6257);
#1823=VERTEX_POINT('',#6259);
#1824=VERTEX_POINT('',#6261);
#1825=VERTEX_POINT('',#6263);
#1826=VERTEX_POINT('',#6265);
#1827=VERTEX_POINT('',#6267);
#1828=VERTEX_POINT('',#6269);
#1829=VERTEX_POINT('',#6272);
#1830=VERTEX_POINT('',#6273);
#1831=VERTEX_POINT('',#6275);
#1832=VERTEX_POINT('',#6277);
#1833=VERTEX_POINT('',#6279);
#1834=VERTEX_POINT('',#6281);
#1835=VERTEX_POINT('',#6283);
#1836=VERTEX_POINT('',#6285);
#1837=VERTEX_POINT('',#6288);
#1838=VERTEX_POINT('',#6290);
#1839=VERTEX_POINT('',#6292);
#1840=VERTEX_POINT('',#6294);
#1841=VERTEX_POINT('',#6296);
#1842=VERTEX_POINT('',#6298);
#1843=VERTEX_POINT('',#6300);
#1844=VERTEX_POINT('',#6302);
#1845=VERTEX_POINT('',#6304);
#1846=VERTEX_POINT('',#6306);
#1847=VERTEX_POINT('',#6308);
#1848=VERTEX_POINT('',#6310);
#1849=VERTEX_POINT('',#6312);
#1850=VERTEX_POINT('',#6314);
#1851=VERTEX_POINT('',#6316);
#1852=VERTEX_POINT('',#6318);
#1853=VERTEX_POINT('',#6321);
#1854=VERTEX_POINT('',#6322);
#1855=VERTEX_POINT('',#6336);
#1856=VERTEX_POINT('',#6338);
#1857=VERTEX_POINT('',#6352);
#1858=VERTEX_POINT('',#6354);
#1859=VERTEX_POINT('',#6356);
#1860=VERTEX_POINT('',#6358);
#1861=VERTEX_POINT('',#6372);
#1862=VERTEX_POINT('',#6374);
#1863=VERTEX_POINT('',#6388);
#1864=VERTEX_POINT('',#6390);
#1865=VERTEX_POINT('',#6404);
#1866=VERTEX_POINT('',#6406);
#1867=VERTEX_POINT('',#6420);
#1868=VERTEX_POINT('',#6422);
#1869=VERTEX_POINT('',#6424);
#1870=VERTEX_POINT('',#6426);
#1871=VERTEX_POINT('',#6440);
#1872=VERTEX_POINT('',#6442);
#1873=VERTEX_POINT('',#6456);
#1874=VERTEX_POINT('',#6458);
#1875=VERTEX_POINT('',#6460);
#1876=VERTEX_POINT('',#6462);
#1877=VERTEX_POINT('',#6476);
#1878=VERTEX_POINT('',#6478);
#1879=VERTEX_POINT('',#6492);
#1880=VERTEX_POINT('',#6494);
#1881=VERTEX_POINT('',#6508);
#1882=VERTEX_POINT('',#6510);
#1883=VERTEX_POINT('',#6524);
#1884=VERTEX_POINT('',#6526);
#1885=VERTEX_POINT('',#6529);
#1886=VERTEX_POINT('',#6531);
#1887=VERTEX_POINT('',#6533);
#1888=VERTEX_POINT('',#6535);
#1889=VERTEX_POINT('',#6537);
#1890=VERTEX_POINT('',#6539);
#1891=VERTEX_POINT('',#6541);
#1892=VERTEX_POINT('',#6543);
#1893=VERTEX_POINT('',#6545);
#1894=VERTEX_POINT('',#6547);
#1895=VERTEX_POINT('',#6549);
#1896=VERTEX_POINT('',#6551);
#1897=VERTEX_POINT('',#6553);
#1898=VERTEX_POINT('',#6555);
#1899=VERTEX_POINT('',#6557);
#1900=VERTEX_POINT('',#6559);
#1901=VERTEX_POINT('',#6561);
#1902=VERTEX_POINT('',#6563);
#1903=VERTEX_POINT('',#6565);
#1904=VERTEX_POINT('',#6567);
#1905=VERTEX_POINT('',#6569);
#1906=VERTEX_POINT('',#6571);
#1907=VERTEX_POINT('',#6573);
#1908=VERTEX_POINT('',#6575);
#1909=VERTEX_POINT('',#6577);
#1910=VERTEX_POINT('',#6579);
#1911=VERTEX_POINT('',#6581);
#1912=VERTEX_POINT('',#6583);
#1913=VERTEX_POINT('',#6584);
#1914=VERTEX_POINT('',#6586);
#1915=VERTEX_POINT('',#6588);
#1916=VERTEX_POINT('',#6590);
#1917=VERTEX_POINT('',#6592);
#1918=VERTEX_POINT('',#6594);
#1919=VERTEX_POINT('',#6596);
#1920=VERTEX_POINT('',#6599);
#1921=VERTEX_POINT('',#6600);
#1922=VERTEX_POINT('',#6602);
#1923=VERTEX_POINT('',#6604);
#1924=VERTEX_POINT('',#6606);
#1925=VERTEX_POINT('',#6608);
#1926=VERTEX_POINT('',#6610);
#1927=VERTEX_POINT('',#6612);
#1928=VERTEX_POINT('',#6615);
#1929=VERTEX_POINT('',#6616);
#1930=VERTEX_POINT('',#6618);
#1931=VERTEX_POINT('',#6620);
#1932=VERTEX_POINT('',#6622);
#1933=VERTEX_POINT('',#6624);
#1934=VERTEX_POINT('',#6626);
#1935=VERTEX_POINT('',#6628);
#1936=VERTEX_POINT('',#6631);
#1937=VERTEX_POINT('',#6632);
#1938=VERTEX_POINT('',#6634);
#1939=VERTEX_POINT('',#6636);
#1940=VERTEX_POINT('',#6638);
#1941=VERTEX_POINT('',#6640);
#1942=VERTEX_POINT('',#6642);
#1943=VERTEX_POINT('',#6644);
#1944=VERTEX_POINT('',#6722);
#1945=VERTEX_POINT('',#6727);
#1946=VERTEX_POINT('',#6729);
#1947=VERTEX_POINT('',#6732);
#1948=VERTEX_POINT('',#6734);
#1949=VERTEX_POINT('',#6742);
#1950=VERTEX_POINT('',#6744);
#1951=VERTEX_POINT('',#6746);
#1952=VERTEX_POINT('',#6748);
#1953=VERTEX_POINT('',#6752);
#1954=VERTEX_POINT('',#6756);
#1955=VERTEX_POINT('',#6758);
#1956=VERTEX_POINT('',#6762);
#1957=VERTEX_POINT('',#6766);
#1958=VERTEX_POINT('',#6770);
#1959=VERTEX_POINT('',#6771);
#1960=VERTEX_POINT('',#6773);
#1961=VERTEX_POINT('',#6775);
#1962=VERTEX_POINT('',#6777);
#1963=VERTEX_POINT('',#6779);
#1964=VERTEX_POINT('',#6784);
#1965=VERTEX_POINT('',#6786);
#1966=VERTEX_POINT('',#6790);
#1967=VERTEX_POINT('',#6794);
#1968=VERTEX_POINT('',#6798);
#1969=VERTEX_POINT('',#6802);
#1970=VERTEX_POINT('',#6806);
#1971=VERTEX_POINT('',#6810);
#1972=VERTEX_POINT('',#6814);
#1973=VERTEX_POINT('',#6818);
#1974=VERTEX_POINT('',#6822);
#1975=VERTEX_POINT('',#6826);
#1976=VERTEX_POINT('',#6832);
#1977=VERTEX_POINT('',#6838);
#1978=VERTEX_POINT('',#6842);
#1979=VERTEX_POINT('',#6846);
#1980=VERTEX_POINT('',#6850);
#1981=VERTEX_POINT('',#6854);
#1982=VERTEX_POINT('',#6859);
#1983=VERTEX_POINT('',#6861);
#1984=VERTEX_POINT('',#6865);
#1985=VERTEX_POINT('',#6871);
#1986=VERTEX_POINT('',#6878);
#1987=VERTEX_POINT('',#6883);
#1988=VERTEX_POINT('',#6885);
#1989=VERTEX_POINT('',#6889);
#1990=VERTEX_POINT('',#6895);
#1991=VERTEX_POINT('',#6902);
#1992=VERTEX_POINT('',#6906);
#1993=VERTEX_POINT('',#6910);
#1994=VERTEX_POINT('',#6914);
#1995=VERTEX_POINT('',#6918);
#1996=VERTEX_POINT('',#6925);
#1997=VERTEX_POINT('',#6932);
#1998=VERTEX_POINT('',#6935);
#1999=VERTEX_POINT('',#6937);
#2000=VERTEX_POINT('',#6940);
#2001=VERTEX_POINT('',#6942);
#2002=VERTEX_POINT('',#6946);
#2003=VERTEX_POINT('',#6950);
#2004=VERTEX_POINT('',#6954);
#2005=VERTEX_POINT('',#6958);
#2006=VERTEX_POINT('',#6962);
#2007=VERTEX_POINT('',#6967);
#2008=VERTEX_POINT('',#6972);
#2009=VERTEX_POINT('',#6974);
#2010=VERTEX_POINT('',#6978);
#2011=VERTEX_POINT('',#6984);
#2012=VERTEX_POINT('',#6991);
#2013=VERTEX_POINT('',#6993);
#2014=VERTEX_POINT('',#6997);
#2015=VERTEX_POINT('',#7003);
#2016=VERTEX_POINT('',#7010);
#2017=VERTEX_POINT('',#7014);
#2018=VERTEX_POINT('',#7018);
#2019=VERTEX_POINT('',#7022);
#2020=VERTEX_POINT('',#7026);
#2021=VERTEX_POINT('',#7031);
#2022=VERTEX_POINT('',#7036);
#2023=VERTEX_POINT('',#7041);
#2024=VERTEX_POINT('',#7046);
#2025=VERTEX_POINT('',#7048);
#2026=VERTEX_POINT('',#7052);
#2027=VERTEX_POINT('',#7058);
#2028=VERTEX_POINT('',#7062);
#2029=VERTEX_POINT('',#7066);
#2030=VERTEX_POINT('',#7072);
#2031=VERTEX_POINT('',#7076);
#2032=VERTEX_POINT('',#7080);
#2033=VERTEX_POINT('',#7086);
#2034=VERTEX_POINT('',#7092);
#2035=VERTEX_POINT('',#7094);
#2036=VERTEX_POINT('',#7098);
#2037=VERTEX_POINT('',#7105);
#2038=VERTEX_POINT('',#7107);
#2039=VERTEX_POINT('',#7111);
#2040=VERTEX_POINT('',#7118);
#2041=VERTEX_POINT('',#7120);
#2042=VERTEX_POINT('',#7124);
#2043=VERTEX_POINT('',#7131);
#2044=VERTEX_POINT('',#7133);
#2045=VERTEX_POINT('',#7137);
#2046=VERTEX_POINT('',#7171);
#2047=VERTEX_POINT('',#7172);
#2048=VERTEX_POINT('',#7195);
#2049=VERTEX_POINT('',#7270);
#2050=VERTEX_POINT('',#7271);
#2051=VERTEX_POINT('',#7294);
#2052=VERTEX_POINT('',#7328);
#2053=VERTEX_POINT('',#7374);
#2054=VERTEX_POINT('',#7375);
#2055=VERTEX_POINT('',#7398);
#2056=VERTEX_POINT('',#7473);
#2057=VERTEX_POINT('',#7474);
#2058=VERTEX_POINT('',#7497);
#2059=VERTEX_POINT('',#7572);
#2060=VERTEX_POINT('',#7573);
#2061=VERTEX_POINT('',#7596);
#2062=VERTEX_POINT('',#7630);
#2063=VERTEX_POINT('',#7676);
#2064=VERTEX_POINT('',#7677);
#2065=VERTEX_POINT('',#7700);
#2066=EDGE_CURVE('',#1662,#1663,#1438,.T.);
#2067=EDGE_CURVE('',#1663,#1664,#770,.T.);
#2068=EDGE_CURVE('',#1664,#1665,#1439,.T.);
#2069=EDGE_CURVE('',#1665,#1662,#771,.T.);
#2070=EDGE_CURVE('',#1666,#1663,#772,.T.);
#2071=EDGE_CURVE('',#1667,#1666,#773,.T.);
#2072=EDGE_CURVE('',#1664,#1667,#774,.T.);
#2073=EDGE_CURVE('',#1668,#1669,#1440,.T.);
#2074=EDGE_CURVE('',#1669,#1670,#775,.T.);
#2075=EDGE_CURVE('',#1670,#1671,#1441,.T.);
#2076=EDGE_CURVE('',#1671,#1668,#776,.T.);
#2077=EDGE_CURVE('',#1670,#1665,#777,.T.);
#2078=EDGE_CURVE('',#1662,#1669,#778,.T.);
#2079=EDGE_CURVE('',#1666,#1672,#1442,.T.);
#2080=EDGE_CURVE('',#1672,#1673,#779,.T.);
#2081=EDGE_CURVE('',#1673,#1667,#1443,.T.);
#2082=EDGE_CURVE('',#1674,#1672,#780,.T.);
#2083=EDGE_CURVE('',#1675,#1674,#781,.T.);
#2084=EDGE_CURVE('',#1673,#1675,#782,.T.);
#2085=EDGE_CURVE('',#1674,#1676,#1444,.T.);
#2086=EDGE_CURVE('',#1676,#1677,#783,.T.);
#2087=EDGE_CURVE('',#1677,#1675,#1445,.T.);
#2088=EDGE_CURVE('',#1677,#1671,#784,.T.);
#2089=EDGE_CURVE('',#1668,#1676,#785,.T.);
#2090=EDGE_CURVE('',#1678,#1678,#1446,.T.);
#2091=EDGE_CURVE('',#1678,#1679,#786,.T.);
#2092=EDGE_CURVE('',#1679,#1679,#1447,.T.);
#2093=EDGE_CURVE('',#1680,#1680,#1448,.T.);
#2094=EDGE_CURVE('',#1680,#1681,#787,.T.);
#2095=EDGE_CURVE('',#1681,#1681,#1449,.T.);
#2096=EDGE_CURVE('',#1682,#1683,#1450,.T.);
#2097=EDGE_CURVE('',#1683,#1684,#788,.T.);
#2098=EDGE_CURVE('',#1684,#1685,#1451,.T.);
#2099=EDGE_CURVE('',#1682,#1685,#789,.T.);
#2100=EDGE_CURVE('',#1683,#1686,#790,.T.);
#2101=EDGE_CURVE('',#1686,#1687,#791,.T.);
#2102=EDGE_CURVE('',#1687,#1684,#792,.T.);
#2103=EDGE_CURVE('',#1686,#1688,#1452,.T.);
#2104=EDGE_CURVE('',#1688,#1689,#793,.T.);
#2105=EDGE_CURVE('',#1689,#1687,#1453,.T.);
#2106=EDGE_CURVE('',#1688,#1690,#794,.T.);
#2107=EDGE_CURVE('',#1690,#1691,#795,.T.);
#2108=EDGE_CURVE('',#1691,#1689,#796,.T.);
#2109=EDGE_CURVE('',#1690,#1692,#1454,.T.);
#2110=EDGE_CURVE('',#1692,#1693,#797,.T.);
#2111=EDGE_CURVE('',#1693,#1691,#1455,.T.);
#2112=EDGE_CURVE('',#1694,#1695,#1456,.T.);
#2113=EDGE_CURVE('',#1695,#1696,#798,.T.);
#2114=EDGE_CURVE('',#1696,#1697,#1457,.T.);
#2115=EDGE_CURVE('',#1694,#1697,#799,.T.);
#2116=EDGE_CURVE('',#1695,#1698,#800,.T.);
#2117=EDGE_CURVE('',#1698,#1699,#801,.T.);
#2118=EDGE_CURVE('',#1699,#1696,#802,.T.);
#2119=EDGE_CURVE('',#1698,#1700,#1458,.T.);
#2120=EDGE_CURVE('',#1700,#1701,#803,.T.);
#2121=EDGE_CURVE('',#1701,#1699,#1459,.T.);
#2122=EDGE_CURVE('',#1700,#1702,#804,.T.);
#2123=EDGE_CURVE('',#1702,#1703,#805,.T.);
#2124=EDGE_CURVE('',#1703,#1701,#806,.T.);
#2125=EDGE_CURVE('',#1702,#1704,#1460,.T.);
#2126=EDGE_CURVE('',#1704,#1705,#807,.T.);
#2127=EDGE_CURVE('',#1705,#1703,#1461,.T.);
#2128=EDGE_CURVE('',#1706,#1707,#1462,.T.);
#2129=EDGE_CURVE('',#1708,#1707,#808,.T.);
#2130=EDGE_CURVE('',#1709,#1708,#1463,.T.);
#2131=EDGE_CURVE('',#1709,#1706,#809,.T.);
#2132=EDGE_CURVE('',#1707,#1710,#810,.T.);
#2133=EDGE_CURVE('',#1711,#1710,#811,.T.);
#2134=EDGE_CURVE('',#1708,#1711,#812,.T.);
#2135=EDGE_CURVE('',#1710,#1712,#1464,.T.);
#2136=EDGE_CURVE('',#1713,#1712,#813,.T.);
#2137=EDGE_CURVE('',#1711,#1713,#1465,.T.);
#2138=EDGE_CURVE('',#1712,#1714,#814,.T.);
#2139=EDGE_CURVE('',#1715,#1714,#815,.T.);
#2140=EDGE_CURVE('',#1713,#1715,#816,.T.);
#2141=EDGE_CURVE('',#1714,#1716,#1466,.T.);
#2142=EDGE_CURVE('',#1717,#1716,#817,.T.);
#2143=EDGE_CURVE('',#1717,#1718,#1467,.T.);
#2144=EDGE_CURVE('',#1719,#1718,#818,.T.);
#2145=EDGE_CURVE('',#1715,#1719,#1468,.T.);
#2146=EDGE_CURVE('',#1716,#1720,#1469,.T.);
#2147=EDGE_CURVE('',#1720,#1721,#819,.T.);
#2148=EDGE_CURVE('',#1721,#1717,#1470,.T.);
#2149=EDGE_CURVE('',#1720,#1722,#820,.T.);
#2150=EDGE_CURVE('',#1722,#1723,#821,.T.);
#2151=EDGE_CURVE('',#1723,#1721,#822,.T.);
#2152=EDGE_CURVE('',#1722,#1724,#1471,.T.);
#2153=EDGE_CURVE('',#1725,#1724,#823,.T.);
#2154=EDGE_CURVE('',#1725,#1723,#1472,.T.);
#2155=EDGE_CURVE('',#1724,#1726,#1473,.T.);
#2156=EDGE_CURVE('',#1727,#1726,#824,.T.);
#2157=EDGE_CURVE('',#1728,#1727,#1474,.T.);
#2158=EDGE_CURVE('',#1728,#1729,#825,.T.);
#2159=EDGE_CURVE('',#1729,#1725,#1475,.T.);
#2160=EDGE_CURVE('',#1726,#1730,#826,.T.);
#2161=EDGE_CURVE('',#1731,#1730,#827,.T.);
#2162=EDGE_CURVE('',#1727,#1731,#828,.T.);
#2163=EDGE_CURVE('',#1730,#1732,#1476,.T.);
#2164=EDGE_CURVE('',#1733,#1732,#829,.T.);
#2165=EDGE_CURVE('',#1731,#1733,#1477,.T.);
#2166=EDGE_CURVE('',#1732,#1734,#830,.T.);
#2167=EDGE_CURVE('',#1735,#1734,#831,.T.);
#2168=EDGE_CURVE('',#1733,#1735,#832,.T.);
#2169=EDGE_CURVE('',#1734,#1736,#1478,.T.);
#2170=EDGE_CURVE('',#1737,#1736,#833,.T.);
#2171=EDGE_CURVE('',#1735,#1737,#1479,.T.);
#2172=EDGE_CURVE('',#1738,#1739,#1480,.T.);
#2173=EDGE_CURVE('',#1739,#1740,#834,.T.);
#2174=EDGE_CURVE('',#1741,#1740,#1481,.T.);
#2175=EDGE_CURVE('',#1741,#1738,#835,.T.);
#2176=EDGE_CURVE('',#1739,#1742,#836,.T.);
#2177=EDGE_CURVE('',#1742,#1743,#837,.T.);
#2178=EDGE_CURVE('',#1740,#1743,#838,.T.);
#2179=EDGE_CURVE('',#1742,#1744,#1482,.T.);
#2180=EDGE_CURVE('',#1744,#1745,#839,.T.);
#2181=EDGE_CURVE('',#1743,#1745,#1483,.T.);
#2182=EDGE_CURVE('',#1744,#1746,#840,.T.);
#2183=EDGE_CURVE('',#1746,#1747,#841,.T.);
#2184=EDGE_CURVE('',#1745,#1747,#842,.T.);
#2185=EDGE_CURVE('',#1746,#1748,#1484,.T.);
#2186=EDGE_CURVE('',#1749,#1748,#843,.T.);
#2187=EDGE_CURVE('',#1747,#1749,#1485,.T.);
#2188=EDGE_CURVE('',#1750,#1751,#1486,.T.);
#2189=EDGE_CURVE('',#1751,#1752,#844,.T.);
#2190=EDGE_CURVE('',#1753,#1752,#1487,.T.);
#2191=EDGE_CURVE('',#1753,#1750,#845,.T.);
#2192=EDGE_CURVE('',#1751,#1754,#846,.T.);
#2193=EDGE_CURVE('',#1754,#1755,#847,.T.);
#2194=EDGE_CURVE('',#1752,#1755,#848,.T.);
#2195=EDGE_CURVE('',#1754,#1756,#1488,.T.);
#2196=EDGE_CURVE('',#1756,#1757,#849,.T.);
#2197=EDGE_CURVE('',#1755,#1757,#1489,.T.);
#2198=EDGE_CURVE('',#1756,#1758,#850,.T.);
#2199=EDGE_CURVE('',#1758,#1759,#851,.T.);
#2200=EDGE_CURVE('',#1757,#1759,#852,.T.);
#2201=EDGE_CURVE('',#1758,#1760,#1490,.T.);
#2202=EDGE_CURVE('',#1761,#1760,#853,.T.);
#2203=EDGE_CURVE('',#1759,#1761,#1491,.T.);
#2204=EDGE_CURVE('',#1762,#1762,#1492,.T.);
#2205=EDGE_CURVE('',#1762,#1763,#854,.T.);
#2206=EDGE_CURVE('',#1763,#1763,#1493,.T.);
#2207=EDGE_CURVE('',#1764,#1682,#855,.T.);
#2208=EDGE_CURVE('',#1765,#1764,#1494,.T.);
#2209=EDGE_CURVE('',#1766,#1765,#856,.T.);
#2210=EDGE_CURVE('',#1767,#1766,#1495,.T.);
#2211=EDGE_CURVE('',#1768,#1767,#857,.T.);
#2212=EDGE_CURVE('',#1769,#1768,#1496,.T.);
#2213=EDGE_CURVE('',#1770,#1769,#858,.T.);
#2214=EDGE_CURVE('',#1771,#1770,#1497,.T.);
#2215=EDGE_CURVE('',#1772,#1771,#859,.T.);
#2216=EDGE_CURVE('',#1773,#1772,#1498,.T.);
#2217=EDGE_CURVE('',#1774,#1773,#860,.T.);
#2218=EDGE_CURVE('',#1775,#1774,#1499,.T.);
#2219=EDGE_CURVE('',#1776,#1775,#861,.T.);
#2220=EDGE_CURVE('',#1777,#1776,#1500,.T.);
#2221=EDGE_CURVE('',#1778,#1777,#862,.T.);
#2222=EDGE_CURVE('',#1779,#1778,#1501,.T.);
#2223=EDGE_CURVE('',#1780,#1779,#863,.T.);
#2224=EDGE_CURVE('',#1781,#1780,#1502,.T.);
#2225=EDGE_CURVE('',#1782,#1781,#1503,.T.);
#2226=EDGE_CURVE('',#1783,#1782,#864,.T.);
#2227=EDGE_CURVE('',#1784,#1783,#1504,.T.);
#2228=EDGE_CURVE('',#1785,#1784,#1505,.T.);
#2229=EDGE_CURVE('',#1786,#1785,#865,.T.);
#2230=EDGE_CURVE('',#1787,#1786,#1506,.T.);
#2231=EDGE_CURVE('',#1788,#1787,#866,.T.);
#2232=EDGE_CURVE('',#1789,#1788,#1507,.T.);
#2233=EDGE_CURVE('',#1790,#1789,#867,.T.);
#2234=EDGE_CURVE('',#1791,#1790,#1508,.T.);
#2235=EDGE_CURVE('',#1792,#1791,#868,.T.);
#2236=EDGE_CURVE('',#1793,#1792,#1509,.T.);
#2237=EDGE_CURVE('',#1794,#1793,#869,.T.);
#2238=EDGE_CURVE('',#1795,#1794,#1510,.T.);
#2239=EDGE_CURVE('',#1796,#1795,#870,.T.);
#2240=EDGE_CURVE('',#1797,#1796,#1511,.T.);
#2241=EDGE_CURVE('',#1798,#1797,#871,.T.);
#2242=EDGE_CURVE('',#1799,#1798,#1512,.T.);
#2243=EDGE_CURVE('',#1800,#1799,#872,.T.);
#2244=EDGE_CURVE('',#1801,#1800,#1513,.T.);
#2245=EDGE_CURVE('',#1760,#1801,#873,.T.);
#2246=EDGE_CURVE('',#1748,#1750,#874,.T.);
#2247=EDGE_CURVE('',#1736,#1738,#875,.T.);
#2248=EDGE_CURVE('',#1704,#1706,#876,.T.);
#2249=EDGE_CURVE('',#1692,#1694,#877,.T.);
#2250=EDGE_CURVE('',#1802,#1802,#1514,.T.);
#2251=EDGE_CURVE('',#1803,#1803,#1515,.T.);
#2252=EDGE_CURVE('',#1804,#1804,#1516,.T.);
#2253=EDGE_CURVE('',#1805,#1806,#878,.T.);
#2254=EDGE_CURVE('',#1806,#1807,#1517,.T.);
#2255=EDGE_CURVE('',#1807,#1808,#879,.T.);
#2256=EDGE_CURVE('',#1808,#1809,#1518,.T.);
#2257=EDGE_CURVE('',#1809,#1810,#880,.T.);
#2258=EDGE_CURVE('',#1810,#1811,#1519,.T.);
#2259=EDGE_CURVE('',#1811,#1812,#881,.T.);
#2260=EDGE_CURVE('',#1812,#1805,#1520,.T.);
#2261=EDGE_CURVE('',#1813,#1814,#882,.T.);
#2262=EDGE_CURVE('',#1814,#1815,#1521,.T.);
#2263=EDGE_CURVE('',#1815,#1816,#883,.T.);
#2264=EDGE_CURVE('',#1816,#1817,#1522,.T.);
#2265=EDGE_CURVE('',#1817,#1818,#884,.T.);
#2266=EDGE_CURVE('',#1818,#1819,#1523,.T.);
#2267=EDGE_CURVE('',#1819,#1820,#885,.T.);
#2268=EDGE_CURVE('',#1820,#1813,#1524,.T.);
#2269=EDGE_CURVE('',#1821,#1822,#886,.T.);
#2270=EDGE_CURVE('',#1822,#1823,#1525,.T.);
#2271=EDGE_CURVE('',#1823,#1824,#887,.T.);
#2272=EDGE_CURVE('',#1824,#1825,#1526,.T.);
#2273=EDGE_CURVE('',#1825,#1826,#888,.T.);
#2274=EDGE_CURVE('',#1826,#1827,#1527,.T.);
#2275=EDGE_CURVE('',#1827,#1828,#889,.T.);
#2276=EDGE_CURVE('',#1828,#1821,#1528,.T.);
#2277=EDGE_CURVE('',#1829,#1830,#890,.T.);
#2278=EDGE_CURVE('',#1830,#1831,#1529,.T.);
#2279=EDGE_CURVE('',#1831,#1832,#891,.T.);
#2280=EDGE_CURVE('',#1832,#1833,#1530,.T.);
#2281=EDGE_CURVE('',#1833,#1834,#892,.T.);
#2282=EDGE_CURVE('',#1834,#1835,#1531,.T.);
#2283=EDGE_CURVE('',#1835,#1836,#893,.T.);
#2284=EDGE_CURVE('',#1836,#1829,#1532,.T.);
#2285=EDGE_CURVE('',#1837,#1837,#1533,.T.);
#2286=EDGE_CURVE('',#1838,#1838,#1534,.T.);
#2287=EDGE_CURVE('',#1839,#1839,#1535,.T.);
#2288=EDGE_CURVE('',#1840,#1840,#1536,.T.);
#2289=EDGE_CURVE('',#1841,#1841,#1537,.T.);
#2290=EDGE_CURVE('',#1842,#1842,#1538,.T.);
#2291=EDGE_CURVE('',#1843,#1843,#1539,.T.);
#2292=EDGE_CURVE('',#1844,#1844,#1540,.T.);
#2293=EDGE_CURVE('',#1845,#1845,#1541,.T.);
#2294=EDGE_CURVE('',#1846,#1846,#1542,.T.);
#2295=EDGE_CURVE('',#1847,#1847,#1543,.T.);
#2296=EDGE_CURVE('',#1848,#1848,#1544,.T.);
#2297=EDGE_CURVE('',#1849,#1849,#1545,.T.);
#2298=EDGE_CURVE('',#1850,#1850,#1546,.T.);
#2299=EDGE_CURVE('',#1851,#1851,#1547,.T.);
#2300=EDGE_CURVE('',#1852,#1852,#1548,.T.);
#2301=EDGE_CURVE('',#1853,#1854,#27,.T.);
#2302=EDGE_CURVE('',#1855,#1853,#894,.T.);
#2303=EDGE_CURVE('',#1856,#1855,#28,.T.);
#2304=EDGE_CURVE('',#1856,#1857,#895,.T.);
#2305=EDGE_CURVE('',#1858,#1857,#1549,.T.);
#2306=EDGE_CURVE('',#1859,#1858,#896,.T.);
#2307=EDGE_CURVE('',#1860,#1859,#29,.T.);
#2308=EDGE_CURVE('',#1861,#1860,#897,.T.);
#2309=EDGE_CURVE('',#1862,#1861,#30,.T.);
#2310=EDGE_CURVE('',#1863,#1862,#898,.T.);
#2311=EDGE_CURVE('',#1864,#1863,#31,.T.);
#2312=EDGE_CURVE('',#1865,#1864,#899,.T.);
#2313=EDGE_CURVE('',#1866,#1865,#32,.T.);
#2314=EDGE_CURVE('',#1867,#1866,#900,.T.);
#2315=EDGE_CURVE('',#1868,#1867,#1550,.T.);
#2316=EDGE_CURVE('',#1869,#1868,#901,.T.);
#2317=EDGE_CURVE('',#1870,#1869,#33,.T.);
#2318=EDGE_CURVE('',#1871,#1870,#902,.T.);
#2319=EDGE_CURVE('',#1872,#1871,#34,.T.);
#2320=EDGE_CURVE('',#1873,#1872,#903,.T.);
#2321=EDGE_CURVE('',#1874,#1873,#1551,.T.);
#2322=EDGE_CURVE('',#1875,#1874,#904,.T.);
#2323=EDGE_CURVE('',#1876,#1875,#35,.T.);
#2324=EDGE_CURVE('',#1877,#1876,#905,.T.);
#2325=EDGE_CURVE('',#1878,#1877,#36,.T.);
#2326=EDGE_CURVE('',#1879,#1878,#906,.T.);
#2327=EDGE_CURVE('',#1880,#1879,#37,.T.);
#2328=EDGE_CURVE('',#1881,#1880,#907,.T.);
#2329=EDGE_CURVE('',#1882,#1881,#38,.T.);
#2330=EDGE_CURVE('',#1883,#1882,#908,.T.);
#2331=EDGE_CURVE('',#1884,#1883,#1552,.T.);
#2332=EDGE_CURVE('',#1854,#1884,#909,.T.);
#2333=EDGE_CURVE('',#1885,#1885,#1553,.T.);
#2334=EDGE_CURVE('',#1886,#1886,#1554,.T.);
#2335=EDGE_CURVE('',#1887,#1887,#1555,.T.);
#2336=EDGE_CURVE('',#1888,#1888,#1556,.T.);
#2337=EDGE_CURVE('',#1889,#1889,#1557,.T.);
#2338=EDGE_CURVE('',#1890,#1890,#1558,.T.);
#2339=EDGE_CURVE('',#1891,#1891,#1559,.T.);
#2340=EDGE_CURVE('',#1892,#1892,#1560,.T.);
#2341=EDGE_CURVE('',#1893,#1893,#1561,.T.);
#2342=EDGE_CURVE('',#1894,#1894,#1562,.T.);
#2343=EDGE_CURVE('',#1895,#1895,#1563,.T.);
#2344=EDGE_CURVE('',#1896,#1896,#1564,.T.);
#2345=EDGE_CURVE('',#1897,#1897,#1565,.T.);
#2346=EDGE_CURVE('',#1898,#1898,#1566,.T.);
#2347=EDGE_CURVE('',#1899,#1899,#1567,.T.);
#2348=EDGE_CURVE('',#1900,#1900,#1568,.T.);
#2349=EDGE_CURVE('',#1901,#1901,#1569,.T.);
#2350=EDGE_CURVE('',#1902,#1902,#1570,.T.);
#2351=EDGE_CURVE('',#1903,#1903,#1571,.T.);
#2352=EDGE_CURVE('',#1904,#1904,#1572,.T.);
#2353=EDGE_CURVE('',#1905,#1905,#1573,.T.);
#2354=EDGE_CURVE('',#1906,#1906,#1574,.T.);
#2355=EDGE_CURVE('',#1907,#1907,#1575,.T.);
#2356=EDGE_CURVE('',#1908,#1908,#1576,.T.);
#2357=EDGE_CURVE('',#1909,#1909,#1577,.T.);
#2358=EDGE_CURVE('',#1910,#1910,#1578,.T.);
#2359=EDGE_CURVE('',#1911,#1911,#1579,.T.);
#2360=EDGE_CURVE('',#1912,#1913,#910,.T.);
#2361=EDGE_CURVE('',#1914,#1913,#1580,.T.);
#2362=EDGE_CURVE('',#1914,#1915,#911,.T.);
#2363=EDGE_CURVE('',#1916,#1915,#1581,.T.);
#2364=EDGE_CURVE('',#1916,#1917,#912,.T.);
#2365=EDGE_CURVE('',#1918,#1917,#1582,.T.);
#2366=EDGE_CURVE('',#1918,#1919,#913,.T.);
#2367=EDGE_CURVE('',#1912,#1919,#1583,.T.);
#2368=EDGE_CURVE('',#1920,#1921,#914,.T.);
#2369=EDGE_CURVE('',#1922,#1921,#1584,.T.);
#2370=EDGE_CURVE('',#1922,#1923,#915,.T.);
#2371=EDGE_CURVE('',#1924,#1923,#1585,.T.);
#2372=EDGE_CURVE('',#1924,#1925,#916,.T.);
#2373=EDGE_CURVE('',#1926,#1925,#1586,.T.);
#2374=EDGE_CURVE('',#1926,#1927,#917,.T.);
#2375=EDGE_CURVE('',#1920,#1927,#1587,.T.);
#2376=EDGE_CURVE('',#1928,#1929,#918,.T.);
#2377=EDGE_CURVE('',#1930,#1929,#1588,.T.);
#2378=EDGE_CURVE('',#1930,#1931,#919,.T.);
#2379=EDGE_CURVE('',#1932,#1931,#1589,.T.);
#2380=EDGE_CURVE('',#1932,#1933,#920,.T.);
#2381=EDGE_CURVE('',#1934,#1933,#1590,.T.);
#2382=EDGE_CURVE('',#1934,#1935,#921,.T.);
#2383=EDGE_CURVE('',#1928,#1935,#1591,.T.);
#2384=EDGE_CURVE('',#1936,#1937,#922,.T.);
#2385=EDGE_CURVE('',#1938,#1937,#1592,.T.);
#2386=EDGE_CURVE('',#1938,#1939,#923,.T.);
#2387=EDGE_CURVE('',#1940,#1939,#1593,.T.);
#2388=EDGE_CURVE('',#1940,#1941,#924,.T.);
#2389=EDGE_CURVE('',#1942,#1941,#1594,.T.);
#2390=EDGE_CURVE('',#1942,#1943,#925,.T.);
#2391=EDGE_CURVE('',#1936,#1943,#1595,.T.);
#2392=EDGE_CURVE('',#1851,#1887,#926,.T.);
#2393=EDGE_CURVE('',#1852,#1886,#927,.T.);
#2394=EDGE_CURVE('',#1802,#1885,#928,.T.);
#2395=EDGE_CURVE('',#1943,#1807,#929,.T.);
#2396=EDGE_CURVE('',#1806,#1936,#930,.T.);
#2397=EDGE_CURVE('',#1808,#1942,#931,.T.);
#2398=EDGE_CURVE('',#1941,#1809,#932,.T.);
#2399=EDGE_CURVE('',#1810,#1940,#933,.T.);
#2400=EDGE_CURVE('',#1939,#1811,#934,.T.);
#2401=EDGE_CURVE('',#1812,#1938,#935,.T.);
#2402=EDGE_CURVE('',#1937,#1805,#936,.T.);
#2403=EDGE_CURVE('',#1933,#1817,#937,.T.);
#2404=EDGE_CURVE('',#1816,#1934,#938,.T.);
#2405=EDGE_CURVE('',#1818,#1932,#939,.T.);
#2406=EDGE_CURVE('',#1931,#1819,#940,.T.);
#2407=EDGE_CURVE('',#1820,#1930,#941,.T.);
#2408=EDGE_CURVE('',#1929,#1813,#942,.T.);
#2409=EDGE_CURVE('',#1814,#1928,#943,.T.);
#2410=EDGE_CURVE('',#1935,#1815,#944,.T.);
#2411=EDGE_CURVE('',#1915,#1835,#945,.T.);
#2412=EDGE_CURVE('',#1834,#1916,#946,.T.);
#2413=EDGE_CURVE('',#1836,#1914,#947,.T.);
#2414=EDGE_CURVE('',#1913,#1829,#948,.T.);
#2415=EDGE_CURVE('',#1830,#1912,#949,.T.);
#2416=EDGE_CURVE('',#1919,#1831,#950,.T.);
#2417=EDGE_CURVE('',#1832,#1918,#951,.T.);
#2418=EDGE_CURVE('',#1917,#1833,#952,.T.);
#2419=EDGE_CURVE('',#1927,#1823,#953,.T.);
#2420=EDGE_CURVE('',#1822,#1920,#954,.T.);
#2421=EDGE_CURVE('',#1824,#1926,#955,.T.);
#2422=EDGE_CURVE('',#1925,#1825,#956,.T.);
#2423=EDGE_CURVE('',#1826,#1924,#957,.T.);
#2424=EDGE_CURVE('',#1923,#1827,#958,.T.);
#2425=EDGE_CURVE('',#1828,#1922,#959,.T.);
#2426=EDGE_CURVE('',#1921,#1821,#960,.T.);
#2427=EDGE_CURVE('',#1850,#1891,#961,.T.);
#2428=EDGE_CURVE('',#1849,#1889,#962,.T.);
#2429=EDGE_CURVE('',#1944,#1789,#963,.T.);
#2430=EDGE_CURVE('',#1737,#1944,#964,.T.);
#2431=EDGE_CURVE('',#1741,#1749,#965,.T.);
#2432=EDGE_CURVE('',#1753,#1761,#966,.T.);
#2433=EDGE_CURVE('',#1801,#1945,#967,.T.);
#2434=EDGE_CURVE('',#1945,#1946,#968,.T.);
#2435=EDGE_CURVE('',#1796,#1946,#969,.T.);
#2436=EDGE_CURVE('',#1795,#1947,#970,.T.);
#2437=EDGE_CURVE('',#1947,#1948,#971,.T.);
#2438=EDGE_CURVE('',#1790,#1948,#972,.T.);
#2439=EDGE_CURVE('',#1803,#1890,#973,.T.);
#2440=EDGE_CURVE('',#1804,#1888,#974,.T.);
#2441=EDGE_CURVE('',#1718,#1949,#975,.T.);
#2442=EDGE_CURVE('',#1950,#1729,#976,.T.);
#2443=EDGE_CURVE('',#1951,#1950,#1596,.T.);
#2444=EDGE_CURVE('',#1952,#1951,#977,.T.);
#2445=EDGE_CURVE('',#1949,#1952,#1597,.T.);
#2446=EDGE_CURVE('',#1953,#1728,#978,.T.);
#2447=EDGE_CURVE('',#1953,#1950,#979,.T.);
#2448=EDGE_CURVE('',#1781,#1954,#980,.T.);
#2449=EDGE_CURVE('',#1955,#1954,#1598,.T.);
#2450=EDGE_CURVE('',#1782,#1955,#981,.T.);
#2451=EDGE_CURVE('',#1956,#1955,#982,.T.);
#2452=EDGE_CURVE('',#1783,#1956,#983,.T.);
#2453=EDGE_CURVE('',#1957,#1956,#1599,.T.);
#2454=EDGE_CURVE('',#1784,#1957,#984,.T.);
#2455=EDGE_CURVE('',#1958,#1959,#985,.T.);
#2456=EDGE_CURVE('',#1960,#1958,#1600,.T.);
#2457=EDGE_CURVE('',#1961,#1960,#986,.T.);
#2458=EDGE_CURVE('',#1962,#1961,#1601,.T.);
#2459=EDGE_CURVE('',#1963,#1962,#987,.T.);
#2460=EDGE_CURVE('',#1957,#1963,#1602,.T.);
#2461=EDGE_CURVE('',#1959,#1954,#1603,.T.);
#2462=EDGE_CURVE('',#1964,#1962,#988,.T.);
#2463=EDGE_CURVE('',#1965,#1964,#989,.T.);
#2464=EDGE_CURVE('',#1965,#1963,#990,.T.);
#2465=EDGE_CURVE('',#1966,#1961,#991,.T.);
#2466=EDGE_CURVE('',#1964,#1966,#1604,.T.);
#2467=EDGE_CURVE('',#1967,#1960,#992,.T.);
#2468=EDGE_CURVE('',#1966,#1967,#993,.T.);
#2469=EDGE_CURVE('',#1968,#1958,#994,.T.);
#2470=EDGE_CURVE('',#1967,#1968,#1605,.T.);
#2471=EDGE_CURVE('',#1969,#1959,#995,.T.);
#2472=EDGE_CURVE('',#1968,#1969,#996,.T.);
#2473=EDGE_CURVE('',#1970,#1780,#997,.T.);
#2474=EDGE_CURVE('',#1969,#1970,#1606,.T.);
#2475=EDGE_CURVE('',#1971,#1971,#1607,.T.);
#2476=EDGE_CURVE('',#1971,#1911,#998,.T.);
#2477=EDGE_CURVE('',#1972,#1972,#1608,.T.);
#2478=EDGE_CURVE('',#1972,#1910,#999,.T.);
#2479=EDGE_CURVE('',#1973,#1973,#1609,.T.);
#2480=EDGE_CURVE('',#1973,#1909,#1000,.T.);
#2481=EDGE_CURVE('',#1974,#1974,#1610,.T.);
#2482=EDGE_CURVE('',#1974,#1908,#1001,.T.);
#2483=EDGE_CURVE('',#1975,#1975,#1611,.T.);
#2484=EDGE_CURVE('',#1975,#1848,#1002,.T.);
#2485=EDGE_CURVE('',#1976,#1976,#1612,.T.);
#2486=EDGE_CURVE('',#1976,#1847,#1003,.T.);
#2487=EDGE_CURVE('',#1977,#1977,#1613,.T.);
#2488=EDGE_CURVE('',#1977,#1892,#1004,.T.);
#2489=EDGE_CURVE('',#1978,#1978,#1614,.T.);
#2490=EDGE_CURVE('',#1978,#1893,#1005,.T.);
#2491=EDGE_CURVE('',#1979,#1979,#1615,.T.);
#2492=EDGE_CURVE('',#1979,#1894,#1006,.T.);
#2493=EDGE_CURVE('',#1980,#1980,#1616,.T.);
#2494=EDGE_CURVE('',#1980,#1895,#1007,.T.);
#2495=EDGE_CURVE('',#1981,#1981,#1617,.T.);
#2496=EDGE_CURVE('',#1981,#1837,#1008,.T.);
#2497=EDGE_CURVE('',#1792,#1982,#1009,.T.);
#2498=EDGE_CURVE('',#1982,#1983,#1618,.T.);
#2499=EDGE_CURVE('',#1793,#1983,#1010,.T.);
#2500=EDGE_CURVE('',#1791,#1984,#1011,.T.);
#2501=EDGE_CURVE('',#1984,#1982,#1012,.T.);
#2502=EDGE_CURVE('',#1948,#1984,#1619,.T.);
#2503=EDGE_CURVE('',#1794,#1985,#1013,.T.);
#2504=EDGE_CURVE('',#1985,#1947,#1620,.T.);
#2505=EDGE_CURVE('',#1983,#1985,#1014,.T.);
#2506=EDGE_CURVE('',#1986,#1986,#1621,.T.);
#2507=EDGE_CURVE('',#1986,#1838,#1015,.T.);
#2508=EDGE_CURVE('',#1798,#1987,#1016,.T.);
#2509=EDGE_CURVE('',#1987,#1988,#1622,.T.);
#2510=EDGE_CURVE('',#1799,#1988,#1017,.T.);
#2511=EDGE_CURVE('',#1797,#1989,#1018,.T.);
#2512=EDGE_CURVE('',#1989,#1987,#1019,.T.);
#2513=EDGE_CURVE('',#1946,#1989,#1623,.T.);
#2514=EDGE_CURVE('',#1800,#1990,#1020,.T.);
#2515=EDGE_CURVE('',#1990,#1945,#1624,.T.);
#2516=EDGE_CURVE('',#1988,#1990,#1021,.T.);
#2517=EDGE_CURVE('',#1991,#1991,#1625,.T.);
#2518=EDGE_CURVE('',#1991,#1907,#1022,.T.);
#2519=EDGE_CURVE('',#1992,#1992,#1626,.T.);
#2520=EDGE_CURVE('',#1992,#1906,#1023,.T.);
#2521=EDGE_CURVE('',#1993,#1993,#1627,.T.);
#2522=EDGE_CURVE('',#1993,#1905,#1024,.T.);
#2523=EDGE_CURVE('',#1994,#1994,#1628,.T.);
#2524=EDGE_CURVE('',#1994,#1904,#1025,.T.);
#2525=EDGE_CURVE('',#1995,#1995,#1629,.T.);
#2526=EDGE_CURVE('',#1995,#1846,#1026,.T.);
#2527=EDGE_CURVE('',#1697,#1705,#1027,.T.);
#2528=EDGE_CURVE('',#1996,#1996,#1630,.T.);
#2529=EDGE_CURVE('',#1996,#1845,#1028,.T.);
#2530=EDGE_CURVE('',#1685,#1693,#1029,.T.);
#2531=EDGE_CURVE('',#1997,#1709,#1030,.T.);
#2532=EDGE_CURVE('',#1997,#1776,#1031,.T.);
#2533=EDGE_CURVE('',#1998,#1775,#1032,.T.);
#2534=EDGE_CURVE('',#1998,#1999,#1033,.T.);
#2535=EDGE_CURVE('',#1999,#1770,#1034,.T.);
#2536=EDGE_CURVE('',#2000,#1769,#1035,.T.);
#2537=EDGE_CURVE('',#2000,#2001,#1036,.T.);
#2538=EDGE_CURVE('',#2001,#1764,#1037,.T.);
#2539=EDGE_CURVE('',#2002,#2002,#1631,.T.);
#2540=EDGE_CURVE('',#2002,#1896,#1038,.T.);
#2541=EDGE_CURVE('',#2003,#2003,#1632,.T.);
#2542=EDGE_CURVE('',#2003,#1897,#1039,.T.);
#2543=EDGE_CURVE('',#2004,#2004,#1633,.T.);
#2544=EDGE_CURVE('',#2004,#1898,#1040,.T.);
#2545=EDGE_CURVE('',#2005,#2005,#1634,.T.);
#2546=EDGE_CURVE('',#2005,#1899,#1041,.T.);
#2547=EDGE_CURVE('',#2006,#2006,#1635,.T.);
#2548=EDGE_CURVE('',#2006,#1844,#1042,.T.);
#2549=EDGE_CURVE('',#2007,#2007,#1636,.T.);
#2550=EDGE_CURVE('',#2007,#1843,#1043,.T.);
#2551=EDGE_CURVE('',#1766,#2008,#1044,.T.);
#2552=EDGE_CURVE('',#2009,#2008,#1637,.T.);
#2553=EDGE_CURVE('',#1767,#2009,#1045,.T.);
#2554=EDGE_CURVE('',#2010,#2009,#1046,.T.);
#2555=EDGE_CURVE('',#1768,#2010,#1047,.T.);
#2556=EDGE_CURVE('',#2000,#2010,#1638,.T.);
#2557=EDGE_CURVE('',#2011,#2001,#1639,.T.);
#2558=EDGE_CURVE('',#1765,#2011,#1048,.T.);
#2559=EDGE_CURVE('',#2008,#2011,#1049,.T.);
#2560=EDGE_CURVE('',#1772,#2012,#1050,.T.);
#2561=EDGE_CURVE('',#2013,#2012,#1640,.T.);
#2562=EDGE_CURVE('',#1773,#2013,#1051,.T.);
#2563=EDGE_CURVE('',#2014,#2013,#1052,.T.);
#2564=EDGE_CURVE('',#1774,#2014,#1053,.T.);
#2565=EDGE_CURVE('',#1998,#2014,#1641,.T.);
#2566=EDGE_CURVE('',#2015,#1999,#1642,.T.);
#2567=EDGE_CURVE('',#1771,#2015,#1054,.T.);
#2568=EDGE_CURVE('',#2012,#2015,#1055,.T.);
#2569=EDGE_CURVE('',#2016,#2016,#1643,.T.);
#2570=EDGE_CURVE('',#2016,#1900,#1056,.T.);
#2571=EDGE_CURVE('',#2017,#2017,#1644,.T.);
#2572=EDGE_CURVE('',#2017,#1901,#1057,.T.);
#2573=EDGE_CURVE('',#2018,#2018,#1645,.T.);
#2574=EDGE_CURVE('',#2018,#1902,#1058,.T.);
#2575=EDGE_CURVE('',#2019,#2019,#1646,.T.);
#2576=EDGE_CURVE('',#2019,#1903,#1059,.T.);
#2577=EDGE_CURVE('',#2020,#2020,#1647,.T.);
#2578=EDGE_CURVE('',#2020,#1839,#1060,.T.);
#2579=EDGE_CURVE('',#2021,#2021,#1648,.T.);
#2580=EDGE_CURVE('',#2021,#1840,#1061,.T.);
#2581=EDGE_CURVE('',#2022,#2022,#1649,.T.);
#2582=EDGE_CURVE('',#2022,#1841,#1062,.T.);
#2583=EDGE_CURVE('',#2023,#2023,#1650,.T.);
#2584=EDGE_CURVE('',#2023,#1842,#1063,.T.);
#2585=EDGE_CURVE('',#2024,#1786,#1064,.T.);
#2586=EDGE_CURVE('',#2025,#2024,#1651,.T.);
#2587=EDGE_CURVE('',#2025,#1787,#1065,.T.);
#2588=EDGE_CURVE('',#2026,#2025,#1066,.T.);
#2589=EDGE_CURVE('',#2026,#1788,#1067,.T.);
#2590=EDGE_CURVE('',#1944,#2026,#1652,.T.);
#2591=EDGE_CURVE('',#2027,#1953,#1653,.T.);
#2592=EDGE_CURVE('',#2027,#1951,#1068,.T.);
#2593=EDGE_CURVE('',#2028,#2027,#1069,.T.);
#2594=EDGE_CURVE('',#2028,#1952,#1070,.T.);
#2595=EDGE_CURVE('',#2029,#2028,#1654,.T.);
#2596=EDGE_CURVE('',#2029,#1949,#1071,.T.);
#2597=EDGE_CURVE('',#1719,#2029,#1072,.T.);
#2598=EDGE_CURVE('',#2030,#1997,#1655,.T.);
#2599=EDGE_CURVE('',#2030,#1777,#1073,.T.);
#2600=EDGE_CURVE('',#2031,#2030,#1074,.T.);
#2601=EDGE_CURVE('',#2031,#1778,#1075,.T.);
#2602=EDGE_CURVE('',#2032,#2031,#1656,.T.);
#2603=EDGE_CURVE('',#2032,#1779,#1076,.T.);
#2604=EDGE_CURVE('',#1970,#2032,#1077,.T.);
#2605=EDGE_CURVE('',#2033,#1965,#1657,.T.);
#2606=EDGE_CURVE('',#2033,#1785,#1078,.T.);
#2607=EDGE_CURVE('',#2024,#2033,#1079,.T.);
#2608=EDGE_CURVE('',#1867,#2034,#1080,.T.);
#2609=EDGE_CURVE('',#2034,#2035,#1658,.T.);
#2610=EDGE_CURVE('',#2035,#1868,#1081,.T.);
#2611=EDGE_CURVE('',#2036,#1866,#39,.T.);
#2612=EDGE_CURVE('',#2034,#2036,#1082,.T.);
#2613=EDGE_CURVE('',#1873,#2037,#1083,.T.);
#2614=EDGE_CURVE('',#2037,#2038,#1659,.T.);
#2615=EDGE_CURVE('',#2038,#1874,#1084,.T.);
#2616=EDGE_CURVE('',#2039,#1872,#40,.T.);
#2617=EDGE_CURVE('',#2037,#2039,#1085,.T.);
#2618=EDGE_CURVE('',#1883,#2040,#1086,.T.);
#2619=EDGE_CURVE('',#2040,#2041,#1660,.T.);
#2620=EDGE_CURVE('',#2041,#1884,#1087,.T.);
#2621=EDGE_CURVE('',#2042,#1882,#41,.T.);
#2622=EDGE_CURVE('',#2040,#2042,#1088,.T.);
#2623=EDGE_CURVE('',#1857,#2043,#1089,.T.);
#2624=EDGE_CURVE('',#2043,#2044,#1661,.T.);
#2625=EDGE_CURVE('',#2044,#1858,#1090,.T.);
#2626=EDGE_CURVE('',#2045,#1856,#42,.T.);
#2627=EDGE_CURVE('',#2043,#2045,#1091,.T.);
#2628=EDGE_CURVE('',#2046,#2047,#43,.T.);
#2629=EDGE_CURVE('',#2047,#1853,#44,.T.);
#2630=EDGE_CURVE('',#1854,#2046,#45,.T.);
#2631=EDGE_CURVE('',#2048,#2047,#1092,.T.);
#2632=EDGE_CURVE('',#1855,#2048,#46,.T.);
#2633=EDGE_CURVE('',#2048,#2045,#47,.T.);
#2634=EDGE_CURVE('',#2049,#2050,#48,.T.);
#2635=EDGE_CURVE('',#2050,#1860,#49,.T.);
#2636=EDGE_CURVE('',#1859,#2049,#50,.T.);
#2637=EDGE_CURVE('',#2050,#2051,#1093,.T.);
#2638=EDGE_CURVE('',#1861,#2051,#51,.T.);
#2639=EDGE_CURVE('',#2051,#2052,#52,.T.);
#2640=EDGE_CURVE('',#2052,#1862,#53,.T.);
#2641=EDGE_CURVE('',#2053,#2054,#54,.T.);
#2642=EDGE_CURVE('',#2054,#1864,#55,.T.);
#2643=EDGE_CURVE('',#1863,#2053,#56,.T.);
#2644=EDGE_CURVE('',#2054,#2055,#1094,.T.);
#2645=EDGE_CURVE('',#1865,#2055,#57,.T.);
#2646=EDGE_CURVE('',#2055,#2036,#58,.T.);
#2647=EDGE_CURVE('',#2056,#2057,#59,.T.);
#2648=EDGE_CURVE('',#2057,#1870,#60,.T.);
#2649=EDGE_CURVE('',#1869,#2056,#61,.T.);
#2650=EDGE_CURVE('',#2058,#2057,#1095,.T.);
#2651=EDGE_CURVE('',#1871,#2058,#62,.T.);
#2652=EDGE_CURVE('',#2058,#2039,#63,.T.);
#2653=EDGE_CURVE('',#2059,#2060,#64,.T.);
#2654=EDGE_CURVE('',#2060,#1876,#65,.T.);
#2655=EDGE_CURVE('',#1875,#2059,#66,.T.);
#2656=EDGE_CURVE('',#2060,#2061,#1096,.T.);
#2657=EDGE_CURVE('',#1877,#2061,#67,.T.);
#2658=EDGE_CURVE('',#2061,#2062,#68,.T.);
#2659=EDGE_CURVE('',#2062,#1878,#69,.T.);
#2660=EDGE_CURVE('',#2063,#2064,#70,.T.);
#2661=EDGE_CURVE('',#2064,#1880,#71,.T.);
#2662=EDGE_CURVE('',#1879,#2063,#72,.T.);
#2663=EDGE_CURVE('',#2064,#2065,#1097,.T.);
#2664=EDGE_CURVE('',#1881,#2065,#73,.T.);
#2665=EDGE_CURVE('',#2065,#2042,#74,.T.);
#2666=EDGE_CURVE('',#2063,#2062,#1098,.T.);
#2667=EDGE_CURVE('',#2049,#2044,#1099,.T.);
#2668=EDGE_CURVE('',#2053,#2052,#1100,.T.);
#2669=EDGE_CURVE('',#2056,#2035,#1101,.T.);
#2670=EDGE_CURVE('',#2059,#2038,#1102,.T.);
#2671=EDGE_CURVE('',#2046,#2041,#1103,.T.);
#2672=ORIENTED_EDGE('',*,*,#2066,.T.);
#2673=ORIENTED_EDGE('',*,*,#2067,.T.);
#2674=ORIENTED_EDGE('',*,*,#2068,.T.);
#2675=ORIENTED_EDGE('',*,*,#2069,.T.);
#2676=ORIENTED_EDGE('',*,*,#2067,.F.);
#2677=ORIENTED_EDGE('',*,*,#2070,.F.);
#2678=ORIENTED_EDGE('',*,*,#2071,.F.);
#2679=ORIENTED_EDGE('',*,*,#2072,.F.);
#2680=ORIENTED_EDGE('',*,*,#2073,.T.);
#2681=ORIENTED_EDGE('',*,*,#2074,.T.);
#2682=ORIENTED_EDGE('',*,*,#2075,.T.);
#2683=ORIENTED_EDGE('',*,*,#2076,.T.);
#2684=ORIENTED_EDGE('',*,*,#2069,.F.);
#2685=ORIENTED_EDGE('',*,*,#2077,.F.);
#2686=ORIENTED_EDGE('',*,*,#2074,.F.);
#2687=ORIENTED_EDGE('',*,*,#2078,.F.);
#2688=ORIENTED_EDGE('',*,*,#2079,.T.);
#2689=ORIENTED_EDGE('',*,*,#2080,.T.);
#2690=ORIENTED_EDGE('',*,*,#2081,.T.);
#2691=ORIENTED_EDGE('',*,*,#2071,.T.);
#2692=ORIENTED_EDGE('',*,*,#2080,.F.);
#2693=ORIENTED_EDGE('',*,*,#2082,.F.);
#2694=ORIENTED_EDGE('',*,*,#2083,.F.);
#2695=ORIENTED_EDGE('',*,*,#2084,.F.);
#2696=ORIENTED_EDGE('',*,*,#2085,.T.);
#2697=ORIENTED_EDGE('',*,*,#2086,.T.);
#2698=ORIENTED_EDGE('',*,*,#2087,.T.);
#2699=ORIENTED_EDGE('',*,*,#2083,.T.);
#2700=ORIENTED_EDGE('',*,*,#2076,.F.);
#2701=ORIENTED_EDGE('',*,*,#2088,.F.);
#2702=ORIENTED_EDGE('',*,*,#2086,.F.);
#2703=ORIENTED_EDGE('',*,*,#2089,.F.);
#2704=ORIENTED_EDGE('',*,*,#2090,.F.);
#2705=ORIENTED_EDGE('',*,*,#2091,.T.);
#2706=ORIENTED_EDGE('',*,*,#2092,.F.);
#2707=ORIENTED_EDGE('',*,*,#2091,.F.);
#2708=ORIENTED_EDGE('',*,*,#2093,.F.);
#2709=ORIENTED_EDGE('',*,*,#2094,.T.);
#2710=ORIENTED_EDGE('',*,*,#2095,.F.);
#2711=ORIENTED_EDGE('',*,*,#2094,.F.);
#2712=ORIENTED_EDGE('',*,*,#2096,.T.);
#2713=ORIENTED_EDGE('',*,*,#2097,.T.);
#2714=ORIENTED_EDGE('',*,*,#2098,.T.);
#2715=ORIENTED_EDGE('',*,*,#2099,.F.);
#2716=ORIENTED_EDGE('',*,*,#2100,.T.);
#2717=ORIENTED_EDGE('',*,*,#2101,.T.);
#2718=ORIENTED_EDGE('',*,*,#2102,.T.);
#2719=ORIENTED_EDGE('',*,*,#2097,.F.);
#2720=ORIENTED_EDGE('',*,*,#2103,.T.);
#2721=ORIENTED_EDGE('',*,*,#2104,.T.);
#2722=ORIENTED_EDGE('',*,*,#2105,.T.);
#2723=ORIENTED_EDGE('',*,*,#2101,.F.);
#2724=ORIENTED_EDGE('',*,*,#2106,.T.);
#2725=ORIENTED_EDGE('',*,*,#2107,.T.);
#2726=ORIENTED_EDGE('',*,*,#2108,.T.);
#2727=ORIENTED_EDGE('',*,*,#2104,.F.);
#2728=ORIENTED_EDGE('',*,*,#2109,.T.);
#2729=ORIENTED_EDGE('',*,*,#2110,.T.);
#2730=ORIENTED_EDGE('',*,*,#2111,.T.);
#2731=ORIENTED_EDGE('',*,*,#2107,.F.);
#2732=ORIENTED_EDGE('',*,*,#2112,.T.);
#2733=ORIENTED_EDGE('',*,*,#2113,.T.);
#2734=ORIENTED_EDGE('',*,*,#2114,.T.);
#2735=ORIENTED_EDGE('',*,*,#2115,.F.);
#2736=ORIENTED_EDGE('',*,*,#2116,.T.);
#2737=ORIENTED_EDGE('',*,*,#2117,.T.);
#2738=ORIENTED_EDGE('',*,*,#2118,.T.);
#2739=ORIENTED_EDGE('',*,*,#2113,.F.);
#2740=ORIENTED_EDGE('',*,*,#2119,.T.);
#2741=ORIENTED_EDGE('',*,*,#2120,.T.);
#2742=ORIENTED_EDGE('',*,*,#2121,.T.);
#2743=ORIENTED_EDGE('',*,*,#2117,.F.);
#2744=ORIENTED_EDGE('',*,*,#2122,.T.);
#2745=ORIENTED_EDGE('',*,*,#2123,.T.);
#2746=ORIENTED_EDGE('',*,*,#2124,.T.);
#2747=ORIENTED_EDGE('',*,*,#2120,.F.);
#2748=ORIENTED_EDGE('',*,*,#2125,.T.);
#2749=ORIENTED_EDGE('',*,*,#2126,.T.);
#2750=ORIENTED_EDGE('',*,*,#2127,.T.);
#2751=ORIENTED_EDGE('',*,*,#2123,.F.);
#2752=ORIENTED_EDGE('',*,*,#2128,.T.);
#2753=ORIENTED_EDGE('',*,*,#2129,.F.);
#2754=ORIENTED_EDGE('',*,*,#2130,.F.);
#2755=ORIENTED_EDGE('',*,*,#2131,.T.);
#2756=ORIENTED_EDGE('',*,*,#2132,.T.);
#2757=ORIENTED_EDGE('',*,*,#2133,.F.);
#2758=ORIENTED_EDGE('',*,*,#2134,.F.);
#2759=ORIENTED_EDGE('',*,*,#2129,.T.);
#2760=ORIENTED_EDGE('',*,*,#2135,.T.);
#2761=ORIENTED_EDGE('',*,*,#2136,.F.);
#2762=ORIENTED_EDGE('',*,*,#2137,.F.);
#2763=ORIENTED_EDGE('',*,*,#2133,.T.);
#2764=ORIENTED_EDGE('',*,*,#2138,.T.);
#2765=ORIENTED_EDGE('',*,*,#2139,.F.);
#2766=ORIENTED_EDGE('',*,*,#2140,.F.);
#2767=ORIENTED_EDGE('',*,*,#2136,.T.);
#2768=ORIENTED_EDGE('',*,*,#2141,.T.);
#2769=ORIENTED_EDGE('',*,*,#2142,.F.);
#2770=ORIENTED_EDGE('',*,*,#2143,.T.);
#2771=ORIENTED_EDGE('',*,*,#2144,.F.);
#2772=ORIENTED_EDGE('',*,*,#2145,.F.);
#2773=ORIENTED_EDGE('',*,*,#2139,.T.);
#2774=ORIENTED_EDGE('',*,*,#2146,.T.);
#2775=ORIENTED_EDGE('',*,*,#2147,.T.);
#2776=ORIENTED_EDGE('',*,*,#2148,.T.);
#2777=ORIENTED_EDGE('',*,*,#2142,.T.);
#2778=ORIENTED_EDGE('',*,*,#2149,.T.);
#2779=ORIENTED_EDGE('',*,*,#2150,.T.);
#2780=ORIENTED_EDGE('',*,*,#2151,.T.);
#2781=ORIENTED_EDGE('',*,*,#2147,.F.);
#2782=ORIENTED_EDGE('',*,*,#2152,.T.);
#2783=ORIENTED_EDGE('',*,*,#2153,.F.);
#2784=ORIENTED_EDGE('',*,*,#2154,.T.);
#2785=ORIENTED_EDGE('',*,*,#2150,.F.);
#2786=ORIENTED_EDGE('',*,*,#2155,.T.);
#2787=ORIENTED_EDGE('',*,*,#2156,.F.);
#2788=ORIENTED_EDGE('',*,*,#2157,.F.);
#2789=ORIENTED_EDGE('',*,*,#2158,.T.);
#2790=ORIENTED_EDGE('',*,*,#2159,.T.);
#2791=ORIENTED_EDGE('',*,*,#2153,.T.);
#2792=ORIENTED_EDGE('',*,*,#2160,.T.);
#2793=ORIENTED_EDGE('',*,*,#2161,.F.);
#2794=ORIENTED_EDGE('',*,*,#2162,.F.);
#2795=ORIENTED_EDGE('',*,*,#2156,.T.);
#2796=ORIENTED_EDGE('',*,*,#2163,.T.);
#2797=ORIENTED_EDGE('',*,*,#2164,.F.);
#2798=ORIENTED_EDGE('',*,*,#2165,.F.);
#2799=ORIENTED_EDGE('',*,*,#2161,.T.);
#2800=ORIENTED_EDGE('',*,*,#2166,.T.);
#2801=ORIENTED_EDGE('',*,*,#2167,.F.);
#2802=ORIENTED_EDGE('',*,*,#2168,.F.);
#2803=ORIENTED_EDGE('',*,*,#2164,.T.);
#2804=ORIENTED_EDGE('',*,*,#2169,.T.);
#2805=ORIENTED_EDGE('',*,*,#2170,.F.);
#2806=ORIENTED_EDGE('',*,*,#2171,.F.);
#2807=ORIENTED_EDGE('',*,*,#2167,.T.);
#2808=ORIENTED_EDGE('',*,*,#2172,.T.);
#2809=ORIENTED_EDGE('',*,*,#2173,.T.);
#2810=ORIENTED_EDGE('',*,*,#2174,.F.);
#2811=ORIENTED_EDGE('',*,*,#2175,.T.);
#2812=ORIENTED_EDGE('',*,*,#2176,.T.);
#2813=ORIENTED_EDGE('',*,*,#2177,.T.);
#2814=ORIENTED_EDGE('',*,*,#2178,.F.);
#2815=ORIENTED_EDGE('',*,*,#2173,.F.);
#2816=ORIENTED_EDGE('',*,*,#2179,.T.);
#2817=ORIENTED_EDGE('',*,*,#2180,.T.);
#2818=ORIENTED_EDGE('',*,*,#2181,.F.);
#2819=ORIENTED_EDGE('',*,*,#2177,.F.);
#2820=ORIENTED_EDGE('',*,*,#2182,.T.);
#2821=ORIENTED_EDGE('',*,*,#2183,.T.);
#2822=ORIENTED_EDGE('',*,*,#2184,.F.);
#2823=ORIENTED_EDGE('',*,*,#2180,.F.);
#2824=ORIENTED_EDGE('',*,*,#2185,.T.);
#2825=ORIENTED_EDGE('',*,*,#2186,.F.);
#2826=ORIENTED_EDGE('',*,*,#2187,.F.);
#2827=ORIENTED_EDGE('',*,*,#2183,.F.);
#2828=ORIENTED_EDGE('',*,*,#2188,.T.);
#2829=ORIENTED_EDGE('',*,*,#2189,.T.);
#2830=ORIENTED_EDGE('',*,*,#2190,.F.);
#2831=ORIENTED_EDGE('',*,*,#2191,.T.);
#2832=ORIENTED_EDGE('',*,*,#2192,.T.);
#2833=ORIENTED_EDGE('',*,*,#2193,.T.);
#2834=ORIENTED_EDGE('',*,*,#2194,.F.);
#2835=ORIENTED_EDGE('',*,*,#2189,.F.);
#2836=ORIENTED_EDGE('',*,*,#2195,.T.);
#2837=ORIENTED_EDGE('',*,*,#2196,.T.);
#2838=ORIENTED_EDGE('',*,*,#2197,.F.);
#2839=ORIENTED_EDGE('',*,*,#2193,.F.);
#2840=ORIENTED_EDGE('',*,*,#2198,.T.);
#2841=ORIENTED_EDGE('',*,*,#2199,.T.);
#2842=ORIENTED_EDGE('',*,*,#2200,.F.);
#2843=ORIENTED_EDGE('',*,*,#2196,.F.);
#2844=ORIENTED_EDGE('',*,*,#2201,.T.);
#2845=ORIENTED_EDGE('',*,*,#2202,.F.);
#2846=ORIENTED_EDGE('',*,*,#2203,.F.);
#2847=ORIENTED_EDGE('',*,*,#2199,.F.);
#2848=ORIENTED_EDGE('',*,*,#2204,.F.);
#2849=ORIENTED_EDGE('',*,*,#2205,.T.);
#2850=ORIENTED_EDGE('',*,*,#2206,.F.);
#2851=ORIENTED_EDGE('',*,*,#2205,.F.);
#2852=ORIENTED_EDGE('',*,*,#2207,.F.);
#2853=ORIENTED_EDGE('',*,*,#2208,.F.);
#2854=ORIENTED_EDGE('',*,*,#2209,.F.);
#2855=ORIENTED_EDGE('',*,*,#2210,.F.);
#2856=ORIENTED_EDGE('',*,*,#2211,.F.);
#2857=ORIENTED_EDGE('',*,*,#2212,.F.);
#2858=ORIENTED_EDGE('',*,*,#2213,.F.);
#2859=ORIENTED_EDGE('',*,*,#2214,.F.);
#2860=ORIENTED_EDGE('',*,*,#2215,.F.);
#2861=ORIENTED_EDGE('',*,*,#2216,.F.);
#2862=ORIENTED_EDGE('',*,*,#2217,.F.);
#2863=ORIENTED_EDGE('',*,*,#2218,.F.);
#2864=ORIENTED_EDGE('',*,*,#2219,.F.);
#2865=ORIENTED_EDGE('',*,*,#2220,.F.);
#2866=ORIENTED_EDGE('',*,*,#2221,.F.);
#2867=ORIENTED_EDGE('',*,*,#2222,.F.);
#2868=ORIENTED_EDGE('',*,*,#2223,.F.);
#2869=ORIENTED_EDGE('',*,*,#2224,.F.);
#2870=ORIENTED_EDGE('',*,*,#2225,.F.);
#2871=ORIENTED_EDGE('',*,*,#2226,.F.);
#2872=ORIENTED_EDGE('',*,*,#2227,.F.);
#2873=ORIENTED_EDGE('',*,*,#2228,.F.);
#2874=ORIENTED_EDGE('',*,*,#2229,.F.);
#2875=ORIENTED_EDGE('',*,*,#2230,.F.);
#2876=ORIENTED_EDGE('',*,*,#2231,.F.);
#2877=ORIENTED_EDGE('',*,*,#2232,.F.);
#2878=ORIENTED_EDGE('',*,*,#2233,.F.);
#2879=ORIENTED_EDGE('',*,*,#2234,.F.);
#2880=ORIENTED_EDGE('',*,*,#2235,.F.);
#2881=ORIENTED_EDGE('',*,*,#2236,.F.);
#2882=ORIENTED_EDGE('',*,*,#2237,.F.);
#2883=ORIENTED_EDGE('',*,*,#2238,.F.);
#2884=ORIENTED_EDGE('',*,*,#2239,.F.);
#2885=ORIENTED_EDGE('',*,*,#2240,.F.);
#2886=ORIENTED_EDGE('',*,*,#2241,.F.);
#2887=ORIENTED_EDGE('',*,*,#2242,.F.);
#2888=ORIENTED_EDGE('',*,*,#2243,.F.);
#2889=ORIENTED_EDGE('',*,*,#2244,.F.);
#2890=ORIENTED_EDGE('',*,*,#2245,.F.);
#2891=ORIENTED_EDGE('',*,*,#2201,.F.);
#2892=ORIENTED_EDGE('',*,*,#2198,.F.);
#2893=ORIENTED_EDGE('',*,*,#2195,.F.);
#2894=ORIENTED_EDGE('',*,*,#2192,.F.);
#2895=ORIENTED_EDGE('',*,*,#2188,.F.);
#2896=ORIENTED_EDGE('',*,*,#2246,.F.);
#2897=ORIENTED_EDGE('',*,*,#2185,.F.);
#2898=ORIENTED_EDGE('',*,*,#2182,.F.);
#2899=ORIENTED_EDGE('',*,*,#2179,.F.);
#2900=ORIENTED_EDGE('',*,*,#2176,.F.);
#2901=ORIENTED_EDGE('',*,*,#2172,.F.);
#2902=ORIENTED_EDGE('',*,*,#2247,.F.);
#2903=ORIENTED_EDGE('',*,*,#2169,.F.);
#2904=ORIENTED_EDGE('',*,*,#2166,.F.);
#2905=ORIENTED_EDGE('',*,*,#2163,.F.);
#2906=ORIENTED_EDGE('',*,*,#2160,.F.);
#2907=ORIENTED_EDGE('',*,*,#2155,.F.);
#2908=ORIENTED_EDGE('',*,*,#2152,.F.);
#2909=ORIENTED_EDGE('',*,*,#2149,.F.);
#2910=ORIENTED_EDGE('',*,*,#2146,.F.);
#2911=ORIENTED_EDGE('',*,*,#2141,.F.);
#2912=ORIENTED_EDGE('',*,*,#2138,.F.);
#2913=ORIENTED_EDGE('',*,*,#2135,.F.);
#2914=ORIENTED_EDGE('',*,*,#2132,.F.);
#2915=ORIENTED_EDGE('',*,*,#2128,.F.);
#2916=ORIENTED_EDGE('',*,*,#2248,.F.);
#2917=ORIENTED_EDGE('',*,*,#2125,.F.);
#2918=ORIENTED_EDGE('',*,*,#2122,.F.);
#2919=ORIENTED_EDGE('',*,*,#2119,.F.);
#2920=ORIENTED_EDGE('',*,*,#2116,.F.);
#2921=ORIENTED_EDGE('',*,*,#2112,.F.);
#2922=ORIENTED_EDGE('',*,*,#2249,.F.);
#2923=ORIENTED_EDGE('',*,*,#2109,.F.);
#2924=ORIENTED_EDGE('',*,*,#2106,.F.);
#2925=ORIENTED_EDGE('',*,*,#2103,.F.);
#2926=ORIENTED_EDGE('',*,*,#2100,.F.);
#2927=ORIENTED_EDGE('',*,*,#2096,.F.);
#2928=ORIENTED_EDGE('',*,*,#2204,.T.);
#2929=ORIENTED_EDGE('',*,*,#2250,.T.);
#2930=ORIENTED_EDGE('',*,*,#2251,.T.);
#2931=ORIENTED_EDGE('',*,*,#2252,.T.);
#2932=ORIENTED_EDGE('',*,*,#2253,.T.);
#2933=ORIENTED_EDGE('',*,*,#2254,.T.);
#2934=ORIENTED_EDGE('',*,*,#2255,.T.);
#2935=ORIENTED_EDGE('',*,*,#2256,.T.);
#2936=ORIENTED_EDGE('',*,*,#2257,.T.);
#2937=ORIENTED_EDGE('',*,*,#2258,.T.);
#2938=ORIENTED_EDGE('',*,*,#2259,.T.);
#2939=ORIENTED_EDGE('',*,*,#2260,.T.);
#2940=ORIENTED_EDGE('',*,*,#2261,.T.);
#2941=ORIENTED_EDGE('',*,*,#2262,.T.);
#2942=ORIENTED_EDGE('',*,*,#2263,.T.);
#2943=ORIENTED_EDGE('',*,*,#2264,.T.);
#2944=ORIENTED_EDGE('',*,*,#2265,.T.);
#2945=ORIENTED_EDGE('',*,*,#2266,.T.);
#2946=ORIENTED_EDGE('',*,*,#2267,.T.);
#2947=ORIENTED_EDGE('',*,*,#2268,.T.);
#2948=ORIENTED_EDGE('',*,*,#2269,.T.);
#2949=ORIENTED_EDGE('',*,*,#2270,.T.);
#2950=ORIENTED_EDGE('',*,*,#2271,.T.);
#2951=ORIENTED_EDGE('',*,*,#2272,.T.);
#2952=ORIENTED_EDGE('',*,*,#2273,.T.);
#2953=ORIENTED_EDGE('',*,*,#2274,.T.);
#2954=ORIENTED_EDGE('',*,*,#2275,.T.);
#2955=ORIENTED_EDGE('',*,*,#2276,.T.);
#2956=ORIENTED_EDGE('',*,*,#2277,.T.);
#2957=ORIENTED_EDGE('',*,*,#2278,.T.);
#2958=ORIENTED_EDGE('',*,*,#2279,.T.);
#2959=ORIENTED_EDGE('',*,*,#2280,.T.);
#2960=ORIENTED_EDGE('',*,*,#2281,.T.);
#2961=ORIENTED_EDGE('',*,*,#2282,.T.);
#2962=ORIENTED_EDGE('',*,*,#2283,.T.);
#2963=ORIENTED_EDGE('',*,*,#2284,.T.);
#2964=ORIENTED_EDGE('',*,*,#2285,.F.);
#2965=ORIENTED_EDGE('',*,*,#2286,.F.);
#2966=ORIENTED_EDGE('',*,*,#2287,.F.);
#2967=ORIENTED_EDGE('',*,*,#2288,.F.);
#2968=ORIENTED_EDGE('',*,*,#2289,.F.);
#2969=ORIENTED_EDGE('',*,*,#2290,.F.);
#2970=ORIENTED_EDGE('',*,*,#2291,.F.);
#2971=ORIENTED_EDGE('',*,*,#2292,.F.);
#2972=ORIENTED_EDGE('',*,*,#2293,.F.);
#2973=ORIENTED_EDGE('',*,*,#2294,.F.);
#2974=ORIENTED_EDGE('',*,*,#2295,.F.);
#2975=ORIENTED_EDGE('',*,*,#2296,.F.);
#2976=ORIENTED_EDGE('',*,*,#2297,.T.);
#2977=ORIENTED_EDGE('',*,*,#2298,.T.);
#2978=ORIENTED_EDGE('',*,*,#2299,.T.);
#2979=ORIENTED_EDGE('',*,*,#2300,.T.);
#2980=ORIENTED_EDGE('',*,*,#2093,.T.);
#2981=ORIENTED_EDGE('',*,*,#2090,.T.);
#2982=ORIENTED_EDGE('',*,*,#2082,.T.);
#2983=ORIENTED_EDGE('',*,*,#2079,.F.);
#2984=ORIENTED_EDGE('',*,*,#2070,.T.);
#2985=ORIENTED_EDGE('',*,*,#2066,.F.);
#2986=ORIENTED_EDGE('',*,*,#2078,.T.);
#2987=ORIENTED_EDGE('',*,*,#2073,.F.);
#2988=ORIENTED_EDGE('',*,*,#2089,.T.);
#2989=ORIENTED_EDGE('',*,*,#2085,.F.);
#2990=ORIENTED_EDGE('',*,*,#2301,.F.);
#2991=ORIENTED_EDGE('',*,*,#2302,.F.);
#2992=ORIENTED_EDGE('',*,*,#2303,.F.);
#2993=ORIENTED_EDGE('',*,*,#2304,.T.);
#2994=ORIENTED_EDGE('',*,*,#2305,.F.);
#2995=ORIENTED_EDGE('',*,*,#2306,.F.);
#2996=ORIENTED_EDGE('',*,*,#2307,.F.);
#2997=ORIENTED_EDGE('',*,*,#2308,.F.);
#2998=ORIENTED_EDGE('',*,*,#2309,.F.);
#2999=ORIENTED_EDGE('',*,*,#2310,.F.);
#3000=ORIENTED_EDGE('',*,*,#2311,.F.);
#3001=ORIENTED_EDGE('',*,*,#2312,.F.);
#3002=ORIENTED_EDGE('',*,*,#2313,.F.);
#3003=ORIENTED_EDGE('',*,*,#2314,.F.);
#3004=ORIENTED_EDGE('',*,*,#2315,.F.);
#3005=ORIENTED_EDGE('',*,*,#2316,.F.);
#3006=ORIENTED_EDGE('',*,*,#2317,.F.);
#3007=ORIENTED_EDGE('',*,*,#2318,.F.);
#3008=ORIENTED_EDGE('',*,*,#2319,.F.);
#3009=ORIENTED_EDGE('',*,*,#2320,.F.);
#3010=ORIENTED_EDGE('',*,*,#2321,.F.);
#3011=ORIENTED_EDGE('',*,*,#2322,.F.);
#3012=ORIENTED_EDGE('',*,*,#2323,.F.);
#3013=ORIENTED_EDGE('',*,*,#2324,.F.);
#3014=ORIENTED_EDGE('',*,*,#2325,.F.);
#3015=ORIENTED_EDGE('',*,*,#2326,.F.);
#3016=ORIENTED_EDGE('',*,*,#2327,.F.);
#3017=ORIENTED_EDGE('',*,*,#2328,.F.);
#3018=ORIENTED_EDGE('',*,*,#2329,.F.);
#3019=ORIENTED_EDGE('',*,*,#2330,.F.);
#3020=ORIENTED_EDGE('',*,*,#2331,.F.);
#3021=ORIENTED_EDGE('',*,*,#2332,.F.);
#3022=ORIENTED_EDGE('',*,*,#2333,.T.);
#3023=ORIENTED_EDGE('',*,*,#2334,.T.);
#3024=ORIENTED_EDGE('',*,*,#2335,.T.);
#3025=ORIENTED_EDGE('',*,*,#2206,.T.);
#3026=ORIENTED_EDGE('',*,*,#2336,.T.);
#3027=ORIENTED_EDGE('',*,*,#2337,.T.);
#3028=ORIENTED_EDGE('',*,*,#2338,.T.);
#3029=ORIENTED_EDGE('',*,*,#2339,.T.);
#3030=ORIENTED_EDGE('',*,*,#2340,.T.);
#3031=ORIENTED_EDGE('',*,*,#2341,.T.);
#3032=ORIENTED_EDGE('',*,*,#2342,.T.);
#3033=ORIENTED_EDGE('',*,*,#2343,.T.);
#3034=ORIENTED_EDGE('',*,*,#2344,.T.);
#3035=ORIENTED_EDGE('',*,*,#2345,.T.);
#3036=ORIENTED_EDGE('',*,*,#2346,.T.);
#3037=ORIENTED_EDGE('',*,*,#2347,.T.);
#3038=ORIENTED_EDGE('',*,*,#2348,.T.);
#3039=ORIENTED_EDGE('',*,*,#2349,.T.);
#3040=ORIENTED_EDGE('',*,*,#2350,.T.);
#3041=ORIENTED_EDGE('',*,*,#2351,.T.);
#3042=ORIENTED_EDGE('',*,*,#2352,.T.);
#3043=ORIENTED_EDGE('',*,*,#2353,.T.);
#3044=ORIENTED_EDGE('',*,*,#2354,.T.);
#3045=ORIENTED_EDGE('',*,*,#2355,.T.);
#3046=ORIENTED_EDGE('',*,*,#2356,.T.);
#3047=ORIENTED_EDGE('',*,*,#2357,.T.);
#3048=ORIENTED_EDGE('',*,*,#2358,.T.);
#3049=ORIENTED_EDGE('',*,*,#2359,.T.);
#3050=ORIENTED_EDGE('',*,*,#2360,.T.);
#3051=ORIENTED_EDGE('',*,*,#2361,.F.);
#3052=ORIENTED_EDGE('',*,*,#2362,.T.);
#3053=ORIENTED_EDGE('',*,*,#2363,.F.);
#3054=ORIENTED_EDGE('',*,*,#2364,.T.);
#3055=ORIENTED_EDGE('',*,*,#2365,.F.);
#3056=ORIENTED_EDGE('',*,*,#2366,.T.);
#3057=ORIENTED_EDGE('',*,*,#2367,.F.);
#3058=ORIENTED_EDGE('',*,*,#2368,.T.);
#3059=ORIENTED_EDGE('',*,*,#2369,.F.);
#3060=ORIENTED_EDGE('',*,*,#2370,.T.);
#3061=ORIENTED_EDGE('',*,*,#2371,.F.);
#3062=ORIENTED_EDGE('',*,*,#2372,.T.);
#3063=ORIENTED_EDGE('',*,*,#2373,.F.);
#3064=ORIENTED_EDGE('',*,*,#2374,.T.);
#3065=ORIENTED_EDGE('',*,*,#2375,.F.);
#3066=ORIENTED_EDGE('',*,*,#2376,.T.);
#3067=ORIENTED_EDGE('',*,*,#2377,.F.);
#3068=ORIENTED_EDGE('',*,*,#2378,.T.);
#3069=ORIENTED_EDGE('',*,*,#2379,.F.);
#3070=ORIENTED_EDGE('',*,*,#2380,.T.);
#3071=ORIENTED_EDGE('',*,*,#2381,.F.);
#3072=ORIENTED_EDGE('',*,*,#2382,.T.);
#3073=ORIENTED_EDGE('',*,*,#2383,.F.);
#3074=ORIENTED_EDGE('',*,*,#2384,.T.);
#3075=ORIENTED_EDGE('',*,*,#2385,.F.);
#3076=ORIENTED_EDGE('',*,*,#2386,.T.);
#3077=ORIENTED_EDGE('',*,*,#2387,.F.);
#3078=ORIENTED_EDGE('',*,*,#2388,.T.);
#3079=ORIENTED_EDGE('',*,*,#2389,.F.);
#3080=ORIENTED_EDGE('',*,*,#2390,.T.);
#3081=ORIENTED_EDGE('',*,*,#2391,.F.);
#3082=ORIENTED_EDGE('',*,*,#2095,.T.);
#3083=ORIENTED_EDGE('',*,*,#2092,.T.);
#3084=ORIENTED_EDGE('',*,*,#2084,.T.);
#3085=ORIENTED_EDGE('',*,*,#2087,.F.);
#3086=ORIENTED_EDGE('',*,*,#2088,.T.);
#3087=ORIENTED_EDGE('',*,*,#2075,.F.);
#3088=ORIENTED_EDGE('',*,*,#2077,.T.);
#3089=ORIENTED_EDGE('',*,*,#2068,.F.);
#3090=ORIENTED_EDGE('',*,*,#2072,.T.);
#3091=ORIENTED_EDGE('',*,*,#2081,.F.);
#3092=ORIENTED_EDGE('',*,*,#2299,.F.);
#3093=ORIENTED_EDGE('',*,*,#2392,.T.);
#3094=ORIENTED_EDGE('',*,*,#2335,.F.);
#3095=ORIENTED_EDGE('',*,*,#2392,.F.);
#3096=ORIENTED_EDGE('',*,*,#2300,.F.);
#3097=ORIENTED_EDGE('',*,*,#2393,.T.);
#3098=ORIENTED_EDGE('',*,*,#2334,.F.);
#3099=ORIENTED_EDGE('',*,*,#2393,.F.);
#3100=ORIENTED_EDGE('',*,*,#2250,.F.);
#3101=ORIENTED_EDGE('',*,*,#2394,.T.);
#3102=ORIENTED_EDGE('',*,*,#2333,.F.);
#3103=ORIENTED_EDGE('',*,*,#2394,.F.);
#3104=ORIENTED_EDGE('',*,*,#2391,.T.);
#3105=ORIENTED_EDGE('',*,*,#2395,.T.);
#3106=ORIENTED_EDGE('',*,*,#2254,.F.);
#3107=ORIENTED_EDGE('',*,*,#2396,.T.);
#3108=ORIENTED_EDGE('',*,*,#2395,.F.);
#3109=ORIENTED_EDGE('',*,*,#2390,.F.);
#3110=ORIENTED_EDGE('',*,*,#2397,.F.);
#3111=ORIENTED_EDGE('',*,*,#2255,.F.);
#3112=ORIENTED_EDGE('',*,*,#2389,.T.);
#3113=ORIENTED_EDGE('',*,*,#2398,.T.);
#3114=ORIENTED_EDGE('',*,*,#2256,.F.);
#3115=ORIENTED_EDGE('',*,*,#2397,.T.);
#3116=ORIENTED_EDGE('',*,*,#2398,.F.);
#3117=ORIENTED_EDGE('',*,*,#2388,.F.);
#3118=ORIENTED_EDGE('',*,*,#2399,.F.);
#3119=ORIENTED_EDGE('',*,*,#2257,.F.);
#3120=ORIENTED_EDGE('',*,*,#2387,.T.);
#3121=ORIENTED_EDGE('',*,*,#2400,.T.);
#3122=ORIENTED_EDGE('',*,*,#2258,.F.);
#3123=ORIENTED_EDGE('',*,*,#2399,.T.);
#3124=ORIENTED_EDGE('',*,*,#2400,.F.);
#3125=ORIENTED_EDGE('',*,*,#2386,.F.);
#3126=ORIENTED_EDGE('',*,*,#2401,.F.);
#3127=ORIENTED_EDGE('',*,*,#2259,.F.);
#3128=ORIENTED_EDGE('',*,*,#2385,.T.);
#3129=ORIENTED_EDGE('',*,*,#2402,.T.);
#3130=ORIENTED_EDGE('',*,*,#2260,.F.);
#3131=ORIENTED_EDGE('',*,*,#2401,.T.);
#3132=ORIENTED_EDGE('',*,*,#2396,.F.);
#3133=ORIENTED_EDGE('',*,*,#2253,.F.);
#3134=ORIENTED_EDGE('',*,*,#2402,.F.);
#3135=ORIENTED_EDGE('',*,*,#2384,.F.);
#3136=ORIENTED_EDGE('',*,*,#2381,.T.);
#3137=ORIENTED_EDGE('',*,*,#2403,.T.);
#3138=ORIENTED_EDGE('',*,*,#2264,.F.);
#3139=ORIENTED_EDGE('',*,*,#2404,.T.);
#3140=ORIENTED_EDGE('',*,*,#2403,.F.);
#3141=ORIENTED_EDGE('',*,*,#2380,.F.);
#3142=ORIENTED_EDGE('',*,*,#2405,.F.);
#3143=ORIENTED_EDGE('',*,*,#2265,.F.);
#3144=ORIENTED_EDGE('',*,*,#2379,.T.);
#3145=ORIENTED_EDGE('',*,*,#2406,.T.);
#3146=ORIENTED_EDGE('',*,*,#2266,.F.);
#3147=ORIENTED_EDGE('',*,*,#2405,.T.);
#3148=ORIENTED_EDGE('',*,*,#2406,.F.);
#3149=ORIENTED_EDGE('',*,*,#2378,.F.);
#3150=ORIENTED_EDGE('',*,*,#2407,.F.);
#3151=ORIENTED_EDGE('',*,*,#2267,.F.);
#3152=ORIENTED_EDGE('',*,*,#2377,.T.);
#3153=ORIENTED_EDGE('',*,*,#2408,.T.);
#3154=ORIENTED_EDGE('',*,*,#2268,.F.);
#3155=ORIENTED_EDGE('',*,*,#2407,.T.);
#3156=ORIENTED_EDGE('',*,*,#2408,.F.);
#3157=ORIENTED_EDGE('',*,*,#2376,.F.);
#3158=ORIENTED_EDGE('',*,*,#2409,.F.);
#3159=ORIENTED_EDGE('',*,*,#2261,.F.);
#3160=ORIENTED_EDGE('',*,*,#2383,.T.);
#3161=ORIENTED_EDGE('',*,*,#2410,.T.);
#3162=ORIENTED_EDGE('',*,*,#2262,.F.);
#3163=ORIENTED_EDGE('',*,*,#2409,.T.);
#3164=ORIENTED_EDGE('',*,*,#2404,.F.);
#3165=ORIENTED_EDGE('',*,*,#2263,.F.);
#3166=ORIENTED_EDGE('',*,*,#2410,.F.);
#3167=ORIENTED_EDGE('',*,*,#2382,.F.);
#3168=ORIENTED_EDGE('',*,*,#2363,.T.);
#3169=ORIENTED_EDGE('',*,*,#2411,.T.);
#3170=ORIENTED_EDGE('',*,*,#2282,.F.);
#3171=ORIENTED_EDGE('',*,*,#2412,.T.);
#3172=ORIENTED_EDGE('',*,*,#2411,.F.);
#3173=ORIENTED_EDGE('',*,*,#2362,.F.);
#3174=ORIENTED_EDGE('',*,*,#2413,.F.);
#3175=ORIENTED_EDGE('',*,*,#2283,.F.);
#3176=ORIENTED_EDGE('',*,*,#2361,.T.);
#3177=ORIENTED_EDGE('',*,*,#2414,.T.);
#3178=ORIENTED_EDGE('',*,*,#2284,.F.);
#3179=ORIENTED_EDGE('',*,*,#2413,.T.);
#3180=ORIENTED_EDGE('',*,*,#2414,.F.);
#3181=ORIENTED_EDGE('',*,*,#2360,.F.);
#3182=ORIENTED_EDGE('',*,*,#2415,.F.);
#3183=ORIENTED_EDGE('',*,*,#2277,.F.);
#3184=ORIENTED_EDGE('',*,*,#2367,.T.);
#3185=ORIENTED_EDGE('',*,*,#2416,.T.);
#3186=ORIENTED_EDGE('',*,*,#2278,.F.);
#3187=ORIENTED_EDGE('',*,*,#2415,.T.);
#3188=ORIENTED_EDGE('',*,*,#2416,.F.);
#3189=ORIENTED_EDGE('',*,*,#2366,.F.);
#3190=ORIENTED_EDGE('',*,*,#2417,.F.);
#3191=ORIENTED_EDGE('',*,*,#2279,.F.);
#3192=ORIENTED_EDGE('',*,*,#2365,.T.);
#3193=ORIENTED_EDGE('',*,*,#2418,.T.);
#3194=ORIENTED_EDGE('',*,*,#2280,.F.);
#3195=ORIENTED_EDGE('',*,*,#2417,.T.);
#3196=ORIENTED_EDGE('',*,*,#2412,.F.);
#3197=ORIENTED_EDGE('',*,*,#2281,.F.);
#3198=ORIENTED_EDGE('',*,*,#2418,.F.);
#3199=ORIENTED_EDGE('',*,*,#2364,.F.);
#3200=ORIENTED_EDGE('',*,*,#2375,.T.);
#3201=ORIENTED_EDGE('',*,*,#2419,.T.);
#3202=ORIENTED_EDGE('',*,*,#2270,.F.);
#3203=ORIENTED_EDGE('',*,*,#2420,.T.);
#3204=ORIENTED_EDGE('',*,*,#2419,.F.);
#3205=ORIENTED_EDGE('',*,*,#2374,.F.);
#3206=ORIENTED_EDGE('',*,*,#2421,.F.);
#3207=ORIENTED_EDGE('',*,*,#2271,.F.);
#3208=ORIENTED_EDGE('',*,*,#2373,.T.);
#3209=ORIENTED_EDGE('',*,*,#2422,.T.);
#3210=ORIENTED_EDGE('',*,*,#2272,.F.);
#3211=ORIENTED_EDGE('',*,*,#2421,.T.);
#3212=ORIENTED_EDGE('',*,*,#2422,.F.);
#3213=ORIENTED_EDGE('',*,*,#2372,.F.);
#3214=ORIENTED_EDGE('',*,*,#2423,.F.);
#3215=ORIENTED_EDGE('',*,*,#2273,.F.);
#3216=ORIENTED_EDGE('',*,*,#2371,.T.);
#3217=ORIENTED_EDGE('',*,*,#2424,.T.);
#3218=ORIENTED_EDGE('',*,*,#2274,.F.);
#3219=ORIENTED_EDGE('',*,*,#2423,.T.);
#3220=ORIENTED_EDGE('',*,*,#2424,.F.);
#3221=ORIENTED_EDGE('',*,*,#2370,.F.);
#3222=ORIENTED_EDGE('',*,*,#2425,.F.);
#3223=ORIENTED_EDGE('',*,*,#2275,.F.);
#3224=ORIENTED_EDGE('',*,*,#2369,.T.);
#3225=ORIENTED_EDGE('',*,*,#2426,.T.);
#3226=ORIENTED_EDGE('',*,*,#2276,.F.);
#3227=ORIENTED_EDGE('',*,*,#2425,.T.);
#3228=ORIENTED_EDGE('',*,*,#2420,.F.);
#3229=ORIENTED_EDGE('',*,*,#2269,.F.);
#3230=ORIENTED_EDGE('',*,*,#2426,.F.);
#3231=ORIENTED_EDGE('',*,*,#2368,.F.);
#3232=ORIENTED_EDGE('',*,*,#2298,.F.);
#3233=ORIENTED_EDGE('',*,*,#2427,.T.);
#3234=ORIENTED_EDGE('',*,*,#2339,.F.);
#3235=ORIENTED_EDGE('',*,*,#2427,.F.);
#3236=ORIENTED_EDGE('',*,*,#2297,.F.);
#3237=ORIENTED_EDGE('',*,*,#2428,.T.);
#3238=ORIENTED_EDGE('',*,*,#2337,.F.);
#3239=ORIENTED_EDGE('',*,*,#2428,.F.);
#3240=ORIENTED_EDGE('',*,*,#2233,.T.);
#3241=ORIENTED_EDGE('',*,*,#2429,.F.);
#3242=ORIENTED_EDGE('',*,*,#2430,.F.);
#3243=ORIENTED_EDGE('',*,*,#2170,.T.);
#3244=ORIENTED_EDGE('',*,*,#2247,.T.);
#3245=ORIENTED_EDGE('',*,*,#2175,.F.);
#3246=ORIENTED_EDGE('',*,*,#2431,.T.);
#3247=ORIENTED_EDGE('',*,*,#2186,.T.);
#3248=ORIENTED_EDGE('',*,*,#2246,.T.);
#3249=ORIENTED_EDGE('',*,*,#2191,.F.);
#3250=ORIENTED_EDGE('',*,*,#2432,.T.);
#3251=ORIENTED_EDGE('',*,*,#2202,.T.);
#3252=ORIENTED_EDGE('',*,*,#2245,.T.);
#3253=ORIENTED_EDGE('',*,*,#2433,.T.);
#3254=ORIENTED_EDGE('',*,*,#2434,.T.);
#3255=ORIENTED_EDGE('',*,*,#2435,.F.);
#3256=ORIENTED_EDGE('',*,*,#2239,.T.);
#3257=ORIENTED_EDGE('',*,*,#2436,.T.);
#3258=ORIENTED_EDGE('',*,*,#2437,.T.);
#3259=ORIENTED_EDGE('',*,*,#2438,.F.);
#3260=ORIENTED_EDGE('',*,*,#2251,.F.);
#3261=ORIENTED_EDGE('',*,*,#2439,.T.);
#3262=ORIENTED_EDGE('',*,*,#2338,.F.);
#3263=ORIENTED_EDGE('',*,*,#2439,.F.);
#3264=ORIENTED_EDGE('',*,*,#2252,.F.);
#3265=ORIENTED_EDGE('',*,*,#2440,.T.);
#3266=ORIENTED_EDGE('',*,*,#2336,.F.);
#3267=ORIENTED_EDGE('',*,*,#2440,.F.);
#3268=ORIENTED_EDGE('',*,*,#2441,.F.);
#3269=ORIENTED_EDGE('',*,*,#2143,.F.);
#3270=ORIENTED_EDGE('',*,*,#2148,.F.);
#3271=ORIENTED_EDGE('',*,*,#2151,.F.);
#3272=ORIENTED_EDGE('',*,*,#2154,.F.);
#3273=ORIENTED_EDGE('',*,*,#2159,.F.);
#3274=ORIENTED_EDGE('',*,*,#2442,.F.);
#3275=ORIENTED_EDGE('',*,*,#2443,.F.);
#3276=ORIENTED_EDGE('',*,*,#2444,.F.);
#3277=ORIENTED_EDGE('',*,*,#2445,.F.);
#3278=ORIENTED_EDGE('',*,*,#2442,.T.);
#3279=ORIENTED_EDGE('',*,*,#2158,.F.);
#3280=ORIENTED_EDGE('',*,*,#2446,.F.);
#3281=ORIENTED_EDGE('',*,*,#2447,.T.);
#3282=ORIENTED_EDGE('',*,*,#2225,.T.);
#3283=ORIENTED_EDGE('',*,*,#2448,.T.);
#3284=ORIENTED_EDGE('',*,*,#2449,.F.);
#3285=ORIENTED_EDGE('',*,*,#2450,.F.);
#3286=ORIENTED_EDGE('',*,*,#2226,.T.);
#3287=ORIENTED_EDGE('',*,*,#2450,.T.);
#3288=ORIENTED_EDGE('',*,*,#2451,.F.);
#3289=ORIENTED_EDGE('',*,*,#2452,.F.);
#3290=ORIENTED_EDGE('',*,*,#2227,.T.);
#3291=ORIENTED_EDGE('',*,*,#2452,.T.);
#3292=ORIENTED_EDGE('',*,*,#2453,.F.);
#3293=ORIENTED_EDGE('',*,*,#2454,.F.);
#3294=ORIENTED_EDGE('',*,*,#2455,.F.);
#3295=ORIENTED_EDGE('',*,*,#2456,.F.);
#3296=ORIENTED_EDGE('',*,*,#2457,.F.);
#3297=ORIENTED_EDGE('',*,*,#2458,.F.);
#3298=ORIENTED_EDGE('',*,*,#2459,.F.);
#3299=ORIENTED_EDGE('',*,*,#2460,.F.);
#3300=ORIENTED_EDGE('',*,*,#2453,.T.);
#3301=ORIENTED_EDGE('',*,*,#2451,.T.);
#3302=ORIENTED_EDGE('',*,*,#2449,.T.);
#3303=ORIENTED_EDGE('',*,*,#2461,.F.);
#3304=ORIENTED_EDGE('',*,*,#2459,.T.);
#3305=ORIENTED_EDGE('',*,*,#2462,.F.);
#3306=ORIENTED_EDGE('',*,*,#2463,.F.);
#3307=ORIENTED_EDGE('',*,*,#2464,.T.);
#3308=ORIENTED_EDGE('',*,*,#2458,.T.);
#3309=ORIENTED_EDGE('',*,*,#2465,.F.);
#3310=ORIENTED_EDGE('',*,*,#2466,.F.);
#3311=ORIENTED_EDGE('',*,*,#2462,.T.);
#3312=ORIENTED_EDGE('',*,*,#2457,.T.);
#3313=ORIENTED_EDGE('',*,*,#2467,.F.);
#3314=ORIENTED_EDGE('',*,*,#2468,.F.);
#3315=ORIENTED_EDGE('',*,*,#2465,.T.);
#3316=ORIENTED_EDGE('',*,*,#2456,.T.);
#3317=ORIENTED_EDGE('',*,*,#2469,.F.);
#3318=ORIENTED_EDGE('',*,*,#2470,.F.);
#3319=ORIENTED_EDGE('',*,*,#2467,.T.);
#3320=ORIENTED_EDGE('',*,*,#2455,.T.);
#3321=ORIENTED_EDGE('',*,*,#2471,.F.);
#3322=ORIENTED_EDGE('',*,*,#2472,.F.);
#3323=ORIENTED_EDGE('',*,*,#2469,.T.);
#3324=ORIENTED_EDGE('',*,*,#2224,.T.);
#3325=ORIENTED_EDGE('',*,*,#2473,.F.);
#3326=ORIENTED_EDGE('',*,*,#2474,.F.);
#3327=ORIENTED_EDGE('',*,*,#2471,.T.);
#3328=ORIENTED_EDGE('',*,*,#2461,.T.);
#3329=ORIENTED_EDGE('',*,*,#2448,.F.);
#3330=ORIENTED_EDGE('',*,*,#2475,.F.);
#3331=ORIENTED_EDGE('',*,*,#2476,.T.);
#3332=ORIENTED_EDGE('',*,*,#2359,.F.);
#3333=ORIENTED_EDGE('',*,*,#2476,.F.);
#3334=ORIENTED_EDGE('',*,*,#2477,.F.);
#3335=ORIENTED_EDGE('',*,*,#2478,.T.);
#3336=ORIENTED_EDGE('',*,*,#2358,.F.);
#3337=ORIENTED_EDGE('',*,*,#2478,.F.);
#3338=ORIENTED_EDGE('',*,*,#2479,.F.);
#3339=ORIENTED_EDGE('',*,*,#2480,.T.);
#3340=ORIENTED_EDGE('',*,*,#2357,.F.);
#3341=ORIENTED_EDGE('',*,*,#2480,.F.);
#3342=ORIENTED_EDGE('',*,*,#2481,.F.);
#3343=ORIENTED_EDGE('',*,*,#2482,.T.);
#3344=ORIENTED_EDGE('',*,*,#2356,.F.);
#3345=ORIENTED_EDGE('',*,*,#2482,.F.);
#3346=ORIENTED_EDGE('',*,*,#2483,.F.);
#3347=ORIENTED_EDGE('',*,*,#2484,.T.);
#3348=ORIENTED_EDGE('',*,*,#2296,.T.);
#3349=ORIENTED_EDGE('',*,*,#2484,.F.);
#3350=ORIENTED_EDGE('',*,*,#2483,.T.);
#3351=ORIENTED_EDGE('',*,*,#2481,.T.);
#3352=ORIENTED_EDGE('',*,*,#2174,.T.);
#3353=ORIENTED_EDGE('',*,*,#2178,.T.);
#3354=ORIENTED_EDGE('',*,*,#2181,.T.);
#3355=ORIENTED_EDGE('',*,*,#2184,.T.);
#3356=ORIENTED_EDGE('',*,*,#2187,.T.);
#3357=ORIENTED_EDGE('',*,*,#2431,.F.);
#3358=ORIENTED_EDGE('',*,*,#2479,.T.);
#3359=ORIENTED_EDGE('',*,*,#2485,.F.);
#3360=ORIENTED_EDGE('',*,*,#2486,.T.);
#3361=ORIENTED_EDGE('',*,*,#2295,.T.);
#3362=ORIENTED_EDGE('',*,*,#2486,.F.);
#3363=ORIENTED_EDGE('',*,*,#2485,.T.);
#3364=ORIENTED_EDGE('',*,*,#2475,.T.);
#3365=ORIENTED_EDGE('',*,*,#2190,.T.);
#3366=ORIENTED_EDGE('',*,*,#2194,.T.);
#3367=ORIENTED_EDGE('',*,*,#2197,.T.);
#3368=ORIENTED_EDGE('',*,*,#2200,.T.);
#3369=ORIENTED_EDGE('',*,*,#2203,.T.);
#3370=ORIENTED_EDGE('',*,*,#2432,.F.);
#3371=ORIENTED_EDGE('',*,*,#2477,.T.);
#3372=ORIENTED_EDGE('',*,*,#2487,.F.);
#3373=ORIENTED_EDGE('',*,*,#2488,.T.);
#3374=ORIENTED_EDGE('',*,*,#2340,.F.);
#3375=ORIENTED_EDGE('',*,*,#2488,.F.);
#3376=ORIENTED_EDGE('',*,*,#2489,.F.);
#3377=ORIENTED_EDGE('',*,*,#2490,.T.);
#3378=ORIENTED_EDGE('',*,*,#2341,.F.);
#3379=ORIENTED_EDGE('',*,*,#2490,.F.);
#3380=ORIENTED_EDGE('',*,*,#2491,.F.);
#3381=ORIENTED_EDGE('',*,*,#2492,.T.);
#3382=ORIENTED_EDGE('',*,*,#2342,.F.);
#3383=ORIENTED_EDGE('',*,*,#2492,.F.);
#3384=ORIENTED_EDGE('',*,*,#2493,.F.);
#3385=ORIENTED_EDGE('',*,*,#2494,.T.);
#3386=ORIENTED_EDGE('',*,*,#2343,.F.);
#3387=ORIENTED_EDGE('',*,*,#2494,.F.);
#3388=ORIENTED_EDGE('',*,*,#2495,.T.);
#3389=ORIENTED_EDGE('',*,*,#2496,.T.);
#3390=ORIENTED_EDGE('',*,*,#2285,.T.);
#3391=ORIENTED_EDGE('',*,*,#2496,.F.);
#3392=ORIENTED_EDGE('',*,*,#2495,.F.);
#3393=ORIENTED_EDGE('',*,*,#2493,.T.);
#3394=ORIENTED_EDGE('',*,*,#2236,.T.);
#3395=ORIENTED_EDGE('',*,*,#2497,.T.);
#3396=ORIENTED_EDGE('',*,*,#2498,.T.);
#3397=ORIENTED_EDGE('',*,*,#2499,.F.);
#3398=ORIENTED_EDGE('',*,*,#2235,.T.);
#3399=ORIENTED_EDGE('',*,*,#2500,.T.);
#3400=ORIENTED_EDGE('',*,*,#2501,.T.);
#3401=ORIENTED_EDGE('',*,*,#2497,.F.);
#3402=ORIENTED_EDGE('',*,*,#2234,.T.);
#3403=ORIENTED_EDGE('',*,*,#2438,.T.);
#3404=ORIENTED_EDGE('',*,*,#2502,.T.);
#3405=ORIENTED_EDGE('',*,*,#2500,.F.);
#3406=ORIENTED_EDGE('',*,*,#2238,.T.);
#3407=ORIENTED_EDGE('',*,*,#2503,.T.);
#3408=ORIENTED_EDGE('',*,*,#2504,.T.);
#3409=ORIENTED_EDGE('',*,*,#2436,.F.);
#3410=ORIENTED_EDGE('',*,*,#2237,.T.);
#3411=ORIENTED_EDGE('',*,*,#2499,.T.);
#3412=ORIENTED_EDGE('',*,*,#2505,.T.);
#3413=ORIENTED_EDGE('',*,*,#2503,.F.);
#3414=ORIENTED_EDGE('',*,*,#2502,.F.);
#3415=ORIENTED_EDGE('',*,*,#2437,.F.);
#3416=ORIENTED_EDGE('',*,*,#2504,.F.);
#3417=ORIENTED_EDGE('',*,*,#2505,.F.);
#3418=ORIENTED_EDGE('',*,*,#2498,.F.);
#3419=ORIENTED_EDGE('',*,*,#2501,.F.);
#3420=ORIENTED_EDGE('',*,*,#2491,.T.);
#3421=ORIENTED_EDGE('',*,*,#2506,.T.);
#3422=ORIENTED_EDGE('',*,*,#2507,.T.);
#3423=ORIENTED_EDGE('',*,*,#2286,.T.);
#3424=ORIENTED_EDGE('',*,*,#2507,.F.);
#3425=ORIENTED_EDGE('',*,*,#2506,.F.);
#3426=ORIENTED_EDGE('',*,*,#2487,.T.);
#3427=ORIENTED_EDGE('',*,*,#2242,.T.);
#3428=ORIENTED_EDGE('',*,*,#2508,.T.);
#3429=ORIENTED_EDGE('',*,*,#2509,.T.);
#3430=ORIENTED_EDGE('',*,*,#2510,.F.);
#3431=ORIENTED_EDGE('',*,*,#2241,.T.);
#3432=ORIENTED_EDGE('',*,*,#2511,.T.);
#3433=ORIENTED_EDGE('',*,*,#2512,.T.);
#3434=ORIENTED_EDGE('',*,*,#2508,.F.);
#3435=ORIENTED_EDGE('',*,*,#2240,.T.);
#3436=ORIENTED_EDGE('',*,*,#2435,.T.);
#3437=ORIENTED_EDGE('',*,*,#2513,.T.);
#3438=ORIENTED_EDGE('',*,*,#2511,.F.);
#3439=ORIENTED_EDGE('',*,*,#2244,.T.);
#3440=ORIENTED_EDGE('',*,*,#2514,.T.);
#3441=ORIENTED_EDGE('',*,*,#2515,.T.);
#3442=ORIENTED_EDGE('',*,*,#2433,.F.);
#3443=ORIENTED_EDGE('',*,*,#2243,.T.);
#3444=ORIENTED_EDGE('',*,*,#2510,.T.);
#3445=ORIENTED_EDGE('',*,*,#2516,.T.);
#3446=ORIENTED_EDGE('',*,*,#2514,.F.);
#3447=ORIENTED_EDGE('',*,*,#2513,.F.);
#3448=ORIENTED_EDGE('',*,*,#2434,.F.);
#3449=ORIENTED_EDGE('',*,*,#2515,.F.);
#3450=ORIENTED_EDGE('',*,*,#2516,.F.);
#3451=ORIENTED_EDGE('',*,*,#2509,.F.);
#3452=ORIENTED_EDGE('',*,*,#2512,.F.);
#3453=ORIENTED_EDGE('',*,*,#2489,.T.);
#3454=ORIENTED_EDGE('',*,*,#2517,.F.);
#3455=ORIENTED_EDGE('',*,*,#2518,.T.);
#3456=ORIENTED_EDGE('',*,*,#2355,.F.);
#3457=ORIENTED_EDGE('',*,*,#2518,.F.);
#3458=ORIENTED_EDGE('',*,*,#2519,.F.);
#3459=ORIENTED_EDGE('',*,*,#2520,.T.);
#3460=ORIENTED_EDGE('',*,*,#2354,.F.);
#3461=ORIENTED_EDGE('',*,*,#2520,.F.);
#3462=ORIENTED_EDGE('',*,*,#2521,.F.);
#3463=ORIENTED_EDGE('',*,*,#2522,.T.);
#3464=ORIENTED_EDGE('',*,*,#2353,.F.);
#3465=ORIENTED_EDGE('',*,*,#2522,.F.);
#3466=ORIENTED_EDGE('',*,*,#2523,.F.);
#3467=ORIENTED_EDGE('',*,*,#2524,.T.);
#3468=ORIENTED_EDGE('',*,*,#2352,.F.);
#3469=ORIENTED_EDGE('',*,*,#2524,.F.);
#3470=ORIENTED_EDGE('',*,*,#2525,.T.);
#3471=ORIENTED_EDGE('',*,*,#2526,.T.);
#3472=ORIENTED_EDGE('',*,*,#2294,.T.);
#3473=ORIENTED_EDGE('',*,*,#2526,.F.);
#3474=ORIENTED_EDGE('',*,*,#2525,.F.);
#3475=ORIENTED_EDGE('',*,*,#2523,.T.);
#3476=ORIENTED_EDGE('',*,*,#2127,.F.);
#3477=ORIENTED_EDGE('',*,*,#2527,.F.);
#3478=ORIENTED_EDGE('',*,*,#2114,.F.);
#3479=ORIENTED_EDGE('',*,*,#2118,.F.);
#3480=ORIENTED_EDGE('',*,*,#2121,.F.);
#3481=ORIENTED_EDGE('',*,*,#2124,.F.);
#3482=ORIENTED_EDGE('',*,*,#2521,.T.);
#3483=ORIENTED_EDGE('',*,*,#2528,.T.);
#3484=ORIENTED_EDGE('',*,*,#2529,.T.);
#3485=ORIENTED_EDGE('',*,*,#2293,.T.);
#3486=ORIENTED_EDGE('',*,*,#2529,.F.);
#3487=ORIENTED_EDGE('',*,*,#2528,.F.);
#3488=ORIENTED_EDGE('',*,*,#2517,.T.);
#3489=ORIENTED_EDGE('',*,*,#2111,.F.);
#3490=ORIENTED_EDGE('',*,*,#2530,.F.);
#3491=ORIENTED_EDGE('',*,*,#2098,.F.);
#3492=ORIENTED_EDGE('',*,*,#2102,.F.);
#3493=ORIENTED_EDGE('',*,*,#2105,.F.);
#3494=ORIENTED_EDGE('',*,*,#2108,.F.);
#3495=ORIENTED_EDGE('',*,*,#2519,.T.);
#3496=ORIENTED_EDGE('',*,*,#2207,.T.);
#3497=ORIENTED_EDGE('',*,*,#2099,.T.);
#3498=ORIENTED_EDGE('',*,*,#2530,.T.);
#3499=ORIENTED_EDGE('',*,*,#2110,.F.);
#3500=ORIENTED_EDGE('',*,*,#2249,.T.);
#3501=ORIENTED_EDGE('',*,*,#2115,.T.);
#3502=ORIENTED_EDGE('',*,*,#2527,.T.);
#3503=ORIENTED_EDGE('',*,*,#2126,.F.);
#3504=ORIENTED_EDGE('',*,*,#2248,.T.);
#3505=ORIENTED_EDGE('',*,*,#2131,.F.);
#3506=ORIENTED_EDGE('',*,*,#2531,.F.);
#3507=ORIENTED_EDGE('',*,*,#2532,.T.);
#3508=ORIENTED_EDGE('',*,*,#2219,.T.);
#3509=ORIENTED_EDGE('',*,*,#2533,.F.);
#3510=ORIENTED_EDGE('',*,*,#2534,.T.);
#3511=ORIENTED_EDGE('',*,*,#2535,.T.);
#3512=ORIENTED_EDGE('',*,*,#2213,.T.);
#3513=ORIENTED_EDGE('',*,*,#2536,.F.);
#3514=ORIENTED_EDGE('',*,*,#2537,.T.);
#3515=ORIENTED_EDGE('',*,*,#2538,.T.);
#3516=ORIENTED_EDGE('',*,*,#2539,.F.);
#3517=ORIENTED_EDGE('',*,*,#2540,.T.);
#3518=ORIENTED_EDGE('',*,*,#2344,.F.);
#3519=ORIENTED_EDGE('',*,*,#2540,.F.);
#3520=ORIENTED_EDGE('',*,*,#2541,.F.);
#3521=ORIENTED_EDGE('',*,*,#2542,.T.);
#3522=ORIENTED_EDGE('',*,*,#2345,.F.);
#3523=ORIENTED_EDGE('',*,*,#2542,.F.);
#3524=ORIENTED_EDGE('',*,*,#2543,.F.);
#3525=ORIENTED_EDGE('',*,*,#2544,.T.);
#3526=ORIENTED_EDGE('',*,*,#2346,.F.);
#3527=ORIENTED_EDGE('',*,*,#2544,.F.);
#3528=ORIENTED_EDGE('',*,*,#2545,.F.);
#3529=ORIENTED_EDGE('',*,*,#2546,.T.);
#3530=ORIENTED_EDGE('',*,*,#2347,.F.);
#3531=ORIENTED_EDGE('',*,*,#2546,.F.);
#3532=ORIENTED_EDGE('',*,*,#2547,.F.);
#3533=ORIENTED_EDGE('',*,*,#2548,.T.);
#3534=ORIENTED_EDGE('',*,*,#2292,.T.);
#3535=ORIENTED_EDGE('',*,*,#2548,.F.);
#3536=ORIENTED_EDGE('',*,*,#2547,.T.);
#3537=ORIENTED_EDGE('',*,*,#2541,.T.);
#3538=ORIENTED_EDGE('',*,*,#2549,.F.);
#3539=ORIENTED_EDGE('',*,*,#2550,.T.);
#3540=ORIENTED_EDGE('',*,*,#2291,.T.);
#3541=ORIENTED_EDGE('',*,*,#2550,.F.);
#3542=ORIENTED_EDGE('',*,*,#2549,.T.);
#3543=ORIENTED_EDGE('',*,*,#2545,.T.);
#3544=ORIENTED_EDGE('',*,*,#2210,.T.);
#3545=ORIENTED_EDGE('',*,*,#2551,.T.);
#3546=ORIENTED_EDGE('',*,*,#2552,.F.);
#3547=ORIENTED_EDGE('',*,*,#2553,.F.);
#3548=ORIENTED_EDGE('',*,*,#2211,.T.);
#3549=ORIENTED_EDGE('',*,*,#2553,.T.);
#3550=ORIENTED_EDGE('',*,*,#2554,.F.);
#3551=ORIENTED_EDGE('',*,*,#2555,.F.);
#3552=ORIENTED_EDGE('',*,*,#2212,.T.);
#3553=ORIENTED_EDGE('',*,*,#2555,.T.);
#3554=ORIENTED_EDGE('',*,*,#2556,.F.);
#3555=ORIENTED_EDGE('',*,*,#2536,.T.);
#3556=ORIENTED_EDGE('',*,*,#2208,.T.);
#3557=ORIENTED_EDGE('',*,*,#2538,.F.);
#3558=ORIENTED_EDGE('',*,*,#2557,.F.);
#3559=ORIENTED_EDGE('',*,*,#2558,.F.);
#3560=ORIENTED_EDGE('',*,*,#2209,.T.);
#3561=ORIENTED_EDGE('',*,*,#2558,.T.);
#3562=ORIENTED_EDGE('',*,*,#2559,.F.);
#3563=ORIENTED_EDGE('',*,*,#2551,.F.);
#3564=ORIENTED_EDGE('',*,*,#2556,.T.);
#3565=ORIENTED_EDGE('',*,*,#2554,.T.);
#3566=ORIENTED_EDGE('',*,*,#2552,.T.);
#3567=ORIENTED_EDGE('',*,*,#2559,.T.);
#3568=ORIENTED_EDGE('',*,*,#2557,.T.);
#3569=ORIENTED_EDGE('',*,*,#2537,.F.);
#3570=ORIENTED_EDGE('',*,*,#2539,.T.);
#3571=ORIENTED_EDGE('',*,*,#2216,.T.);
#3572=ORIENTED_EDGE('',*,*,#2560,.T.);
#3573=ORIENTED_EDGE('',*,*,#2561,.F.);
#3574=ORIENTED_EDGE('',*,*,#2562,.F.);
#3575=ORIENTED_EDGE('',*,*,#2217,.T.);
#3576=ORIENTED_EDGE('',*,*,#2562,.T.);
#3577=ORIENTED_EDGE('',*,*,#2563,.F.);
#3578=ORIENTED_EDGE('',*,*,#2564,.F.);
#3579=ORIENTED_EDGE('',*,*,#2218,.T.);
#3580=ORIENTED_EDGE('',*,*,#2564,.T.);
#3581=ORIENTED_EDGE('',*,*,#2565,.F.);
#3582=ORIENTED_EDGE('',*,*,#2533,.T.);
#3583=ORIENTED_EDGE('',*,*,#2214,.T.);
#3584=ORIENTED_EDGE('',*,*,#2535,.F.);
#3585=ORIENTED_EDGE('',*,*,#2566,.F.);
#3586=ORIENTED_EDGE('',*,*,#2567,.F.);
#3587=ORIENTED_EDGE('',*,*,#2215,.T.);
#3588=ORIENTED_EDGE('',*,*,#2567,.T.);
#3589=ORIENTED_EDGE('',*,*,#2568,.F.);
#3590=ORIENTED_EDGE('',*,*,#2560,.F.);
#3591=ORIENTED_EDGE('',*,*,#2565,.T.);
#3592=ORIENTED_EDGE('',*,*,#2563,.T.);
#3593=ORIENTED_EDGE('',*,*,#2561,.T.);
#3594=ORIENTED_EDGE('',*,*,#2568,.T.);
#3595=ORIENTED_EDGE('',*,*,#2566,.T.);
#3596=ORIENTED_EDGE('',*,*,#2534,.F.);
#3597=ORIENTED_EDGE('',*,*,#2543,.T.);
#3598=ORIENTED_EDGE('',*,*,#2569,.F.);
#3599=ORIENTED_EDGE('',*,*,#2570,.T.);
#3600=ORIENTED_EDGE('',*,*,#2348,.F.);
#3601=ORIENTED_EDGE('',*,*,#2570,.F.);
#3602=ORIENTED_EDGE('',*,*,#2571,.F.);
#3603=ORIENTED_EDGE('',*,*,#2572,.T.);
#3604=ORIENTED_EDGE('',*,*,#2349,.F.);
#3605=ORIENTED_EDGE('',*,*,#2572,.F.);
#3606=ORIENTED_EDGE('',*,*,#2573,.F.);
#3607=ORIENTED_EDGE('',*,*,#2574,.T.);
#3608=ORIENTED_EDGE('',*,*,#2350,.F.);
#3609=ORIENTED_EDGE('',*,*,#2574,.F.);
#3610=ORIENTED_EDGE('',*,*,#2575,.F.);
#3611=ORIENTED_EDGE('',*,*,#2576,.T.);
#3612=ORIENTED_EDGE('',*,*,#2351,.F.);
#3613=ORIENTED_EDGE('',*,*,#2576,.F.);
#3614=ORIENTED_EDGE('',*,*,#2577,.F.);
#3615=ORIENTED_EDGE('',*,*,#2578,.T.);
#3616=ORIENTED_EDGE('',*,*,#2287,.T.);
#3617=ORIENTED_EDGE('',*,*,#2578,.F.);
#3618=ORIENTED_EDGE('',*,*,#2577,.T.);
#3619=ORIENTED_EDGE('',*,*,#2575,.T.);
#3620=ORIENTED_EDGE('',*,*,#2579,.F.);
#3621=ORIENTED_EDGE('',*,*,#2580,.T.);
#3622=ORIENTED_EDGE('',*,*,#2288,.T.);
#3623=ORIENTED_EDGE('',*,*,#2580,.F.);
#3624=ORIENTED_EDGE('',*,*,#2579,.T.);
#3625=ORIENTED_EDGE('',*,*,#2571,.T.);
#3626=ORIENTED_EDGE('',*,*,#2581,.F.);
#3627=ORIENTED_EDGE('',*,*,#2582,.T.);
#3628=ORIENTED_EDGE('',*,*,#2289,.T.);
#3629=ORIENTED_EDGE('',*,*,#2582,.F.);
#3630=ORIENTED_EDGE('',*,*,#2581,.T.);
#3631=ORIENTED_EDGE('',*,*,#2569,.T.);
#3632=ORIENTED_EDGE('',*,*,#2583,.F.);
#3633=ORIENTED_EDGE('',*,*,#2584,.T.);
#3634=ORIENTED_EDGE('',*,*,#2290,.T.);
#3635=ORIENTED_EDGE('',*,*,#2584,.F.);
#3636=ORIENTED_EDGE('',*,*,#2583,.T.);
#3637=ORIENTED_EDGE('',*,*,#2573,.T.);
#3638=ORIENTED_EDGE('',*,*,#2230,.T.);
#3639=ORIENTED_EDGE('',*,*,#2585,.F.);
#3640=ORIENTED_EDGE('',*,*,#2586,.F.);
#3641=ORIENTED_EDGE('',*,*,#2587,.T.);
#3642=ORIENTED_EDGE('',*,*,#2231,.T.);
#3643=ORIENTED_EDGE('',*,*,#2587,.F.);
#3644=ORIENTED_EDGE('',*,*,#2588,.F.);
#3645=ORIENTED_EDGE('',*,*,#2589,.T.);
#3646=ORIENTED_EDGE('',*,*,#2232,.T.);
#3647=ORIENTED_EDGE('',*,*,#2589,.F.);
#3648=ORIENTED_EDGE('',*,*,#2590,.F.);
#3649=ORIENTED_EDGE('',*,*,#2429,.T.);
#3650=ORIENTED_EDGE('',*,*,#2443,.T.);
#3651=ORIENTED_EDGE('',*,*,#2447,.F.);
#3652=ORIENTED_EDGE('',*,*,#2591,.F.);
#3653=ORIENTED_EDGE('',*,*,#2592,.T.);
#3654=ORIENTED_EDGE('',*,*,#2444,.T.);
#3655=ORIENTED_EDGE('',*,*,#2592,.F.);
#3656=ORIENTED_EDGE('',*,*,#2593,.F.);
#3657=ORIENTED_EDGE('',*,*,#2594,.T.);
#3658=ORIENTED_EDGE('',*,*,#2445,.T.);
#3659=ORIENTED_EDGE('',*,*,#2594,.F.);
#3660=ORIENTED_EDGE('',*,*,#2595,.F.);
#3661=ORIENTED_EDGE('',*,*,#2596,.T.);
#3662=ORIENTED_EDGE('',*,*,#2441,.T.);
#3663=ORIENTED_EDGE('',*,*,#2596,.F.);
#3664=ORIENTED_EDGE('',*,*,#2597,.F.);
#3665=ORIENTED_EDGE('',*,*,#2144,.T.);
#3666=ORIENTED_EDGE('',*,*,#2220,.T.);
#3667=ORIENTED_EDGE('',*,*,#2532,.F.);
#3668=ORIENTED_EDGE('',*,*,#2598,.F.);
#3669=ORIENTED_EDGE('',*,*,#2599,.T.);
#3670=ORIENTED_EDGE('',*,*,#2221,.T.);
#3671=ORIENTED_EDGE('',*,*,#2599,.F.);
#3672=ORIENTED_EDGE('',*,*,#2600,.F.);
#3673=ORIENTED_EDGE('',*,*,#2601,.T.);
#3674=ORIENTED_EDGE('',*,*,#2222,.T.);
#3675=ORIENTED_EDGE('',*,*,#2601,.F.);
#3676=ORIENTED_EDGE('',*,*,#2602,.F.);
#3677=ORIENTED_EDGE('',*,*,#2603,.T.);
#3678=ORIENTED_EDGE('',*,*,#2223,.T.);
#3679=ORIENTED_EDGE('',*,*,#2603,.F.);
#3680=ORIENTED_EDGE('',*,*,#2604,.F.);
#3681=ORIENTED_EDGE('',*,*,#2473,.T.);
#3682=ORIENTED_EDGE('',*,*,#2228,.T.);
#3683=ORIENTED_EDGE('',*,*,#2454,.T.);
#3684=ORIENTED_EDGE('',*,*,#2460,.T.);
#3685=ORIENTED_EDGE('',*,*,#2464,.F.);
#3686=ORIENTED_EDGE('',*,*,#2605,.F.);
#3687=ORIENTED_EDGE('',*,*,#2606,.T.);
#3688=ORIENTED_EDGE('',*,*,#2229,.T.);
#3689=ORIENTED_EDGE('',*,*,#2606,.F.);
#3690=ORIENTED_EDGE('',*,*,#2607,.F.);
#3691=ORIENTED_EDGE('',*,*,#2585,.T.);
#3692=ORIENTED_EDGE('',*,*,#2315,.T.);
#3693=ORIENTED_EDGE('',*,*,#2608,.T.);
#3694=ORIENTED_EDGE('',*,*,#2609,.T.);
#3695=ORIENTED_EDGE('',*,*,#2610,.T.);
#3696=ORIENTED_EDGE('',*,*,#2608,.F.);
#3697=ORIENTED_EDGE('',*,*,#2314,.T.);
#3698=ORIENTED_EDGE('',*,*,#2611,.F.);
#3699=ORIENTED_EDGE('',*,*,#2612,.F.);
#3700=ORIENTED_EDGE('',*,*,#2321,.T.);
#3701=ORIENTED_EDGE('',*,*,#2613,.T.);
#3702=ORIENTED_EDGE('',*,*,#2614,.T.);
#3703=ORIENTED_EDGE('',*,*,#2615,.T.);
#3704=ORIENTED_EDGE('',*,*,#2613,.F.);
#3705=ORIENTED_EDGE('',*,*,#2320,.T.);
#3706=ORIENTED_EDGE('',*,*,#2616,.F.);
#3707=ORIENTED_EDGE('',*,*,#2617,.F.);
#3708=ORIENTED_EDGE('',*,*,#2331,.T.);
#3709=ORIENTED_EDGE('',*,*,#2618,.T.);
#3710=ORIENTED_EDGE('',*,*,#2619,.T.);
#3711=ORIENTED_EDGE('',*,*,#2620,.T.);
#3712=ORIENTED_EDGE('',*,*,#2618,.F.);
#3713=ORIENTED_EDGE('',*,*,#2330,.T.);
#3714=ORIENTED_EDGE('',*,*,#2621,.F.);
#3715=ORIENTED_EDGE('',*,*,#2622,.F.);
#3716=ORIENTED_EDGE('',*,*,#2305,.T.);
#3717=ORIENTED_EDGE('',*,*,#2623,.T.);
#3718=ORIENTED_EDGE('',*,*,#2624,.T.);
#3719=ORIENTED_EDGE('',*,*,#2625,.T.);
#3720=ORIENTED_EDGE('',*,*,#2623,.F.);
#3721=ORIENTED_EDGE('',*,*,#2304,.F.);
#3722=ORIENTED_EDGE('',*,*,#2626,.F.);
#3723=ORIENTED_EDGE('',*,*,#2627,.F.);
#3724=ORIENTED_EDGE('',*,*,#2628,.T.);
#3725=ORIENTED_EDGE('',*,*,#2629,.T.);
#3726=ORIENTED_EDGE('',*,*,#2301,.T.);
#3727=ORIENTED_EDGE('',*,*,#2630,.T.);
#3728=ORIENTED_EDGE('',*,*,#2629,.F.);
#3729=ORIENTED_EDGE('',*,*,#2631,.F.);
#3730=ORIENTED_EDGE('',*,*,#2632,.F.);
#3731=ORIENTED_EDGE('',*,*,#2302,.T.);
#3732=ORIENTED_EDGE('',*,*,#2633,.T.);
#3733=ORIENTED_EDGE('',*,*,#2626,.T.);
#3734=ORIENTED_EDGE('',*,*,#2303,.T.);
#3735=ORIENTED_EDGE('',*,*,#2632,.T.);
#3736=ORIENTED_EDGE('',*,*,#2634,.T.);
#3737=ORIENTED_EDGE('',*,*,#2635,.T.);
#3738=ORIENTED_EDGE('',*,*,#2307,.T.);
#3739=ORIENTED_EDGE('',*,*,#2636,.T.);
#3740=ORIENTED_EDGE('',*,*,#2635,.F.);
#3741=ORIENTED_EDGE('',*,*,#2637,.T.);
#3742=ORIENTED_EDGE('',*,*,#2638,.F.);
#3743=ORIENTED_EDGE('',*,*,#2308,.T.);
#3744=ORIENTED_EDGE('',*,*,#2309,.T.);
#3745=ORIENTED_EDGE('',*,*,#2638,.T.);
#3746=ORIENTED_EDGE('',*,*,#2639,.T.);
#3747=ORIENTED_EDGE('',*,*,#2640,.T.);
#3748=ORIENTED_EDGE('',*,*,#2641,.T.);
#3749=ORIENTED_EDGE('',*,*,#2642,.T.);
#3750=ORIENTED_EDGE('',*,*,#2311,.T.);
#3751=ORIENTED_EDGE('',*,*,#2643,.T.);
#3752=ORIENTED_EDGE('',*,*,#2642,.F.);
#3753=ORIENTED_EDGE('',*,*,#2644,.T.);
#3754=ORIENTED_EDGE('',*,*,#2645,.F.);
#3755=ORIENTED_EDGE('',*,*,#2312,.T.);
#3756=ORIENTED_EDGE('',*,*,#2313,.T.);
#3757=ORIENTED_EDGE('',*,*,#2645,.T.);
#3758=ORIENTED_EDGE('',*,*,#2646,.T.);
#3759=ORIENTED_EDGE('',*,*,#2611,.T.);
#3760=ORIENTED_EDGE('',*,*,#2647,.T.);
#3761=ORIENTED_EDGE('',*,*,#2648,.T.);
#3762=ORIENTED_EDGE('',*,*,#2317,.T.);
#3763=ORIENTED_EDGE('',*,*,#2649,.T.);
#3764=ORIENTED_EDGE('',*,*,#2648,.F.);
#3765=ORIENTED_EDGE('',*,*,#2650,.F.);
#3766=ORIENTED_EDGE('',*,*,#2651,.F.);
#3767=ORIENTED_EDGE('',*,*,#2318,.T.);
#3768=ORIENTED_EDGE('',*,*,#2652,.T.);
#3769=ORIENTED_EDGE('',*,*,#2616,.T.);
#3770=ORIENTED_EDGE('',*,*,#2319,.T.);
#3771=ORIENTED_EDGE('',*,*,#2651,.T.);
#3772=ORIENTED_EDGE('',*,*,#2653,.T.);
#3773=ORIENTED_EDGE('',*,*,#2654,.T.);
#3774=ORIENTED_EDGE('',*,*,#2323,.T.);
#3775=ORIENTED_EDGE('',*,*,#2655,.T.);
#3776=ORIENTED_EDGE('',*,*,#2654,.F.);
#3777=ORIENTED_EDGE('',*,*,#2656,.T.);
#3778=ORIENTED_EDGE('',*,*,#2657,.F.);
#3779=ORIENTED_EDGE('',*,*,#2324,.T.);
#3780=ORIENTED_EDGE('',*,*,#2325,.T.);
#3781=ORIENTED_EDGE('',*,*,#2657,.T.);
#3782=ORIENTED_EDGE('',*,*,#2658,.T.);
#3783=ORIENTED_EDGE('',*,*,#2659,.T.);
#3784=ORIENTED_EDGE('',*,*,#2660,.T.);
#3785=ORIENTED_EDGE('',*,*,#2661,.T.);
#3786=ORIENTED_EDGE('',*,*,#2327,.T.);
#3787=ORIENTED_EDGE('',*,*,#2662,.T.);
#3788=ORIENTED_EDGE('',*,*,#2661,.F.);
#3789=ORIENTED_EDGE('',*,*,#2663,.T.);
#3790=ORIENTED_EDGE('',*,*,#2664,.F.);
#3791=ORIENTED_EDGE('',*,*,#2328,.T.);
#3792=ORIENTED_EDGE('',*,*,#2329,.T.);
#3793=ORIENTED_EDGE('',*,*,#2664,.T.);
#3794=ORIENTED_EDGE('',*,*,#2665,.T.);
#3795=ORIENTED_EDGE('',*,*,#2621,.T.);
#3796=ORIENTED_EDGE('',*,*,#2659,.F.);
#3797=ORIENTED_EDGE('',*,*,#2666,.F.);
#3798=ORIENTED_EDGE('',*,*,#2662,.F.);
#3799=ORIENTED_EDGE('',*,*,#2326,.T.);
#3800=ORIENTED_EDGE('',*,*,#2625,.F.);
#3801=ORIENTED_EDGE('',*,*,#2667,.F.);
#3802=ORIENTED_EDGE('',*,*,#2636,.F.);
#3803=ORIENTED_EDGE('',*,*,#2306,.T.);
#3804=ORIENTED_EDGE('',*,*,#2640,.F.);
#3805=ORIENTED_EDGE('',*,*,#2668,.F.);
#3806=ORIENTED_EDGE('',*,*,#2643,.F.);
#3807=ORIENTED_EDGE('',*,*,#2310,.T.);
#3808=ORIENTED_EDGE('',*,*,#2610,.F.);
#3809=ORIENTED_EDGE('',*,*,#2669,.F.);
#3810=ORIENTED_EDGE('',*,*,#2649,.F.);
#3811=ORIENTED_EDGE('',*,*,#2316,.T.);
#3812=ORIENTED_EDGE('',*,*,#2615,.F.);
#3813=ORIENTED_EDGE('',*,*,#2670,.F.);
#3814=ORIENTED_EDGE('',*,*,#2655,.F.);
#3815=ORIENTED_EDGE('',*,*,#2322,.T.);
#3816=ORIENTED_EDGE('',*,*,#2620,.F.);
#3817=ORIENTED_EDGE('',*,*,#2671,.F.);
#3818=ORIENTED_EDGE('',*,*,#2630,.F.);
#3819=ORIENTED_EDGE('',*,*,#2332,.T.);
#3820=ORIENTED_EDGE('',*,*,#2628,.F.);
#3821=ORIENTED_EDGE('',*,*,#2671,.T.);
#3822=ORIENTED_EDGE('',*,*,#2619,.F.);
#3823=ORIENTED_EDGE('',*,*,#2622,.T.);
#3824=ORIENTED_EDGE('',*,*,#2665,.F.);
#3825=ORIENTED_EDGE('',*,*,#2663,.F.);
#3826=ORIENTED_EDGE('',*,*,#2660,.F.);
#3827=ORIENTED_EDGE('',*,*,#2666,.T.);
#3828=ORIENTED_EDGE('',*,*,#2658,.F.);
#3829=ORIENTED_EDGE('',*,*,#2656,.F.);
#3830=ORIENTED_EDGE('',*,*,#2653,.F.);
#3831=ORIENTED_EDGE('',*,*,#2670,.T.);
#3832=ORIENTED_EDGE('',*,*,#2614,.F.);
#3833=ORIENTED_EDGE('',*,*,#2617,.T.);
#3834=ORIENTED_EDGE('',*,*,#2652,.F.);
#3835=ORIENTED_EDGE('',*,*,#2650,.T.);
#3836=ORIENTED_EDGE('',*,*,#2647,.F.);
#3837=ORIENTED_EDGE('',*,*,#2669,.T.);
#3838=ORIENTED_EDGE('',*,*,#2609,.F.);
#3839=ORIENTED_EDGE('',*,*,#2612,.T.);
#3840=ORIENTED_EDGE('',*,*,#2646,.F.);
#3841=ORIENTED_EDGE('',*,*,#2644,.F.);
#3842=ORIENTED_EDGE('',*,*,#2641,.F.);
#3843=ORIENTED_EDGE('',*,*,#2668,.T.);
#3844=ORIENTED_EDGE('',*,*,#2639,.F.);
#3845=ORIENTED_EDGE('',*,*,#2637,.F.);
#3846=ORIENTED_EDGE('',*,*,#2634,.F.);
#3847=ORIENTED_EDGE('',*,*,#2667,.T.);
#3848=ORIENTED_EDGE('',*,*,#2624,.F.);
#3849=ORIENTED_EDGE('',*,*,#2627,.T.);
#3850=ORIENTED_EDGE('',*,*,#2633,.F.);
#3851=ORIENTED_EDGE('',*,*,#2631,.T.);
#3852=ORIENTED_EDGE('',*,*,#2586,.T.);
#3853=ORIENTED_EDGE('',*,*,#2607,.T.);
#3854=ORIENTED_EDGE('',*,*,#2605,.T.);
#3855=ORIENTED_EDGE('',*,*,#2463,.T.);
#3856=ORIENTED_EDGE('',*,*,#2466,.T.);
#3857=ORIENTED_EDGE('',*,*,#2468,.T.);
#3858=ORIENTED_EDGE('',*,*,#2470,.T.);
#3859=ORIENTED_EDGE('',*,*,#2472,.T.);
#3860=ORIENTED_EDGE('',*,*,#2474,.T.);
#3861=ORIENTED_EDGE('',*,*,#2604,.T.);
#3862=ORIENTED_EDGE('',*,*,#2602,.T.);
#3863=ORIENTED_EDGE('',*,*,#2600,.T.);
#3864=ORIENTED_EDGE('',*,*,#2598,.T.);
#3865=ORIENTED_EDGE('',*,*,#2531,.T.);
#3866=ORIENTED_EDGE('',*,*,#2130,.T.);
#3867=ORIENTED_EDGE('',*,*,#2134,.T.);
#3868=ORIENTED_EDGE('',*,*,#2137,.T.);
#3869=ORIENTED_EDGE('',*,*,#2140,.T.);
#3870=ORIENTED_EDGE('',*,*,#2145,.T.);
#3871=ORIENTED_EDGE('',*,*,#2597,.T.);
#3872=ORIENTED_EDGE('',*,*,#2595,.T.);
#3873=ORIENTED_EDGE('',*,*,#2593,.T.);
#3874=ORIENTED_EDGE('',*,*,#2591,.T.);
#3875=ORIENTED_EDGE('',*,*,#2446,.T.);
#3876=ORIENTED_EDGE('',*,*,#2157,.T.);
#3877=ORIENTED_EDGE('',*,*,#2162,.T.);
#3878=ORIENTED_EDGE('',*,*,#2165,.T.);
#3879=ORIENTED_EDGE('',*,*,#2168,.T.);
#3880=ORIENTED_EDGE('',*,*,#2171,.T.);
#3881=ORIENTED_EDGE('',*,*,#2430,.T.);
#3882=ORIENTED_EDGE('',*,*,#2590,.T.);
#3883=ORIENTED_EDGE('',*,*,#2588,.T.);
#3884=CYLINDRICAL_SURFACE('',#4225,3.2);
#3885=CYLINDRICAL_SURFACE('',#4229,3.2);
#3886=CYLINDRICAL_SURFACE('',#4233,3.2);
#3887=CYLINDRICAL_SURFACE('',#4237,3.2);
#3888=CYLINDRICAL_SURFACE('',#4241,1.25);
#3889=CYLINDRICAL_SURFACE('',#4244,1.25);
#3890=CYLINDRICAL_SURFACE('',#4247,3.20000000000002);
#3891=CYLINDRICAL_SURFACE('',#4251,3.);
#3892=CYLINDRICAL_SURFACE('',#4255,3.2);
#3893=CYLINDRICAL_SURFACE('',#4258,3.2);
#3894=CYLINDRICAL_SURFACE('',#4262,3.);
#3895=CYLINDRICAL_SURFACE('',#4266,3.2);
#3896=CYLINDRICAL_SURFACE('',#4269,3.2);
#3897=CYLINDRICAL_SURFACE('',#4273,3.2);
#3898=CYLINDRICAL_SURFACE('',#4277,3.5);
#3899=CYLINDRICAL_SURFACE('',#4281,4.99999999999999);
#3900=CYLINDRICAL_SURFACE('',#4285,5.);
#3901=CYLINDRICAL_SURFACE('',#4288,3.49999999999996);
#3902=CYLINDRICAL_SURFACE('',#4293,3.2);
#3903=CYLINDRICAL_SURFACE('',#4297,3.2);
#3904=CYLINDRICAL_SURFACE('',#4300,3.2);
#3905=CYLINDRICAL_SURFACE('',#4304,3.);
#3906=CYLINDRICAL_SURFACE('',#4308,3.2);
#3907=CYLINDRICAL_SURFACE('',#4311,3.2);
#3908=CYLINDRICAL_SURFACE('',#4315,3.);
#3909=CYLINDRICAL_SURFACE('',#4319,3.20000000000002);
#3910=CYLINDRICAL_SURFACE('',#4322,1.25);
#3911=CYLINDRICAL_SURFACE('',#4429,1.25);
#3912=CYLINDRICAL_SURFACE('',#4430,1.25);
#3913=CYLINDRICAL_SURFACE('',#4431,1.25);
#3914=CYLINDRICAL_SURFACE('',#4432,2.);
#3915=CYLINDRICAL_SURFACE('',#4434,2.);
#3916=CYLINDRICAL_SURFACE('',#4436,2.);
#3917=CYLINDRICAL_SURFACE('',#4438,2.);
#3918=CYLINDRICAL_SURFACE('',#4440,2.);
#3919=CYLINDRICAL_SURFACE('',#4442,2.);
#3920=CYLINDRICAL_SURFACE('',#4444,2.);
#3921=CYLINDRICAL_SURFACE('',#4446,2.);
#3922=CYLINDRICAL_SURFACE('',#4448,2.);
#3923=CYLINDRICAL_SURFACE('',#4450,2.);
#3924=CYLINDRICAL_SURFACE('',#4452,2.);
#3925=CYLINDRICAL_SURFACE('',#4454,2.);
#3926=CYLINDRICAL_SURFACE('',#4456,2.);
#3927=CYLINDRICAL_SURFACE('',#4458,2.);
#3928=CYLINDRICAL_SURFACE('',#4460,2.);
#3929=CYLINDRICAL_SURFACE('',#4462,2.);
#3930=CYLINDRICAL_SURFACE('',#4464,1.25);
#3931=CYLINDRICAL_SURFACE('',#4465,1.25);
#3932=CYLINDRICAL_SURFACE('',#4467,1.25);
#3933=CYLINDRICAL_SURFACE('',#4468,1.25);
#3934=CYLINDRICAL_SURFACE('',#4473,4.99999999999999);
#3935=CYLINDRICAL_SURFACE('',#4476,5.);
#3936=CYLINDRICAL_SURFACE('',#4484,3.2);
#3937=CYLINDRICAL_SURFACE('',#4487,3.2);
#3938=CYLINDRICAL_SURFACE('',#4490,3.49999999999999);
#3939=CYLINDRICAL_SURFACE('',#4492,1.25);
#3940=CYLINDRICAL_SURFACE('',#4494,1.25);
#3941=CYLINDRICAL_SURFACE('',#4496,1.25);
#3942=CYLINDRICAL_SURFACE('',#4498,1.25);
#3943=CYLINDRICAL_SURFACE('',#4500,3.);
#3944=CYLINDRICAL_SURFACE('',#4504,3.);
#3945=CYLINDRICAL_SURFACE('',#4508,1.25);
#3946=CYLINDRICAL_SURFACE('',#4510,1.25);
#3947=CYLINDRICAL_SURFACE('',#4512,1.25);
#3948=CYLINDRICAL_SURFACE('',#4514,1.25);
#3949=CYLINDRICAL_SURFACE('',#4516,3.);
#3950=CYLINDRICAL_SURFACE('',#4519,3.);
#3951=CYLINDRICAL_SURFACE('',#4522,3.2);
#3952=CYLINDRICAL_SURFACE('',#4524,3.2);
#3953=CYLINDRICAL_SURFACE('',#4528,3.);
#3954=CYLINDRICAL_SURFACE('',#4531,3.);
#3955=CYLINDRICAL_SURFACE('',#4534,3.2);
#3956=CYLINDRICAL_SURFACE('',#4536,3.20000000000002);
#3957=CYLINDRICAL_SURFACE('',#4540,1.25);
#3958=CYLINDRICAL_SURFACE('',#4542,1.25);
#3959=CYLINDRICAL_SURFACE('',#4544,1.25);
#3960=CYLINDRICAL_SURFACE('',#4546,1.25);
#3961=CYLINDRICAL_SURFACE('',#4548,3.);
#3962=CYLINDRICAL_SURFACE('',#4552,3.);
#3963=CYLINDRICAL_SURFACE('',#4557,1.25);
#3964=CYLINDRICAL_SURFACE('',#4559,1.25);
#3965=CYLINDRICAL_SURFACE('',#4561,1.25);
#3966=CYLINDRICAL_SURFACE('',#4563,1.25);
#3967=CYLINDRICAL_SURFACE('',#4565,3.);
#3968=CYLINDRICAL_SURFACE('',#4568,3.);
#3969=CYLINDRICAL_SURFACE('',#4571,3.);
#3970=CYLINDRICAL_SURFACE('',#4574,3.2);
#3971=CYLINDRICAL_SURFACE('',#4576,3.20000000000002);
#3972=CYLINDRICAL_SURFACE('',#4580,3.);
#3973=CYLINDRICAL_SURFACE('',#4583,3.2);
#3974=CYLINDRICAL_SURFACE('',#4585,3.2);
#3975=CYLINDRICAL_SURFACE('',#4589,1.25);
#3976=CYLINDRICAL_SURFACE('',#4591,1.25);
#3977=CYLINDRICAL_SURFACE('',#4593,1.25);
#3978=CYLINDRICAL_SURFACE('',#4595,1.25);
#3979=CYLINDRICAL_SURFACE('',#4597,2.75);
#3980=CYLINDRICAL_SURFACE('',#4600,2.75);
#3981=CYLINDRICAL_SURFACE('',#4603,2.75);
#3982=CYLINDRICAL_SURFACE('',#4606,2.75);
#3983=CYLINDRICAL_SURFACE('',#4609,3.2);
#3984=CYLINDRICAL_SURFACE('',#4612,3.2);
#3985=CYLINDRICAL_SURFACE('',#4614,3.2);
#3986=CYLINDRICAL_SURFACE('',#4617,3.2);
#3987=CYLINDRICAL_SURFACE('',#4620,3.2);
#3988=CYLINDRICAL_SURFACE('',#4623,3.2);
#3989=CYLINDRICAL_SURFACE('',#4626,3.5);
#3990=CYLINDRICAL_SURFACE('',#4629,3.2);
#3991=CYLINDRICAL_SURFACE('',#4632,3.2);
#3992=CYLINDRICAL_SURFACE('',#4635,3.2);
#3993=CYLINDRICAL_SURFACE('',#4638,3.2);
#3994=ADVANCED_FACE('',(#253),#3884,.F.);
#3995=ADVANCED_FACE('',(#254),#158,.F.);
#3996=ADVANCED_FACE('',(#255),#3885,.F.);
#3997=ADVANCED_FACE('',(#256),#159,.F.);
#3998=ADVANCED_FACE('',(#257),#3886,.F.);
#3999=ADVANCED_FACE('',(#258),#160,.F.);
#4000=ADVANCED_FACE('',(#259),#3887,.F.);
#4001=ADVANCED_FACE('',(#260),#161,.F.);
#4002=ADVANCED_FACE('',(#261),#3888,.F.);
#4003=ADVANCED_FACE('',(#262),#3889,.F.);
#4004=ADVANCED_FACE('',(#263),#3890,.F.);
#4005=ADVANCED_FACE('',(#264),#162,.F.);
#4006=ADVANCED_FACE('',(#265),#3891,.T.);
#4007=ADVANCED_FACE('',(#266),#163,.F.);
#4008=ADVANCED_FACE('',(#267),#3892,.F.);
#4009=ADVANCED_FACE('',(#268),#3893,.F.);
#4010=ADVANCED_FACE('',(#269),#164,.F.);
#4011=ADVANCED_FACE('',(#270),#3894,.T.);
#4012=ADVANCED_FACE('',(#271),#165,.F.);
#4013=ADVANCED_FACE('',(#272),#3895,.F.);
#4014=ADVANCED_FACE('',(#273),#3896,.F.);
#4015=ADVANCED_FACE('',(#274),#166,.F.);
#4016=ADVANCED_FACE('',(#275),#3897,.F.);
#4017=ADVANCED_FACE('',(#276),#167,.F.);
#4018=ADVANCED_FACE('',(#277),#3898,.T.);
#4019=ADVANCED_FACE('',(#278),#3899,.F.);
#4020=ADVANCED_FACE('',(#279),#168,.F.);
#4021=ADVANCED_FACE('',(#280),#3900,.F.);
#4022=ADVANCED_FACE('',(#281),#3901,.T.);
#4023=ADVANCED_FACE('',(#282),#169,.F.);
#4024=ADVANCED_FACE('',(#283),#3902,.F.);
#4025=ADVANCED_FACE('',(#284),#170,.F.);
#4026=ADVANCED_FACE('',(#285),#3903,.F.);
#4027=ADVANCED_FACE('',(#286),#3904,.F.);
#4028=ADVANCED_FACE('',(#287),#171,.T.);
#4029=ADVANCED_FACE('',(#288),#3905,.T.);
#4030=ADVANCED_FACE('',(#289),#172,.T.);
#4031=ADVANCED_FACE('',(#290),#3906,.F.);
#4032=ADVANCED_FACE('',(#291),#3907,.F.);
#4033=ADVANCED_FACE('',(#292),#173,.T.);
#4034=ADVANCED_FACE('',(#293),#3908,.T.);
#4035=ADVANCED_FACE('',(#294),#174,.T.);
#4036=ADVANCED_FACE('',(#295),#3909,.F.);
#4037=ADVANCED_FACE('',(#296),#3910,.F.);
#4038=ADVANCED_FACE('',(#297,#75,#76,#77,#78,#79,#80,#81,#82,#83,#84,#85,
#86,#87,#88,#89,#90,#91,#92,#93,#94,#95,#96,#97,#98,#99,#100,#101),#175,
 .F.);
#4039=ADVANCED_FACE('',(#298,#102,#103,#104,#105,#106,#107,#108,#109,#110,
#111,#112,#113,#114,#115,#116,#117,#118,#119,#120,#121,#122,#123,#124,#125,
#126,#127,#128,#129,#130,#131,#132,#133,#134,#135,#136),#176,.F.);
#4040=ADVANCED_FACE('',(#299),#3911,.F.);
#4041=ADVANCED_FACE('',(#300),#3912,.F.);
#4042=ADVANCED_FACE('',(#301),#3913,.F.);
#4043=ADVANCED_FACE('',(#302),#3914,.F.);
#4044=ADVANCED_FACE('',(#303),#177,.F.);
#4045=ADVANCED_FACE('',(#304),#3915,.F.);
#4046=ADVANCED_FACE('',(#305),#178,.F.);
#4047=ADVANCED_FACE('',(#306),#3916,.F.);
#4048=ADVANCED_FACE('',(#307),#179,.F.);
#4049=ADVANCED_FACE('',(#308),#3917,.F.);
#4050=ADVANCED_FACE('',(#309),#180,.F.);
#4051=ADVANCED_FACE('',(#310),#3918,.F.);
#4052=ADVANCED_FACE('',(#311),#181,.F.);
#4053=ADVANCED_FACE('',(#312),#3919,.F.);
#4054=ADVANCED_FACE('',(#313),#182,.F.);
#4055=ADVANCED_FACE('',(#314),#3920,.F.);
#4056=ADVANCED_FACE('',(#315),#183,.F.);
#4057=ADVANCED_FACE('',(#316),#3921,.F.);
#4058=ADVANCED_FACE('',(#317),#184,.F.);
#4059=ADVANCED_FACE('',(#318),#3922,.F.);
#4060=ADVANCED_FACE('',(#319),#185,.F.);
#4061=ADVANCED_FACE('',(#320),#3923,.F.);
#4062=ADVANCED_FACE('',(#321),#186,.F.);
#4063=ADVANCED_FACE('',(#322),#3924,.F.);
#4064=ADVANCED_FACE('',(#323),#187,.F.);
#4065=ADVANCED_FACE('',(#324),#3925,.F.);
#4066=ADVANCED_FACE('',(#325),#188,.F.);
#4067=ADVANCED_FACE('',(#326),#3926,.F.);
#4068=ADVANCED_FACE('',(#327),#189,.F.);
#4069=ADVANCED_FACE('',(#328),#3927,.F.);
#4070=ADVANCED_FACE('',(#329),#190,.F.);
#4071=ADVANCED_FACE('',(#330),#3928,.F.);
#4072=ADVANCED_FACE('',(#331),#191,.F.);
#4073=ADVANCED_FACE('',(#332),#3929,.F.);
#4074=ADVANCED_FACE('',(#333),#192,.F.);
#4075=ADVANCED_FACE('',(#334),#3930,.F.);
#4076=ADVANCED_FACE('',(#335),#3931,.F.);
#4077=ADVANCED_FACE('',(#336),#193,.F.);
#4078=ADVANCED_FACE('',(#337),#3932,.F.);
#4079=ADVANCED_FACE('',(#338),#3933,.F.);
#4080=ADVANCED_FACE('',(#339),#194,.F.);
#4081=ADVANCED_FACE('',(#340),#195,.F.);
#4082=ADVANCED_FACE('',(#341),#3934,.F.);
#4083=ADVANCED_FACE('',(#342),#196,.T.);
#4084=ADVANCED_FACE('',(#343),#3935,.F.);
#4085=ADVANCED_FACE('',(#344),#197,.T.);
#4086=ADVANCED_FACE('',(#345),#198,.F.);
#4087=ADVANCED_FACE('',(#346),#3936,.F.);
#4088=ADVANCED_FACE('',(#347),#199,.F.);
#4089=ADVANCED_FACE('',(#348),#3937,.F.);
#4090=ADVANCED_FACE('',(#349),#200,.F.);
#4091=ADVANCED_FACE('',(#350),#3938,.T.);
#4092=ADVANCED_FACE('',(#351),#3939,.F.);
#4093=ADVANCED_FACE('',(#352),#3940,.F.);
#4094=ADVANCED_FACE('',(#353),#3941,.F.);
#4095=ADVANCED_FACE('',(#354),#3942,.F.);
#4096=ADVANCED_FACE('',(#355),#3943,.T.);
#4097=ADVANCED_FACE('',(#356,#137),#201,.F.);
#4098=ADVANCED_FACE('',(#357,#138),#202,.F.);
#4099=ADVANCED_FACE('',(#358),#3944,.T.);
#4100=ADVANCED_FACE('',(#359,#139),#203,.F.);
#4101=ADVANCED_FACE('',(#360,#140),#204,.F.);
#4102=ADVANCED_FACE('',(#361),#3945,.F.);
#4103=ADVANCED_FACE('',(#362),#3946,.F.);
#4104=ADVANCED_FACE('',(#363),#3947,.F.);
#4105=ADVANCED_FACE('',(#364),#3948,.F.);
#4106=ADVANCED_FACE('',(#365),#3949,.T.);
#4107=ADVANCED_FACE('',(#366,#141),#205,.T.);
#4108=ADVANCED_FACE('',(#367),#3950,.T.);
#4109=ADVANCED_FACE('',(#368),#206,.F.);
#4110=ADVANCED_FACE('',(#369),#3951,.F.);
#4111=ADVANCED_FACE('',(#370),#3952,.F.);
#4112=ADVANCED_FACE('',(#371),#207,.F.);
#4113=ADVANCED_FACE('',(#372,#142),#208,.T.);
#4114=ADVANCED_FACE('',(#373),#3953,.T.);
#4115=ADVANCED_FACE('',(#374,#143),#209,.T.);
#4116=ADVANCED_FACE('',(#375),#3954,.T.);
#4117=ADVANCED_FACE('',(#376),#210,.F.);
#4118=ADVANCED_FACE('',(#377),#3955,.F.);
#4119=ADVANCED_FACE('',(#378),#3956,.F.);
#4120=ADVANCED_FACE('',(#379),#211,.F.);
#4121=ADVANCED_FACE('',(#380,#144),#212,.T.);
#4122=ADVANCED_FACE('',(#381),#3957,.F.);
#4123=ADVANCED_FACE('',(#382),#3958,.F.);
#4124=ADVANCED_FACE('',(#383),#3959,.F.);
#4125=ADVANCED_FACE('',(#384),#3960,.F.);
#4126=ADVANCED_FACE('',(#385),#3961,.T.);
#4127=ADVANCED_FACE('',(#386,#145),#213,.T.);
#4128=ADVANCED_FACE('',(#387,#146),#214,.T.);
#4129=ADVANCED_FACE('',(#388),#3962,.T.);
#4130=ADVANCED_FACE('',(#389,#147),#215,.T.);
#4131=ADVANCED_FACE('',(#390,#148),#216,.T.);
#4132=ADVANCED_FACE('',(#391),#217,.F.);
#4133=ADVANCED_FACE('',(#392),#3963,.F.);
#4134=ADVANCED_FACE('',(#393),#3964,.F.);
#4135=ADVANCED_FACE('',(#394),#3965,.F.);
#4136=ADVANCED_FACE('',(#395),#3966,.F.);
#4137=ADVANCED_FACE('',(#396),#3967,.T.);
#4138=ADVANCED_FACE('',(#397,#149),#218,.F.);
#4139=ADVANCED_FACE('',(#398),#3968,.T.);
#4140=ADVANCED_FACE('',(#399,#150),#219,.F.);
#4141=ADVANCED_FACE('',(#400),#3969,.T.);
#4142=ADVANCED_FACE('',(#401),#220,.T.);
#4143=ADVANCED_FACE('',(#402),#3970,.F.);
#4144=ADVANCED_FACE('',(#403),#3971,.F.);
#4145=ADVANCED_FACE('',(#404),#221,.T.);
#4146=ADVANCED_FACE('',(#405,#151),#222,.F.);
#4147=ADVANCED_FACE('',(#406),#3972,.T.);
#4148=ADVANCED_FACE('',(#407),#223,.T.);
#4149=ADVANCED_FACE('',(#408),#3973,.F.);
#4150=ADVANCED_FACE('',(#409),#3974,.F.);
#4151=ADVANCED_FACE('',(#410),#224,.T.);
#4152=ADVANCED_FACE('',(#411,#152),#225,.F.);
#4153=ADVANCED_FACE('',(#412),#3975,.F.);
#4154=ADVANCED_FACE('',(#413),#3976,.F.);
#4155=ADVANCED_FACE('',(#414),#3977,.F.);
#4156=ADVANCED_FACE('',(#415),#3978,.F.);
#4157=ADVANCED_FACE('',(#416),#3979,.T.);
#4158=ADVANCED_FACE('',(#417,#153),#226,.F.);
#4159=ADVANCED_FACE('',(#418),#3980,.T.);
#4160=ADVANCED_FACE('',(#419,#154),#227,.F.);
#4161=ADVANCED_FACE('',(#420),#3981,.T.);
#4162=ADVANCED_FACE('',(#421,#155),#228,.F.);
#4163=ADVANCED_FACE('',(#422),#3982,.T.);
#4164=ADVANCED_FACE('',(#423,#156),#229,.F.);
#4165=ADVANCED_FACE('',(#424),#3983,.F.);
#4166=ADVANCED_FACE('',(#425),#230,.F.);
#4167=ADVANCED_FACE('',(#426),#3984,.F.);
#4168=ADVANCED_FACE('',(#427),#3985,.F.);
#4169=ADVANCED_FACE('',(#428),#231,.F.);
#4170=ADVANCED_FACE('',(#429),#3986,.F.);
#4171=ADVANCED_FACE('',(#430),#232,.F.);
#4172=ADVANCED_FACE('',(#431),#3987,.F.);
#4173=ADVANCED_FACE('',(#432),#233,.F.);
#4174=ADVANCED_FACE('',(#433),#3988,.F.);
#4175=ADVANCED_FACE('',(#434),#234,.F.);
#4176=ADVANCED_FACE('',(#435),#3989,.T.);
#4177=ADVANCED_FACE('',(#436),#235,.F.);
#4178=ADVANCED_FACE('',(#437),#3990,.F.);
#4179=ADVANCED_FACE('',(#438),#236,.T.);
#4180=ADVANCED_FACE('',(#439),#3991,.F.);
#4181=ADVANCED_FACE('',(#440),#237,.T.);
#4182=ADVANCED_FACE('',(#441),#3992,.F.);
#4183=ADVANCED_FACE('',(#442),#238,.T.);
#4184=ADVANCED_FACE('',(#443),#3993,.F.);
#4185=ADVANCED_FACE('',(#444),#239,.T.);
#4186=ADVANCED_FACE('',(#445),#15,.T.);
#4187=ADVANCED_FACE('',(#446),#240,.T.);
#4188=ADVANCED_FACE('',(#447),#16,.T.);
#4189=ADVANCED_FACE('',(#448),#17,.T.);
#4190=ADVANCED_FACE('',(#449),#241,.T.);
#4191=ADVANCED_FACE('',(#450),#18,.T.);
#4192=ADVANCED_FACE('',(#451),#19,.T.);
#4193=ADVANCED_FACE('',(#452),#242,.T.);
#4194=ADVANCED_FACE('',(#453),#20,.T.);
#4195=ADVANCED_FACE('',(#454),#21,.T.);
#4196=ADVANCED_FACE('',(#455),#243,.T.);
#4197=ADVANCED_FACE('',(#456),#22,.T.);
#4198=ADVANCED_FACE('',(#457),#23,.T.);
#4199=ADVANCED_FACE('',(#458),#244,.T.);
#4200=ADVANCED_FACE('',(#459),#24,.T.);
#4201=ADVANCED_FACE('',(#460),#25,.T.);
#4202=ADVANCED_FACE('',(#461),#245,.T.);
#4203=ADVANCED_FACE('',(#462),#26,.T.);
#4204=ADVANCED_FACE('',(#463),#246,.T.);
#4205=ADVANCED_FACE('',(#464),#247,.T.);
#4206=ADVANCED_FACE('',(#465),#248,.T.);
#4207=ADVANCED_FACE('',(#466),#249,.T.);
#4208=ADVANCED_FACE('',(#467),#250,.T.);
#4209=ADVANCED_FACE('',(#468),#251,.T.);
#4210=ADVANCED_FACE('',(#469,#157),#252,.T.);
#4211=CLOSED_SHELL('',(#3994,#3995,#3996,#3997,#3998,#3999,#4000,#4001,
#4002,#4003,#4004,#4005,#4006,#4007,#4008,#4009,#4010,#4011,#4012,#4013,
#4014,#4015,#4016,#4017,#4018,#4019,#4020,#4021,#4022,#4023,#4024,#4025,
#4026,#4027,#4028,#4029,#4030,#4031,#4032,#4033,#4034,#4035,#4036,#4037,
#4038,#4039,#4040,#4041,#4042,#4043,#4044,#4045,#4046,#4047,#4048,#4049,
#4050,#4051,#4052,#4053,#4054,#4055,#4056,#4057,#4058,#4059,#4060,#4061,
#4062,#4063,#4064,#4065,#4066,#4067,#4068,#4069,#4070,#4071,#4072,#4073,
#4074,#4075,#4076,#4077,#4078,#4079,#4080,#4081,#4082,#4083,#4084,#4085,
#4086,#4087,#4088,#4089,#4090,#4091,#4092,#4093,#4094,#4095,#4096,#4097,
#4098,#4099,#4100,#4101,#4102,#4103,#4104,#4105,#4106,#4107,#4108,#4109,
#4110,#4111,#4112,#4113,#4114,#4115,#4116,#4117,#4118,#4119,#4120,#4121,
#4122,#4123,#4124,#4125,#4126,#4127,#4128,#4129,#4130,#4131,#4132,#4133,
#4134,#4135,#4136,#4137,#4138,#4139,#4140,#4141,#4142,#4143,#4144,#4145,
#4146,#4147,#4148,#4149,#4150,#4151,#4152,#4153,#4154,#4155,#4156,#4157,
#4158,#4159,#4160,#4161,#4162,#4163,#4164,#4165,#4166,#4167,#4168,#4169,
#4170,#4171,#4172,#4173,#4174,#4175,#4176,#4177,#4178,#4179,#4180,#4181,
#4182,#4183,#4184,#4185,#4186,#4187,#4188,#4189,#4190,#4191,#4192,#4193,
#4194,#4195,#4196,#4197,#4198,#4199,#4200,#4201,#4202,#4203,#4204,#4205,
#4206,#4207,#4208,#4209,#4210));
#4212=DERIVED_UNIT_ELEMENT(#4214,1.);
#4213=DERIVED_UNIT_ELEMENT(#7765,-3.);
#4214=(
MASS_UNIT()
NAMED_UNIT(*)
SI_UNIT(.KILO.,.GRAM.)
);
#4215=DERIVED_UNIT((#4212,#4213));
#4216=MEASURE_REPRESENTATION_ITEM('density measure',
POSITIVE_RATIO_MEASURE(2700.),#4215);
#4217=PROPERTY_DEFINITION_REPRESENTATION(#4222,#4219);
#4218=PROPERTY_DEFINITION_REPRESENTATION(#4223,#4220);
#4219=REPRESENTATION('material name',(#4221),#7762);
#4220=REPRESENTATION('density',(#4216),#7762);
#4221=DESCRIPTIVE_REPRESENTATION_ITEM('\X2\94DD\X0\ 6061 T6 0 \X2\51B762105F62\X0\',
'\X2\94DD\X0\ 6061 T6 0 \X2\51B762105F62\X0\');
#4222=PROPERTY_DEFINITION('material property','material name',#7772);
#4223=PROPERTY_DEFINITION('material property','density of part',#7772);
#4224=AXIS2_PLACEMENT_3D('',#5848,#4654,#4655);
#4225=AXIS2_PLACEMENT_3D('',#5849,#4656,#4657);
#4226=AXIS2_PLACEMENT_3D('',#5852,#4658,#4659);
#4227=AXIS2_PLACEMENT_3D('',#5856,#4661,#4662);
#4228=AXIS2_PLACEMENT_3D('',#5858,#4664,#4665);
#4229=AXIS2_PLACEMENT_3D('',#5864,#4669,#4670);
#4230=AXIS2_PLACEMENT_3D('',#5867,#4671,#4672);
#4231=AXIS2_PLACEMENT_3D('',#5871,#4674,#4675);
#4232=AXIS2_PLACEMENT_3D('',#5873,#4677,#4678);
#4233=AXIS2_PLACEMENT_3D('',#5876,#4681,#4682);
#4234=AXIS2_PLACEMENT_3D('',#5878,#4683,#4684);
#4235=AXIS2_PLACEMENT_3D('',#5881,#4686,#4687);
#4236=AXIS2_PLACEMENT_3D('',#5882,#4688,#4689);
#4237=AXIS2_PLACEMENT_3D('',#5888,#4693,#4694);
#4238=AXIS2_PLACEMENT_3D('',#5890,#4695,#4696);
#4239=AXIS2_PLACEMENT_3D('',#5893,#4698,#4699);
#4240=AXIS2_PLACEMENT_3D('',#5894,#4700,#4701);
#4241=AXIS2_PLACEMENT_3D('',#5897,#4704,#4705);
#4242=AXIS2_PLACEMENT_3D('',#5899,#4706,#4707);
#4243=AXIS2_PLACEMENT_3D('',#5902,#4709,#4710);
#4244=AXIS2_PLACEMENT_3D('',#5903,#4711,#4712);
#4245=AXIS2_PLACEMENT_3D('',#5905,#4713,#4714);
#4246=AXIS2_PLACEMENT_3D('',#5908,#4716,#4717);
#4247=AXIS2_PLACEMENT_3D('',#5909,#4718,#4719);
#4248=AXIS2_PLACEMENT_3D('',#5912,#4720,#4721);
#4249=AXIS2_PLACEMENT_3D('',#5916,#4723,#4724);
#4250=AXIS2_PLACEMENT_3D('',#5918,#4726,#4727);
#4251=AXIS2_PLACEMENT_3D('',#5924,#4731,#4732);
#4252=AXIS2_PLACEMENT_3D('',#5926,#4733,#4734);
#4253=AXIS2_PLACEMENT_3D('',#5929,#4736,#4737);
#4254=AXIS2_PLACEMENT_3D('',#5930,#4738,#4739);
#4255=AXIS2_PLACEMENT_3D('',#5936,#4743,#4744);
#4256=AXIS2_PLACEMENT_3D('',#5938,#4745,#4746);
#4257=AXIS2_PLACEMENT_3D('',#5941,#4748,#4749);
#4258=AXIS2_PLACEMENT_3D('',#5942,#4750,#4751);
#4259=AXIS2_PLACEMENT_3D('',#5945,#4752,#4753);
#4260=AXIS2_PLACEMENT_3D('',#5949,#4755,#4756);
#4261=AXIS2_PLACEMENT_3D('',#5951,#4758,#4759);
#4262=AXIS2_PLACEMENT_3D('',#5957,#4763,#4764);
#4263=AXIS2_PLACEMENT_3D('',#5959,#4765,#4766);
#4264=AXIS2_PLACEMENT_3D('',#5962,#4768,#4769);
#4265=AXIS2_PLACEMENT_3D('',#5963,#4770,#4771);
#4266=AXIS2_PLACEMENT_3D('',#5969,#4775,#4776);
#4267=AXIS2_PLACEMENT_3D('',#5971,#4777,#4778);
#4268=AXIS2_PLACEMENT_3D('',#5974,#4780,#4781);
#4269=AXIS2_PLACEMENT_3D('',#5975,#4782,#4783);
#4270=AXIS2_PLACEMENT_3D('',#5978,#4784,#4785);
#4271=AXIS2_PLACEMENT_3D('',#5982,#4787,#4788);
#4272=AXIS2_PLACEMENT_3D('',#5984,#4790,#4791);
#4273=AXIS2_PLACEMENT_3D('',#5990,#4795,#4796);
#4274=AXIS2_PLACEMENT_3D('',#5992,#4797,#4798);
#4275=AXIS2_PLACEMENT_3D('',#5995,#4800,#4801);
#4276=AXIS2_PLACEMENT_3D('',#5996,#4802,#4803);
#4277=AXIS2_PLACEMENT_3D('',#6002,#4807,#4808);
#4278=AXIS2_PLACEMENT_3D('',#6004,#4809,#4810);
#4279=AXIS2_PLACEMENT_3D('',#6008,#4812,#4813);
#4280=AXIS2_PLACEMENT_3D('',#6011,#4815,#4816);
#4281=AXIS2_PLACEMENT_3D('',#6012,#4817,#4818);
#4282=AXIS2_PLACEMENT_3D('',#6014,#4819,#4820);
#4283=AXIS2_PLACEMENT_3D('',#6017,#4822,#4823);
#4284=AXIS2_PLACEMENT_3D('',#6018,#4824,#4825);
#4285=AXIS2_PLACEMENT_3D('',#6024,#4829,#4830);
#4286=AXIS2_PLACEMENT_3D('',#6026,#4831,#4832);
#4287=AXIS2_PLACEMENT_3D('',#6029,#4834,#4835);
#4288=AXIS2_PLACEMENT_3D('',#6030,#4836,#4837);
#4289=AXIS2_PLACEMENT_3D('',#6032,#4838,#4839);
#4290=AXIS2_PLACEMENT_3D('',#6036,#4841,#4842);
#4291=AXIS2_PLACEMENT_3D('',#6039,#4844,#4845);
#4292=AXIS2_PLACEMENT_3D('',#6040,#4846,#4847);
#4293=AXIS2_PLACEMENT_3D('',#6046,#4851,#4852);
#4294=AXIS2_PLACEMENT_3D('',#6048,#4853,#4854);
#4295=AXIS2_PLACEMENT_3D('',#6051,#4856,#4857);
#4296=AXIS2_PLACEMENT_3D('',#6052,#4858,#4859);
#4297=AXIS2_PLACEMENT_3D('',#6058,#4863,#4864);
#4298=AXIS2_PLACEMENT_3D('',#6060,#4865,#4866);
#4299=AXIS2_PLACEMENT_3D('',#6063,#4868,#4869);
#4300=AXIS2_PLACEMENT_3D('',#6064,#4870,#4871);
#4301=AXIS2_PLACEMENT_3D('',#6067,#4872,#4873);
#4302=AXIS2_PLACEMENT_3D('',#6071,#4875,#4876);
#4303=AXIS2_PLACEMENT_3D('',#6073,#4878,#4879);
#4304=AXIS2_PLACEMENT_3D('',#6079,#4883,#4884);
#4305=AXIS2_PLACEMENT_3D('',#6081,#4885,#4886);
#4306=AXIS2_PLACEMENT_3D('',#6084,#4888,#4889);
#4307=AXIS2_PLACEMENT_3D('',#6085,#4890,#4891);
#4308=AXIS2_PLACEMENT_3D('',#6091,#4895,#4896);
#4309=AXIS2_PLACEMENT_3D('',#6093,#4897,#4898);
#4310=AXIS2_PLACEMENT_3D('',#6096,#4900,#4901);
#4311=AXIS2_PLACEMENT_3D('',#6097,#4902,#4903);
#4312=AXIS2_PLACEMENT_3D('',#6100,#4904,#4905);
#4313=AXIS2_PLACEMENT_3D('',#6104,#4907,#4908);
#4314=AXIS2_PLACEMENT_3D('',#6106,#4910,#4911);
#4315=AXIS2_PLACEMENT_3D('',#6112,#4915,#4916);
#4316=AXIS2_PLACEMENT_3D('',#6114,#4917,#4918);
#4317=AXIS2_PLACEMENT_3D('',#6117,#4920,#4921);
#4318=AXIS2_PLACEMENT_3D('',#6118,#4922,#4923);
#4319=AXIS2_PLACEMENT_3D('',#6124,#4927,#4928);
#4320=AXIS2_PLACEMENT_3D('',#6126,#4929,#4930);
#4321=AXIS2_PLACEMENT_3D('',#6129,#4932,#4933);
#4322=AXIS2_PLACEMENT_3D('',#6130,#4934,#4935);
#4323=AXIS2_PLACEMENT_3D('',#6132,#4936,#4937);
#4324=AXIS2_PLACEMENT_3D('',#6135,#4939,#4940);
#4325=AXIS2_PLACEMENT_3D('',#6136,#4941,#4942);
#4326=AXIS2_PLACEMENT_3D('',#6140,#4944,#4945);
#4327=AXIS2_PLACEMENT_3D('',#6144,#4947,#4948);
#4328=AXIS2_PLACEMENT_3D('',#6148,#4950,#4951);
#4329=AXIS2_PLACEMENT_3D('',#6152,#4953,#4954);
#4330=AXIS2_PLACEMENT_3D('',#6156,#4956,#4957);
#4331=AXIS2_PLACEMENT_3D('',#6160,#4959,#4960);
#4332=AXIS2_PLACEMENT_3D('',#6164,#4962,#4963);
#4333=AXIS2_PLACEMENT_3D('',#6168,#4965,#4966);
#4334=AXIS2_PLACEMENT_3D('',#6172,#4968,#4969);
#4335=AXIS2_PLACEMENT_3D('',#6174,#4970,#4971);
#4336=AXIS2_PLACEMENT_3D('',#6178,#4973,#4974);
#4337=AXIS2_PLACEMENT_3D('',#6180,#4975,#4976);
#4338=AXIS2_PLACEMENT_3D('',#6184,#4978,#4979);
#4339=AXIS2_PLACEMENT_3D('',#6188,#4981,#4982);
#4340=AXIS2_PLACEMENT_3D('',#6192,#4984,#4985);
#4341=AXIS2_PLACEMENT_3D('',#6196,#4987,#4988);
#4342=AXIS2_PLACEMENT_3D('',#6200,#4990,#4991);
#4343=AXIS2_PLACEMENT_3D('',#6204,#4993,#4994);
#4344=AXIS2_PLACEMENT_3D('',#6208,#4996,#4997);
#4345=AXIS2_PLACEMENT_3D('',#6212,#4999,#5000);
#4346=AXIS2_PLACEMENT_3D('',#6219,#5006,#5007);
#4347=AXIS2_PLACEMENT_3D('',#6221,#5008,#5009);
#4348=AXIS2_PLACEMENT_3D('',#6223,#5010,#5011);
#4349=AXIS2_PLACEMENT_3D('',#6228,#5013,#5014);
#4350=AXIS2_PLACEMENT_3D('',#6232,#5016,#5017);
#4351=AXIS2_PLACEMENT_3D('',#6236,#5019,#5020);
#4352=AXIS2_PLACEMENT_3D('',#6239,#5022,#5023);
#4353=AXIS2_PLACEMENT_3D('',#6244,#5025,#5026);
#4354=AXIS2_PLACEMENT_3D('',#6248,#5028,#5029);
#4355=AXIS2_PLACEMENT_3D('',#6252,#5031,#5032);
#4356=AXIS2_PLACEMENT_3D('',#6255,#5034,#5035);
#4357=AXIS2_PLACEMENT_3D('',#6260,#5037,#5038);
#4358=AXIS2_PLACEMENT_3D('',#6264,#5040,#5041);
#4359=AXIS2_PLACEMENT_3D('',#6268,#5043,#5044);
#4360=AXIS2_PLACEMENT_3D('',#6271,#5046,#5047);
#4361=AXIS2_PLACEMENT_3D('',#6276,#5049,#5050);
#4362=AXIS2_PLACEMENT_3D('',#6280,#5052,#5053);
#4363=AXIS2_PLACEMENT_3D('',#6284,#5055,#5056);
#4364=AXIS2_PLACEMENT_3D('',#6287,#5058,#5059);
#4365=AXIS2_PLACEMENT_3D('',#6289,#5060,#5061);
#4366=AXIS2_PLACEMENT_3D('',#6291,#5062,#5063);
#4367=AXIS2_PLACEMENT_3D('',#6293,#5064,#5065);
#4368=AXIS2_PLACEMENT_3D('',#6295,#5066,#5067);
#4369=AXIS2_PLACEMENT_3D('',#6297,#5068,#5069);
#4370=AXIS2_PLACEMENT_3D('',#6299,#5070,#5071);
#4371=AXIS2_PLACEMENT_3D('',#6301,#5072,#5073);
#4372=AXIS2_PLACEMENT_3D('',#6303,#5074,#5075);
#4373=AXIS2_PLACEMENT_3D('',#6305,#5076,#5077);
#4374=AXIS2_PLACEMENT_3D('',#6307,#5078,#5079);
#4375=AXIS2_PLACEMENT_3D('',#6309,#5080,#5081);
#4376=AXIS2_PLACEMENT_3D('',#6311,#5082,#5083);
#4377=AXIS2_PLACEMENT_3D('',#6313,#5084,#5085);
#4378=AXIS2_PLACEMENT_3D('',#6315,#5086,#5087);
#4379=AXIS2_PLACEMENT_3D('',#6317,#5088,#5089);
#4380=AXIS2_PLACEMENT_3D('',#6319,#5090,#5091);
#4381=AXIS2_PLACEMENT_3D('',#6320,#5092,#5093);
#4382=AXIS2_PLACEMENT_3D('',#6355,#5096,#5097);
#4383=AXIS2_PLACEMENT_3D('',#6423,#5103,#5104);
#4384=AXIS2_PLACEMENT_3D('',#6459,#5108,#5109);
#4385=AXIS2_PLACEMENT_3D('',#6527,#5115,#5116);
#4386=AXIS2_PLACEMENT_3D('',#6530,#5118,#5119);
#4387=AXIS2_PLACEMENT_3D('',#6532,#5120,#5121);
#4388=AXIS2_PLACEMENT_3D('',#6534,#5122,#5123);
#4389=AXIS2_PLACEMENT_3D('',#6536,#5124,#5125);
#4390=AXIS2_PLACEMENT_3D('',#6538,#5126,#5127);
#4391=AXIS2_PLACEMENT_3D('',#6540,#5128,#5129);
#4392=AXIS2_PLACEMENT_3D('',#6542,#5130,#5131);
#4393=AXIS2_PLACEMENT_3D('',#6544,#5132,#5133);
#4394=AXIS2_PLACEMENT_3D('',#6546,#5134,#5135);
#4395=AXIS2_PLACEMENT_3D('',#6548,#5136,#5137);
#4396=AXIS2_PLACEMENT_3D('',#6550,#5138,#5139);
#4397=AXIS2_PLACEMENT_3D('',#6552,#5140,#5141);
#4398=AXIS2_PLACEMENT_3D('',#6554,#5142,#5143);
#4399=AXIS2_PLACEMENT_3D('',#6556,#5144,#5145);
#4400=AXIS2_PLACEMENT_3D('',#6558,#5146,#5147);
#4401=AXIS2_PLACEMENT_3D('',#6560,#5148,#5149);
#4402=AXIS2_PLACEMENT_3D('',#6562,#5150,#5151);
#4403=AXIS2_PLACEMENT_3D('',#6564,#5152,#5153);
#4404=AXIS2_PLACEMENT_3D('',#6566,#5154,#5155);
#4405=AXIS2_PLACEMENT_3D('',#6568,#5156,#5157);
#4406=AXIS2_PLACEMENT_3D('',#6570,#5158,#5159);
#4407=AXIS2_PLACEMENT_3D('',#6572,#5160,#5161);
#4408=AXIS2_PLACEMENT_3D('',#6574,#5162,#5163);
#4409=AXIS2_PLACEMENT_3D('',#6576,#5164,#5165);
#4410=AXIS2_PLACEMENT_3D('',#6578,#5166,#5167);
#4411=AXIS2_PLACEMENT_3D('',#6580,#5168,#5169);
#4412=AXIS2_PLACEMENT_3D('',#6582,#5170,#5171);
#4413=AXIS2_PLACEMENT_3D('',#6587,#5173,#5174);
#4414=AXIS2_PLACEMENT_3D('',#6591,#5176,#5177);
#4415=AXIS2_PLACEMENT_3D('',#6595,#5179,#5180);
#4416=AXIS2_PLACEMENT_3D('',#6598,#5182,#5183);
#4417=AXIS2_PLACEMENT_3D('',#6603,#5185,#5186);
#4418=AXIS2_PLACEMENT_3D('',#6607,#5188,#5189);
#4419=AXIS2_PLACEMENT_3D('',#6611,#5191,#5192);
#4420=AXIS2_PLACEMENT_3D('',#6614,#5194,#5195);
#4421=AXIS2_PLACEMENT_3D('',#6619,#5197,#5198);
#4422=AXIS2_PLACEMENT_3D('',#6623,#5200,#5201);
#4423=AXIS2_PLACEMENT_3D('',#6627,#5203,#5204);
#4424=AXIS2_PLACEMENT_3D('',#6630,#5206,#5207);
#4425=AXIS2_PLACEMENT_3D('',#6635,#5209,#5210);
#4426=AXIS2_PLACEMENT_3D('',#6639,#5212,#5213);
#4427=AXIS2_PLACEMENT_3D('',#6643,#5215,#5216);
#4428=AXIS2_PLACEMENT_3D('',#6646,#5218,#5219);
#4429=AXIS2_PLACEMENT_3D('',#6647,#5220,#5221);
#4430=AXIS2_PLACEMENT_3D('',#6649,#5223,#5224);
#4431=AXIS2_PLACEMENT_3D('',#6651,#5226,#5227);
#4432=AXIS2_PLACEMENT_3D('',#6653,#5229,#5230);
#4433=AXIS2_PLACEMENT_3D('',#6656,#5233,#5234);
#4434=AXIS2_PLACEMENT_3D('',#6658,#5236,#5237);
#4435=AXIS2_PLACEMENT_3D('',#6660,#5239,#5240);
#4436=AXIS2_PLACEMENT_3D('',#6662,#5242,#5243);
#4437=AXIS2_PLACEMENT_3D('',#6664,#5245,#5246);
#4438=AXIS2_PLACEMENT_3D('',#6666,#5248,#5249);
#4439=AXIS2_PLACEMENT_3D('',#6668,#5251,#5252);
#4440=AXIS2_PLACEMENT_3D('',#6669,#5253,#5254);
#4441=AXIS2_PLACEMENT_3D('',#6672,#5257,#5258);
#4442=AXIS2_PLACEMENT_3D('',#6674,#5260,#5261);
#4443=AXIS2_PLACEMENT_3D('',#6676,#5263,#5264);
#4444=AXIS2_PLACEMENT_3D('',#6678,#5266,#5267);
#4445=AXIS2_PLACEMENT_3D('',#6680,#5269,#5270);
#4446=AXIS2_PLACEMENT_3D('',#6682,#5272,#5273);
#4447=AXIS2_PLACEMENT_3D('',#6684,#5275,#5276);
#4448=AXIS2_PLACEMENT_3D('',#6685,#5277,#5278);
#4449=AXIS2_PLACEMENT_3D('',#6688,#5281,#5282);
#4450=AXIS2_PLACEMENT_3D('',#6690,#5284,#5285);
#4451=AXIS2_PLACEMENT_3D('',#6692,#5287,#5288);
#4452=AXIS2_PLACEMENT_3D('',#6694,#5290,#5291);
#4453=AXIS2_PLACEMENT_3D('',#6696,#5293,#5294);
#4454=AXIS2_PLACEMENT_3D('',#6698,#5296,#5297);
#4455=AXIS2_PLACEMENT_3D('',#6700,#5299,#5300);
#4456=AXIS2_PLACEMENT_3D('',#6701,#5301,#5302);
#4457=AXIS2_PLACEMENT_3D('',#6704,#5305,#5306);
#4458=AXIS2_PLACEMENT_3D('',#6706,#5308,#5309);
#4459=AXIS2_PLACEMENT_3D('',#6708,#5311,#5312);
#4460=AXIS2_PLACEMENT_3D('',#6710,#5314,#5315);
#4461=AXIS2_PLACEMENT_3D('',#6712,#5317,#5318);
#4462=AXIS2_PLACEMENT_3D('',#6714,#5320,#5321);
#4463=AXIS2_PLACEMENT_3D('',#6716,#5323,#5324);
#4464=AXIS2_PLACEMENT_3D('',#6717,#5325,#5326);
#4465=AXIS2_PLACEMENT_3D('',#6719,#5328,#5329);
#4466=AXIS2_PLACEMENT_3D('',#6721,#5331,#5332);
#4467=AXIS2_PLACEMENT_3D('',#6737,#5343,#5344);
#4468=AXIS2_PLACEMENT_3D('',#6739,#5346,#5347);
#4469=AXIS2_PLACEMENT_3D('',#6741,#5349,#5350);
#4470=AXIS2_PLACEMENT_3D('',#6747,#5353,#5354);
#4471=AXIS2_PLACEMENT_3D('',#6750,#5356,#5357);
#4472=AXIS2_PLACEMENT_3D('',#6751,#5358,#5359);
#4473=AXIS2_PLACEMENT_3D('',#6755,#5362,#5363);
#4474=AXIS2_PLACEMENT_3D('',#6759,#5365,#5366);
#4475=AXIS2_PLACEMENT_3D('',#6761,#5368,#5369);
#4476=AXIS2_PLACEMENT_3D('',#6765,#5372,#5373);
#4477=AXIS2_PLACEMENT_3D('',#6767,#5374,#5375);
#4478=AXIS2_PLACEMENT_3D('',#6769,#5377,#5378);
#4479=AXIS2_PLACEMENT_3D('',#6774,#5380,#5381);
#4480=AXIS2_PLACEMENT_3D('',#6778,#5383,#5384);
#4481=AXIS2_PLACEMENT_3D('',#6781,#5386,#5387);
#4482=AXIS2_PLACEMENT_3D('',#6782,#5388,#5389);
#4483=AXIS2_PLACEMENT_3D('',#6783,#5390,#5391);
#4484=AXIS2_PLACEMENT_3D('',#6789,#5395,#5396);
#4485=AXIS2_PLACEMENT_3D('',#6792,#5398,#5399);
#4486=AXIS2_PLACEMENT_3D('',#6793,#5400,#5401);
#4487=AXIS2_PLACEMENT_3D('',#6797,#5404,#5405);
#4488=AXIS2_PLACEMENT_3D('',#6800,#5407,#5408);
#4489=AXIS2_PLACEMENT_3D('',#6801,#5409,#5410);
#4490=AXIS2_PLACEMENT_3D('',#6805,#5413,#5414);
#4491=AXIS2_PLACEMENT_3D('',#6808,#5416,#5417);
#4492=AXIS2_PLACEMENT_3D('',#6809,#5418,#5419);
#4493=AXIS2_PLACEMENT_3D('',#6811,#5420,#5421);
#4494=AXIS2_PLACEMENT_3D('',#6813,#5423,#5424);
#4495=AXIS2_PLACEMENT_3D('',#6815,#5425,#5426);
#4496=AXIS2_PLACEMENT_3D('',#6817,#5428,#5429);
#4497=AXIS2_PLACEMENT_3D('',#6819,#5430,#5431);
#4498=AXIS2_PLACEMENT_3D('',#6821,#5433,#5434);
#4499=AXIS2_PLACEMENT_3D('',#6823,#5435,#5436);
#4500=AXIS2_PLACEMENT_3D('',#6825,#5438,#5439);
#4501=AXIS2_PLACEMENT_3D('',#6827,#5440,#5441);
#4502=AXIS2_PLACEMENT_3D('',#6829,#5443,#5444);
#4503=AXIS2_PLACEMENT_3D('',#6830,#5445,#5446);
#4504=AXIS2_PLACEMENT_3D('',#6831,#5447,#5448);
#4505=AXIS2_PLACEMENT_3D('',#6833,#5449,#5450);
#4506=AXIS2_PLACEMENT_3D('',#6835,#5452,#5453);
#4507=AXIS2_PLACEMENT_3D('',#6836,#5454,#5455);
#4508=AXIS2_PLACEMENT_3D('',#6837,#5456,#5457);
#4509=AXIS2_PLACEMENT_3D('',#6839,#5458,#5459);
#4510=AXIS2_PLACEMENT_3D('',#6841,#5461,#5462);
#4511=AXIS2_PLACEMENT_3D('',#6843,#5463,#5464);
#4512=AXIS2_PLACEMENT_3D('',#6845,#5466,#5467);
#4513=AXIS2_PLACEMENT_3D('',#6847,#5468,#5469);
#4514=AXIS2_PLACEMENT_3D('',#6849,#5471,#5472);
#4515=AXIS2_PLACEMENT_3D('',#6851,#5473,#5474);
#4516=AXIS2_PLACEMENT_3D('',#6853,#5476,#5477);
#4517=AXIS2_PLACEMENT_3D('',#6855,#5478,#5479);
#4518=AXIS2_PLACEMENT_3D('',#6857,#5481,#5482);
#4519=AXIS2_PLACEMENT_3D('',#6858,#5483,#5484);
#4520=AXIS2_PLACEMENT_3D('',#6862,#5486,#5487);
#4521=AXIS2_PLACEMENT_3D('',#6864,#5489,#5490);
#4522=AXIS2_PLACEMENT_3D('',#6868,#5493,#5494);
#4523=AXIS2_PLACEMENT_3D('',#6869,#5495,#5496);
#4524=AXIS2_PLACEMENT_3D('',#6870,#5497,#5498);
#4525=AXIS2_PLACEMENT_3D('',#6873,#5500,#5501);
#4526=AXIS2_PLACEMENT_3D('',#6874,#5502,#5503);
#4527=AXIS2_PLACEMENT_3D('',#6876,#5505,#5506);
#4528=AXIS2_PLACEMENT_3D('',#6877,#5507,#5508);
#4529=AXIS2_PLACEMENT_3D('',#6879,#5509,#5510);
#4530=AXIS2_PLACEMENT_3D('',#6881,#5512,#5513);
#4531=AXIS2_PLACEMENT_3D('',#6882,#5514,#5515);
#4532=AXIS2_PLACEMENT_3D('',#6886,#5517,#5518);
#4533=AXIS2_PLACEMENT_3D('',#6888,#5520,#5521);
#4534=AXIS2_PLACEMENT_3D('',#6892,#5524,#5525);
#4535=AXIS2_PLACEMENT_3D('',#6893,#5526,#5527);
#4536=AXIS2_PLACEMENT_3D('',#6894,#5528,#5529);
#4537=AXIS2_PLACEMENT_3D('',#6897,#5531,#5532);
#4538=AXIS2_PLACEMENT_3D('',#6898,#5533,#5534);
#4539=AXIS2_PLACEMENT_3D('',#6900,#5536,#5537);
#4540=AXIS2_PLACEMENT_3D('',#6901,#5538,#5539);
#4541=AXIS2_PLACEMENT_3D('',#6903,#5540,#5541);
#4542=AXIS2_PLACEMENT_3D('',#6905,#5543,#5544);
#4543=AXIS2_PLACEMENT_3D('',#6907,#5545,#5546);
#4544=AXIS2_PLACEMENT_3D('',#6909,#5548,#5549);
#4545=AXIS2_PLACEMENT_3D('',#6911,#5550,#5551);
#4546=AXIS2_PLACEMENT_3D('',#6913,#5553,#5554);
#4547=AXIS2_PLACEMENT_3D('',#6915,#5555,#5556);
#4548=AXIS2_PLACEMENT_3D('',#6917,#5558,#5559);
#4549=AXIS2_PLACEMENT_3D('',#6919,#5560,#5561);
#4550=AXIS2_PLACEMENT_3D('',#6921,#5563,#5564);
#4551=AXIS2_PLACEMENT_3D('',#6922,#5565,#5566);
#4552=AXIS2_PLACEMENT_3D('',#6924,#5568,#5569);
#4553=AXIS2_PLACEMENT_3D('',#6926,#5570,#5571);
#4554=AXIS2_PLACEMENT_3D('',#6928,#5573,#5574);
#4555=AXIS2_PLACEMENT_3D('',#6929,#5575,#5576);
#4556=AXIS2_PLACEMENT_3D('',#6931,#5578,#5579);
#4557=AXIS2_PLACEMENT_3D('',#6945,#5588,#5589);
#4558=AXIS2_PLACEMENT_3D('',#6947,#5590,#5591);
#4559=AXIS2_PLACEMENT_3D('',#6949,#5593,#5594);
#4560=AXIS2_PLACEMENT_3D('',#6951,#5595,#5596);
#4561=AXIS2_PLACEMENT_3D('',#6953,#5598,#5599);
#4562=AXIS2_PLACEMENT_3D('',#6955,#5600,#5601);
#4563=AXIS2_PLACEMENT_3D('',#6957,#5603,#5604);
#4564=AXIS2_PLACEMENT_3D('',#6959,#5605,#5606);
#4565=AXIS2_PLACEMENT_3D('',#6961,#5608,#5609);
#4566=AXIS2_PLACEMENT_3D('',#6963,#5610,#5611);
#4567=AXIS2_PLACEMENT_3D('',#6965,#5613,#5614);
#4568=AXIS2_PLACEMENT_3D('',#6966,#5615,#5616);
#4569=AXIS2_PLACEMENT_3D('',#6968,#5617,#5618);
#4570=AXIS2_PLACEMENT_3D('',#6970,#5620,#5621);
#4571=AXIS2_PLACEMENT_3D('',#6971,#5622,#5623);
#4572=AXIS2_PLACEMENT_3D('',#6975,#5625,#5626);
#4573=AXIS2_PLACEMENT_3D('',#6977,#5628,#5629);
#4574=AXIS2_PLACEMENT_3D('',#6981,#5632,#5633);
#4575=AXIS2_PLACEMENT_3D('',#6982,#5634,#5635);
#4576=AXIS2_PLACEMENT_3D('',#6983,#5636,#5637);
#4577=AXIS2_PLACEMENT_3D('',#6985,#5638,#5639);
#4578=AXIS2_PLACEMENT_3D('',#6987,#5641,#5642);
#4579=AXIS2_PLACEMENT_3D('',#6989,#5644,#5645);
#4580=AXIS2_PLACEMENT_3D('',#6990,#5646,#5647);
#4581=AXIS2_PLACEMENT_3D('',#6994,#5649,#5650);
#4582=AXIS2_PLACEMENT_3D('',#6996,#5652,#5653);
#4583=AXIS2_PLACEMENT_3D('',#7000,#5656,#5657);
#4584=AXIS2_PLACEMENT_3D('',#7001,#5658,#5659);
#4585=AXIS2_PLACEMENT_3D('',#7002,#5660,#5661);
#4586=AXIS2_PLACEMENT_3D('',#7004,#5662,#5663);
#4587=AXIS2_PLACEMENT_3D('',#7006,#5665,#5666);
#4588=AXIS2_PLACEMENT_3D('',#7008,#5668,#5669);
#4589=AXIS2_PLACEMENT_3D('',#7009,#5670,#5671);
#4590=AXIS2_PLACEMENT_3D('',#7011,#5672,#5673);
#4591=AXIS2_PLACEMENT_3D('',#7013,#5675,#5676);
#4592=AXIS2_PLACEMENT_3D('',#7015,#5677,#5678);
#4593=AXIS2_PLACEMENT_3D('',#7017,#5680,#5681);
#4594=AXIS2_PLACEMENT_3D('',#7019,#5682,#5683);
#4595=AXIS2_PLACEMENT_3D('',#7021,#5685,#5686);
#4596=AXIS2_PLACEMENT_3D('',#7023,#5687,#5688);
#4597=AXIS2_PLACEMENT_3D('',#7025,#5690,#5691);
#4598=AXIS2_PLACEMENT_3D('',#7027,#5692,#5693);
#4599=AXIS2_PLACEMENT_3D('',#7029,#5695,#5696);
#4600=AXIS2_PLACEMENT_3D('',#7030,#5697,#5698);
#4601=AXIS2_PLACEMENT_3D('',#7032,#5699,#5700);
#4602=AXIS2_PLACEMENT_3D('',#7034,#5702,#5703);
#4603=AXIS2_PLACEMENT_3D('',#7035,#5704,#5705);
#4604=AXIS2_PLACEMENT_3D('',#7037,#5706,#5707);
#4605=AXIS2_PLACEMENT_3D('',#7039,#5709,#5710);
#4606=AXIS2_PLACEMENT_3D('',#7040,#5711,#5712);
#4607=AXIS2_PLACEMENT_3D('',#7042,#5713,#5714);
#4608=AXIS2_PLACEMENT_3D('',#7044,#5716,#5717);
#4609=AXIS2_PLACEMENT_3D('',#7045,#5718,#5719);
#4610=AXIS2_PLACEMENT_3D('',#7049,#5721,#5722);
#4611=AXIS2_PLACEMENT_3D('',#7051,#5724,#5725);
#4612=AXIS2_PLACEMENT_3D('',#7055,#5728,#5729);
#4613=AXIS2_PLACEMENT_3D('',#7056,#5730,#5731);
#4614=AXIS2_PLACEMENT_3D('',#7057,#5732,#5733);
#4615=AXIS2_PLACEMENT_3D('',#7059,#5734,#5735);
#4616=AXIS2_PLACEMENT_3D('',#7061,#5737,#5738);
#4617=AXIS2_PLACEMENT_3D('',#7065,#5741,#5742);
#4618=AXIS2_PLACEMENT_3D('',#7067,#5743,#5744);
#4619=AXIS2_PLACEMENT_3D('',#7069,#5746,#5747);
#4620=AXIS2_PLACEMENT_3D('',#7071,#5749,#5750);
#4621=AXIS2_PLACEMENT_3D('',#7073,#5751,#5752);
#4622=AXIS2_PLACEMENT_3D('',#7075,#5754,#5755);
#4623=AXIS2_PLACEMENT_3D('',#7079,#5758,#5759);
#4624=AXIS2_PLACEMENT_3D('',#7081,#5760,#5761);
#4625=AXIS2_PLACEMENT_3D('',#7083,#5763,#5764);
#4626=AXIS2_PLACEMENT_3D('',#7085,#5766,#5767);
#4627=AXIS2_PLACEMENT_3D('',#7087,#5768,#5769);
#4628=AXIS2_PLACEMENT_3D('',#7089,#5771,#5772);
#4629=AXIS2_PLACEMENT_3D('',#7091,#5774,#5775);
#4630=AXIS2_PLACEMENT_3D('',#7095,#5777,#5778);
#4631=AXIS2_PLACEMENT_3D('',#7097,#5780,#5781);
#4632=AXIS2_PLACEMENT_3D('',#7104,#5783,#5784);
#4633=AXIS2_PLACEMENT_3D('',#7108,#5786,#5787);
#4634=AXIS2_PLACEMENT_3D('',#7110,#5789,#5790);
#4635=AXIS2_PLACEMENT_3D('',#7117,#5792,#5793);
#4636=AXIS2_PLACEMENT_3D('',#7121,#5795,#5796);
#4637=AXIS2_PLACEMENT_3D('',#7123,#5798,#5799);
#4638=AXIS2_PLACEMENT_3D('',#7130,#5801,#5802);
#4639=AXIS2_PLACEMENT_3D('',#7134,#5804,#5805);
#4640=AXIS2_PLACEMENT_3D('',#7136,#5807,#5808);
#4641=AXIS2_PLACEMENT_3D('',#7194,#5810,#5811);
#4642=AXIS2_PLACEMENT_3D('',#7293,#5813,#5814);
#4643=AXIS2_PLACEMENT_3D('',#7397,#5816,#5817);
#4644=AXIS2_PLACEMENT_3D('',#7496,#5819,#5820);
#4645=AXIS2_PLACEMENT_3D('',#7595,#5822,#5823);
#4646=AXIS2_PLACEMENT_3D('',#7699,#5825,#5826);
#4647=AXIS2_PLACEMENT_3D('',#7747,#5828,#5829);
#4648=AXIS2_PLACEMENT_3D('',#7749,#5831,#5832);
#4649=AXIS2_PLACEMENT_3D('',#7751,#5834,#5835);
#4650=AXIS2_PLACEMENT_3D('',#7753,#5837,#5838);
#4651=AXIS2_PLACEMENT_3D('',#7755,#5840,#5841);
#4652=AXIS2_PLACEMENT_3D('',#7757,#5843,#5844);
#4653=AXIS2_PLACEMENT_3D('',#7759,#5846,#5847);
#4654=DIRECTION('axis',(0.,0.,1.));
#4655=DIRECTION('refdir',(1.,0.,0.));
#4656=DIRECTION('center_axis',(0.,0.,-1.));
#4657=DIRECTION('ref_axis',(-0.707106781186547,0.707106781186548,0.));
#4658=DIRECTION('center_axis',(0.,0.,1.));
#4659=DIRECTION('ref_axis',(-0.707106781186547,0.707106781186548,0.));
#4660=DIRECTION('',(0.,0.,-1.));
#4661=DIRECTION('center_axis',(0.,0.,-1.));
#4662=DIRECTION('ref_axis',(-0.707106781186547,0.707106781186548,0.));
#4663=DIRECTION('',(0.,0.,1.));
#4664=DIRECTION('center_axis',(-1.,-1.48029736616688E-16,0.));
#4665=DIRECTION('ref_axis',(-1.48029736616688E-16,1.,0.));
#4666=DIRECTION('',(-1.48029736616688E-16,1.,0.));
#4667=DIRECTION('',(0.,0.,1.));
#4668=DIRECTION('',(1.48029736616688E-16,-1.,0.));
#4669=DIRECTION('center_axis',(0.,0.,-1.));
#4670=DIRECTION('ref_axis',(0.707106781186548,0.707106781186548,0.));
#4671=DIRECTION('center_axis',(0.,0.,1.));
#4672=DIRECTION('ref_axis',(0.707106781186548,0.707106781186548,0.));
#4673=DIRECTION('',(0.,0.,-1.));
#4674=DIRECTION('center_axis',(0.,0.,-1.));
#4675=DIRECTION('ref_axis',(0.707106781186548,0.707106781186548,0.));
#4676=DIRECTION('',(0.,0.,1.));
#4677=DIRECTION('center_axis',(0.,1.,0.));
#4678=DIRECTION('ref_axis',(1.,0.,0.));
#4679=DIRECTION('',(-1.,0.,0.));
#4680=DIRECTION('',(1.,0.,0.));
#4681=DIRECTION('center_axis',(0.,0.,-1.));
#4682=DIRECTION('ref_axis',(-0.707106781186548,-0.707106781186548,0.));
#4683=DIRECTION('center_axis',(0.,0.,1.));
#4684=DIRECTION('ref_axis',(-0.707106781186548,-0.707106781186548,0.));
#4685=DIRECTION('',(0.,0.,-1.));
#4686=DIRECTION('center_axis',(0.,0.,-1.));
#4687=DIRECTION('ref_axis',(-0.707106781186548,-0.707106781186548,0.));
#4688=DIRECTION('center_axis',(0.,-1.,0.));
#4689=DIRECTION('ref_axis',(-1.,0.,0.));
#4690=DIRECTION('',(-1.,0.,0.));
#4691=DIRECTION('',(0.,0.,1.));
#4692=DIRECTION('',(1.,0.,0.));
#4693=DIRECTION('center_axis',(0.,0.,-1.));
#4694=DIRECTION('ref_axis',(0.707106781186547,-0.707106781186548,0.));
#4695=DIRECTION('center_axis',(0.,0.,1.));
#4696=DIRECTION('ref_axis',(0.707106781186547,-0.707106781186548,0.));
#4697=DIRECTION('',(0.,0.,-1.));
#4698=DIRECTION('center_axis',(0.,0.,-1.));
#4699=DIRECTION('ref_axis',(0.707106781186547,-0.707106781186548,0.));
#4700=DIRECTION('center_axis',(1.,2.96059473233375E-16,0.));
#4701=DIRECTION('ref_axis',(2.96059473233375E-16,-1.,0.));
#4702=DIRECTION('',(-2.96059473233375E-16,1.,0.));
#4703=DIRECTION('',(2.96059473233375E-16,-1.,0.));
#4704=DIRECTION('center_axis',(0.,0.,-1.));
#4705=DIRECTION('ref_axis',(-1.,0.,0.));
#4706=DIRECTION('center_axis',(0.,0.,-1.));
#4707=DIRECTION('ref_axis',(-1.,0.,0.));
#4708=DIRECTION('',(0.,0.,-1.));
#4709=DIRECTION('center_axis',(0.,0.,1.));
#4710=DIRECTION('ref_axis',(-1.,0.,0.));
#4711=DIRECTION('center_axis',(0.,0.,-1.));
#4712=DIRECTION('ref_axis',(-1.,0.,0.));
#4713=DIRECTION('center_axis',(0.,0.,-1.));
#4714=DIRECTION('ref_axis',(-1.,0.,0.));
#4715=DIRECTION('',(0.,0.,-1.));
#4716=DIRECTION('center_axis',(0.,0.,1.));
#4717=DIRECTION('ref_axis',(-1.,0.,0.));
#4718=DIRECTION('center_axis',(0.,0.,-1.));
#4719=DIRECTION('ref_axis',(6.93889390390718E-16,1.,0.));
#4720=DIRECTION('center_axis',(0.,0.,-1.));
#4721=DIRECTION('ref_axis',(6.93889390390718E-16,1.,0.));
#4722=DIRECTION('',(0.,0.,1.));
#4723=DIRECTION('center_axis',(0.,0.,1.));
#4724=DIRECTION('ref_axis',(6.93889390390718E-16,1.,0.));
#4725=DIRECTION('',(0.,0.,1.));
#4726=DIRECTION('center_axis',(1.,0.,0.));
#4727=DIRECTION('ref_axis',(0.,1.,0.));
#4728=DIRECTION('',(0.,-1.,0.));
#4729=DIRECTION('',(0.,0.,1.));
#4730=DIRECTION('',(0.,1.,0.));
#4731=DIRECTION('center_axis',(0.,0.,-1.));
#4732=DIRECTION('ref_axis',(1.,0.,0.));
#4733=DIRECTION('center_axis',(0.,0.,1.));
#4734=DIRECTION('ref_axis',(1.,0.,0.));
#4735=DIRECTION('',(0.,0.,1.));
#4736=DIRECTION('center_axis',(0.,0.,-1.));
#4737=DIRECTION('ref_axis',(1.,0.,0.));
#4738=DIRECTION('center_axis',(-1.,0.,0.));
#4739=DIRECTION('ref_axis',(0.,-1.,0.));
#4740=DIRECTION('',(0.,1.,0.));
#4741=DIRECTION('',(0.,0.,1.));
#4742=DIRECTION('',(0.,-1.,0.));
#4743=DIRECTION('center_axis',(0.,0.,-1.));
#4744=DIRECTION('ref_axis',(-1.,0.,0.));
#4745=DIRECTION('center_axis',(0.,0.,-1.));
#4746=DIRECTION('ref_axis',(-1.,0.,0.));
#4747=DIRECTION('',(0.,0.,1.));
#4748=DIRECTION('center_axis',(0.,0.,1.));
#4749=DIRECTION('ref_axis',(-1.,0.,0.));
#4750=DIRECTION('center_axis',(0.,0.,-1.));
#4751=DIRECTION('ref_axis',(0.,1.,0.));
#4752=DIRECTION('center_axis',(0.,0.,-1.));
#4753=DIRECTION('ref_axis',(0.,1.,0.));
#4754=DIRECTION('',(0.,0.,1.));
#4755=DIRECTION('center_axis',(0.,0.,1.));
#4756=DIRECTION('ref_axis',(0.,1.,0.));
#4757=DIRECTION('',(0.,0.,1.));
#4758=DIRECTION('center_axis',(1.,0.,0.));
#4759=DIRECTION('ref_axis',(0.,1.,0.));
#4760=DIRECTION('',(0.,-1.,0.));
#4761=DIRECTION('',(0.,0.,1.));
#4762=DIRECTION('',(0.,1.,0.));
#4763=DIRECTION('center_axis',(0.,0.,-1.));
#4764=DIRECTION('ref_axis',(1.,0.,0.));
#4765=DIRECTION('center_axis',(0.,0.,1.));
#4766=DIRECTION('ref_axis',(1.,0.,0.));
#4767=DIRECTION('',(0.,0.,1.));
#4768=DIRECTION('center_axis',(0.,0.,-1.));
#4769=DIRECTION('ref_axis',(1.,0.,0.));
#4770=DIRECTION('center_axis',(-1.,0.,0.));
#4771=DIRECTION('ref_axis',(0.,-1.,0.));
#4772=DIRECTION('',(0.,1.,0.));
#4773=DIRECTION('',(0.,0.,1.));
#4774=DIRECTION('',(0.,-1.,0.));
#4775=DIRECTION('center_axis',(0.,0.,-1.));
#4776=DIRECTION('ref_axis',(-1.,0.,0.));
#4777=DIRECTION('center_axis',(0.,0.,-1.));
#4778=DIRECTION('ref_axis',(-1.,0.,0.));
#4779=DIRECTION('',(0.,0.,1.));
#4780=DIRECTION('center_axis',(0.,0.,1.));
#4781=DIRECTION('ref_axis',(-1.,0.,0.));
#4782=DIRECTION('center_axis',(0.,0.,-1.));
#4783=DIRECTION('ref_axis',(0.707106781186459,0.707106781186636,0.));
#4784=DIRECTION('center_axis',(0.,0.,-1.));
#4785=DIRECTION('ref_axis',(0.707106781186459,0.707106781186636,0.));
#4786=DIRECTION('',(0.,0.,-1.));
#4787=DIRECTION('center_axis',(0.,0.,-1.));
#4788=DIRECTION('ref_axis',(0.707106781186459,0.707106781186636,0.));
#4789=DIRECTION('',(0.,0.,-1.));
#4790=DIRECTION('center_axis',(0.707106781186457,0.707106781186638,0.));
#4791=DIRECTION('ref_axis',(0.707106781186638,-0.707106781186457,0.));
#4792=DIRECTION('',(0.707106781186638,-0.707106781186457,0.));
#4793=DIRECTION('',(0.,0.,-1.));
#4794=DIRECTION('',(0.707106781186638,-0.707106781186457,0.));
#4795=DIRECTION('center_axis',(0.,0.,-1.));
#4796=DIRECTION('ref_axis',(1.,0.,0.));
#4797=DIRECTION('center_axis',(0.,0.,-1.));
#4798=DIRECTION('ref_axis',(1.,0.,0.));
#4799=DIRECTION('',(0.,0.,-1.));
#4800=DIRECTION('center_axis',(0.,0.,-1.));
#4801=DIRECTION('ref_axis',(1.,0.,0.));
#4802=DIRECTION('center_axis',(1.,1.68836301374031E-14,0.));
#4803=DIRECTION('ref_axis',(1.68836301374031E-14,-1.,0.));
#4804=DIRECTION('',(1.68836301374031E-14,-1.,0.));
#4805=DIRECTION('',(0.,0.,-1.));
#4806=DIRECTION('',(1.68836301374031E-14,-1.,0.));
#4807=DIRECTION('center_axis',(0.,0.,-1.));
#4808=DIRECTION('ref_axis',(-1.,0.,0.));
#4809=DIRECTION('center_axis',(0.,0.,1.));
#4810=DIRECTION('ref_axis',(-1.,0.,0.));
#4811=DIRECTION('',(0.,0.,-1.));
#4812=DIRECTION('center_axis',(0.,0.,1.));
#4813=DIRECTION('ref_axis',(-1.,0.,0.));
#4814=DIRECTION('',(0.,0.,-1.));
#4815=DIRECTION('center_axis',(0.,0.,1.));
#4816=DIRECTION('ref_axis',(-1.,0.,0.));
#4817=DIRECTION('center_axis',(0.,0.,-1.));
#4818=DIRECTION('ref_axis',(0.823529411764744,0.567273574176001,0.));
#4819=DIRECTION('center_axis',(0.,0.,-1.));
#4820=DIRECTION('ref_axis',(0.823529411764744,0.567273574176001,0.));
#4821=DIRECTION('',(0.,0.,1.));
#4822=DIRECTION('center_axis',(0.,0.,1.));
#4823=DIRECTION('ref_axis',(0.823529411764744,0.567273574176001,0.));
#4824=DIRECTION('center_axis',(1.,1.70760183978374E-16,0.));
#4825=DIRECTION('ref_axis',(-1.70760183978374E-16,1.,0.));
#4826=DIRECTION('',(1.70760183978374E-16,-1.,0.));
#4827=DIRECTION('',(0.,0.,1.));
#4828=DIRECTION('',(-1.70760183978374E-16,1.,0.));
#4829=DIRECTION('center_axis',(0.,0.,-1.));
#4830=DIRECTION('ref_axis',(1.,-8.88178419700125E-16,0.));
#4831=DIRECTION('center_axis',(0.,0.,-1.));
#4832=DIRECTION('ref_axis',(1.,-8.88178419700125E-16,0.));
#4833=DIRECTION('',(0.,0.,-1.));
#4834=DIRECTION('center_axis',(0.,0.,1.));
#4835=DIRECTION('ref_axis',(1.,-8.88178419700125E-16,0.));
#4836=DIRECTION('center_axis',(0.,0.,-1.));
#4837=DIRECTION('ref_axis',(-0.707106781186546,0.707106781186549,0.));
#4838=DIRECTION('center_axis',(0.,0.,1.));
#4839=DIRECTION('ref_axis',(-0.707106781186546,0.707106781186549,0.));
#4840=DIRECTION('',(0.,0.,-1.));
#4841=DIRECTION('center_axis',(0.,0.,1.));
#4842=DIRECTION('ref_axis',(-0.707106781186546,0.707106781186549,0.));
#4843=DIRECTION('',(0.,0.,-1.));
#4844=DIRECTION('center_axis',(0.,0.,1.));
#4845=DIRECTION('ref_axis',(-0.707106781186546,0.707106781186549,0.));
#4846=DIRECTION('center_axis',(1.,-1.54467254448583E-14,0.));
#4847=DIRECTION('ref_axis',(-1.54467254448583E-14,-1.,0.));
#4848=DIRECTION('',(-1.54467254448583E-14,-1.,0.));
#4849=DIRECTION('',(0.,0.,-1.));
#4850=DIRECTION('',(-1.54467254448583E-14,-1.,0.));
#4851=DIRECTION('center_axis',(0.,0.,-1.));
#4852=DIRECTION('ref_axis',(0.707106781186545,-0.70710678118655,0.));
#4853=DIRECTION('center_axis',(0.,0.,-1.));
#4854=DIRECTION('ref_axis',(0.707106781186545,-0.70710678118655,0.));
#4855=DIRECTION('',(0.,0.,-1.));
#4856=DIRECTION('center_axis',(0.,0.,-1.));
#4857=DIRECTION('ref_axis',(0.707106781186545,-0.70710678118655,0.));
#4858=DIRECTION('center_axis',(0.707106781186549,-0.707106781186546,0.));
#4859=DIRECTION('ref_axis',(-0.707106781186546,-0.707106781186549,0.));
#4860=DIRECTION('',(-0.707106781186546,-0.707106781186549,0.));
#4861=DIRECTION('',(0.,0.,-1.));
#4862=DIRECTION('',(-0.707106781186546,-0.707106781186549,0.));
#4863=DIRECTION('center_axis',(0.,0.,-1.));
#4864=DIRECTION('ref_axis',(0.,-1.,0.));
#4865=DIRECTION('center_axis',(0.,0.,-1.));
#4866=DIRECTION('ref_axis',(0.,-1.,0.));
#4867=DIRECTION('',(0.,0.,-1.));
#4868=DIRECTION('center_axis',(0.,0.,-1.));
#4869=DIRECTION('ref_axis',(0.,-1.,0.));
#4870=DIRECTION('center_axis',(0.,0.,1.));
#4871=DIRECTION('ref_axis',(-1.,0.,0.));
#4872=DIRECTION('center_axis',(0.,0.,-1.));
#4873=DIRECTION('ref_axis',(-1.,0.,0.));
#4874=DIRECTION('',(0.,0.,1.));
#4875=DIRECTION('center_axis',(0.,0.,-1.));
#4876=DIRECTION('ref_axis',(-1.,0.,0.));
#4877=DIRECTION('',(0.,0.,-1.));
#4878=DIRECTION('center_axis',(1.,0.,0.));
#4879=DIRECTION('ref_axis',(0.,1.,0.));
#4880=DIRECTION('',(0.,1.,0.));
#4881=DIRECTION('',(0.,0.,1.));
#4882=DIRECTION('',(0.,1.,0.));
#4883=DIRECTION('center_axis',(0.,0.,1.));
#4884=DIRECTION('ref_axis',(1.,0.,0.));
#4885=DIRECTION('center_axis',(0.,0.,1.));
#4886=DIRECTION('ref_axis',(1.,0.,0.));
#4887=DIRECTION('',(0.,0.,1.));
#4888=DIRECTION('center_axis',(0.,0.,1.));
#4889=DIRECTION('ref_axis',(1.,0.,0.));
#4890=DIRECTION('center_axis',(-1.,0.,0.));
#4891=DIRECTION('ref_axis',(0.,-1.,0.));
#4892=DIRECTION('',(0.,-1.,0.));
#4893=DIRECTION('',(0.,0.,1.));
#4894=DIRECTION('',(0.,-1.,0.));
#4895=DIRECTION('center_axis',(0.,0.,1.));
#4896=DIRECTION('ref_axis',(0.,-1.,0.));
#4897=DIRECTION('center_axis',(0.,0.,-1.));
#4898=DIRECTION('ref_axis',(0.,-1.,0.));
#4899=DIRECTION('',(0.,0.,-1.));
#4900=DIRECTION('center_axis',(0.,0.,-1.));
#4901=DIRECTION('ref_axis',(0.,-1.,0.));
#4902=DIRECTION('center_axis',(0.,0.,1.));
#4903=DIRECTION('ref_axis',(-1.,0.,0.));
#4904=DIRECTION('center_axis',(0.,0.,-1.));
#4905=DIRECTION('ref_axis',(-1.,0.,0.));
#4906=DIRECTION('',(0.,0.,1.));
#4907=DIRECTION('center_axis',(0.,0.,-1.));
#4908=DIRECTION('ref_axis',(-1.,0.,0.));
#4909=DIRECTION('',(0.,0.,-1.));
#4910=DIRECTION('center_axis',(1.,0.,0.));
#4911=DIRECTION('ref_axis',(0.,1.,0.));
#4912=DIRECTION('',(0.,1.,0.));
#4913=DIRECTION('',(0.,0.,1.));
#4914=DIRECTION('',(0.,1.,0.));
#4915=DIRECTION('center_axis',(0.,0.,1.));
#4916=DIRECTION('ref_axis',(1.,0.,0.));
#4917=DIRECTION('center_axis',(0.,0.,1.));
#4918=DIRECTION('ref_axis',(1.,0.,0.));
#4919=DIRECTION('',(0.,0.,1.));
#4920=DIRECTION('center_axis',(0.,0.,1.));
#4921=DIRECTION('ref_axis',(1.,0.,0.));
#4922=DIRECTION('center_axis',(-1.,0.,0.));
#4923=DIRECTION('ref_axis',(0.,-1.,0.));
#4924=DIRECTION('',(0.,-1.,0.));
#4925=DIRECTION('',(0.,0.,1.));
#4926=DIRECTION('',(0.,-1.,0.));
#4927=DIRECTION('center_axis',(0.,0.,1.));
#4928=DIRECTION('ref_axis',(6.93889390390718E-16,-1.,0.));
#4929=DIRECTION('center_axis',(0.,0.,-1.));
#4930=DIRECTION('ref_axis',(6.93889390390718E-16,-1.,0.));
#4931=DIRECTION('',(0.,0.,-1.));
#4932=DIRECTION('center_axis',(0.,0.,-1.));
#4933=DIRECTION('ref_axis',(6.93889390390718E-16,-1.,0.));
#4934=DIRECTION('center_axis',(0.,0.,1.));
#4935=DIRECTION('ref_axis',(1.,0.,0.));
#4936=DIRECTION('center_axis',(0.,0.,-1.));
#4937=DIRECTION('ref_axis',(1.,0.,0.));
#4938=DIRECTION('',(0.,0.,-1.));
#4939=DIRECTION('center_axis',(0.,0.,1.));
#4940=DIRECTION('ref_axis',(1.,0.,0.));
#4941=DIRECTION('center_axis',(0.,0.,-1.));
#4942=DIRECTION('ref_axis',(1.,0.,0.));
#4943=DIRECTION('',(1.,0.,0.));
#4944=DIRECTION('center_axis',(0.,0.,-1.));
#4945=DIRECTION('ref_axis',(-6.93889390390718E-16,1.,0.));
#4946=DIRECTION('',(0.,1.,0.));
#4947=DIRECTION('center_axis',(0.,0.,1.));
#4948=DIRECTION('ref_axis',(-1.,0.,0.));
#4949=DIRECTION('',(0.,-1.,0.));
#4950=DIRECTION('center_axis',(0.,0.,-1.));
#4951=DIRECTION('ref_axis',(1.,0.,0.));
#4952=DIRECTION('',(1.,0.,0.));
#4953=DIRECTION('center_axis',(0.,0.,-1.));
#4954=DIRECTION('ref_axis',(0.,1.,0.));
#4955=DIRECTION('',(0.,1.,0.));
#4956=DIRECTION('center_axis',(0.,0.,1.));
#4957=DIRECTION('ref_axis',(-1.,0.,0.));
#4958=DIRECTION('',(0.,-1.,0.));
#4959=DIRECTION('center_axis',(0.,0.,-1.));
#4960=DIRECTION('ref_axis',(1.,0.,0.));
#4961=DIRECTION('',(1.,0.,0.));
#4962=DIRECTION('center_axis',(0.,0.,-1.));
#4963=DIRECTION('ref_axis',(0.,1.,0.));
#4964=DIRECTION('',(0.707106781186458,0.707106781186637,0.));
#4965=DIRECTION('center_axis',(0.,0.,-1.));
#4966=DIRECTION('ref_axis',(-0.707106781186636,0.707106781186459,0.));
#4967=DIRECTION('',(-1.07767851940878E-15,1.,0.));
#4968=DIRECTION('center_axis',(0.,0.,1.));
#4969=DIRECTION('ref_axis',(0.707106781186635,-0.70710678118646,0.));
#4970=DIRECTION('center_axis',(0.,0.,-1.));
#4971=DIRECTION('ref_axis',(-0.823529411764744,0.567273574176001,0.));
#4972=DIRECTION('',(1.70760183978374E-16,1.,0.));
#4973=DIRECTION('center_axis',(0.,0.,-1.));
#4974=DIRECTION('ref_axis',(-1.,-8.88178419700125E-16,0.));
#4975=DIRECTION('center_axis',(0.,0.,1.));
#4976=DIRECTION('ref_axis',(1.,0.,0.));
#4977=DIRECTION('',(-8.98065432840604E-15,1.,0.));
#4978=DIRECTION('center_axis',(0.,0.,-1.));
#4979=DIRECTION('ref_axis',(-1.,0.,0.));
#4980=DIRECTION('',(-0.707106781186546,0.707106781186549,0.));
#4981=DIRECTION('center_axis',(0.,0.,-1.));
#4982=DIRECTION('ref_axis',(-0.70710678118655,-0.707106781186545,0.));
#4983=DIRECTION('',(-1.,0.,0.));
#4984=DIRECTION('center_axis',(0.,0.,-1.));
#4985=DIRECTION('ref_axis',(1.,0.,0.));
#4986=DIRECTION('',(0.,-1.,0.));
#4987=DIRECTION('center_axis',(0.,0.,1.));
#4988=DIRECTION('ref_axis',(-1.,0.,0.));
#4989=DIRECTION('',(0.,1.,0.));
#4990=DIRECTION('center_axis',(0.,0.,-1.));
#4991=DIRECTION('ref_axis',(0.,-1.,0.));
#4992=DIRECTION('',(-1.,0.,0.));
#4993=DIRECTION('center_axis',(0.,0.,-1.));
#4994=DIRECTION('ref_axis',(1.,0.,0.));
#4995=DIRECTION('',(0.,-1.,0.));
#4996=DIRECTION('center_axis',(0.,0.,1.));
#4997=DIRECTION('ref_axis',(-1.,0.,0.));
#4998=DIRECTION('',(0.,1.,0.));
#4999=DIRECTION('center_axis',(0.,0.,-1.));
#5000=DIRECTION('ref_axis',(-6.93889390390718E-16,-1.,0.));
#5001=DIRECTION('',(-1.,0.,0.));
#5002=DIRECTION('',(-1.,0.,0.));
#5003=DIRECTION('',(-1.,0.,0.));
#5004=DIRECTION('',(1.,0.,0.));
#5005=DIRECTION('',(1.,0.,0.));
#5006=DIRECTION('center_axis',(0.,0.,-1.));
#5007=DIRECTION('ref_axis',(1.,0.,0.));
#5008=DIRECTION('center_axis',(0.,0.,-1.));
#5009=DIRECTION('ref_axis',(-1.,0.,0.));
#5010=DIRECTION('center_axis',(0.,0.,-1.));
#5011=DIRECTION('ref_axis',(-1.,0.,0.));
#5012=DIRECTION('',(0.,1.,0.));
#5013=DIRECTION('center_axis',(0.,0.,-1.));
#5014=DIRECTION('ref_axis',(-0.707106781186547,0.707106781186548,0.));
#5015=DIRECTION('',(1.,0.,0.));
#5016=DIRECTION('center_axis',(0.,0.,-1.));
#5017=DIRECTION('ref_axis',(0.707106781186547,0.707106781186548,0.));
#5018=DIRECTION('',(0.,-1.,0.));
#5019=DIRECTION('center_axis',(0.,0.,-1.));
#5020=DIRECTION('ref_axis',(0.707106781186546,-0.707106781186549,0.));
#5021=DIRECTION('',(-1.,0.,0.));
#5022=DIRECTION('center_axis',(0.,0.,-1.));
#5023=DIRECTION('ref_axis',(-0.707106781186546,-0.707106781186549,0.));
#5024=DIRECTION('',(-1.36642833800019E-15,-1.,0.));
#5025=DIRECTION('center_axis',(0.,0.,-1.));
#5026=DIRECTION('ref_axis',(0.707106781186546,-0.707106781186549,0.));
#5027=DIRECTION('',(-1.,5.9211894646675E-16,0.));
#5028=DIRECTION('center_axis',(0.,0.,-1.));
#5029=DIRECTION('ref_axis',(-0.707106781186547,-0.707106781186548,0.));
#5030=DIRECTION('',(1.36642833800019E-15,1.,0.));
#5031=DIRECTION('center_axis',(0.,0.,-1.));
#5032=DIRECTION('ref_axis',(-0.707106781186546,0.707106781186549,0.));
#5033=DIRECTION('',(1.,-5.9211894646675E-16,0.));
#5034=DIRECTION('center_axis',(0.,0.,-1.));
#5035=DIRECTION('ref_axis',(0.707106781186548,0.707106781186548,0.));
#5036=DIRECTION('',(0.,1.,0.));
#5037=DIRECTION('center_axis',(0.,0.,-1.));
#5038=DIRECTION('ref_axis',(-0.707106781186548,0.707106781186548,0.));
#5039=DIRECTION('',(1.,5.55111512312576E-16,0.));
#5040=DIRECTION('center_axis',(0.,0.,-1.));
#5041=DIRECTION('ref_axis',(0.707106781186544,0.707106781186551,0.));
#5042=DIRECTION('',(0.,-1.,0.));
#5043=DIRECTION('center_axis',(0.,0.,-1.));
#5044=DIRECTION('ref_axis',(0.707106781186548,-0.707106781186548,0.));
#5045=DIRECTION('',(-1.,-5.55111512312576E-16,0.));
#5046=DIRECTION('center_axis',(0.,0.,-1.));
#5047=DIRECTION('ref_axis',(-0.707106781186548,-0.707106781186548,0.));
#5048=DIRECTION('',(-1.,3.88578058618804E-15,0.));
#5049=DIRECTION('center_axis',(0.,0.,-1.));
#5050=DIRECTION('ref_axis',(-0.707106781186548,-0.707106781186548,0.));
#5051=DIRECTION('',(0.,1.,0.));
#5052=DIRECTION('center_axis',(0.,0.,-1.));
#5053=DIRECTION('ref_axis',(-0.707106781186544,0.707106781186551,0.));
#5054=DIRECTION('',(1.,-3.88578058618804E-15,0.));
#5055=DIRECTION('center_axis',(0.,0.,-1.));
#5056=DIRECTION('ref_axis',(0.707106781186551,0.707106781186544,0.));
#5057=DIRECTION('',(0.,-1.,0.));
#5058=DIRECTION('center_axis',(0.,0.,-1.));
#5059=DIRECTION('ref_axis',(0.707106781186548,-0.707106781186548,0.));
#5060=DIRECTION('center_axis',(0.,0.,1.));
#5061=DIRECTION('ref_axis',(-1.,0.,0.));
#5062=DIRECTION('center_axis',(0.,0.,1.));
#5063=DIRECTION('ref_axis',(-1.,0.,0.));
#5064=DIRECTION('center_axis',(0.,0.,1.));
#5065=DIRECTION('ref_axis',(-1.,0.,0.));
#5066=DIRECTION('center_axis',(0.,0.,1.));
#5067=DIRECTION('ref_axis',(-1.,0.,0.));
#5068=DIRECTION('center_axis',(0.,0.,1.));
#5069=DIRECTION('ref_axis',(-1.,0.,0.));
#5070=DIRECTION('center_axis',(0.,0.,1.));
#5071=DIRECTION('ref_axis',(-1.,0.,0.));
#5072=DIRECTION('center_axis',(0.,0.,1.));
#5073=DIRECTION('ref_axis',(-1.,0.,0.));
#5074=DIRECTION('center_axis',(0.,0.,1.));
#5075=DIRECTION('ref_axis',(-1.,0.,0.));
#5076=DIRECTION('center_axis',(0.,0.,1.));
#5077=DIRECTION('ref_axis',(1.,0.,0.));
#5078=DIRECTION('center_axis',(0.,0.,1.));
#5079=DIRECTION('ref_axis',(1.,0.,0.));
#5080=DIRECTION('center_axis',(0.,0.,1.));
#5081=DIRECTION('ref_axis',(1.,0.,0.));
#5082=DIRECTION('center_axis',(0.,0.,1.));
#5083=DIRECTION('ref_axis',(1.,0.,0.));
#5084=DIRECTION('center_axis',(0.,0.,-1.));
#5085=DIRECTION('ref_axis',(-1.,0.,0.));
#5086=DIRECTION('center_axis',(0.,0.,-1.));
#5087=DIRECTION('ref_axis',(-1.,0.,0.));
#5088=DIRECTION('center_axis',(0.,0.,-1.));
#5089=DIRECTION('ref_axis',(1.,0.,0.));
#5090=DIRECTION('center_axis',(0.,0.,-1.));
#5091=DIRECTION('ref_axis',(1.,0.,0.));
#5092=DIRECTION('center_axis',(0.,0.,1.));
#5093=DIRECTION('ref_axis',(1.,0.,0.));
#5094=DIRECTION('',(-8.88178419700095E-15,-1.,0.));
#5095=DIRECTION('',(0.707106781186425,0.70710678118667,0.));
#5096=DIRECTION('center_axis',(0.,0.,-1.));
#5097=DIRECTION('ref_axis',(0.923879532511317,-0.382683432365017,0.));
#5098=DIRECTION('',(-1.61238543884028E-14,-1.,0.));
#5099=DIRECTION('',(-0.707106781186553,-0.707106781186542,0.));
#5100=DIRECTION('',(-1.,0.,0.));
#5101=DIRECTION('',(-0.707106781186562,0.707106781186533,0.));
#5102=DIRECTION('',(-4.01729931372071E-14,1.,0.));
#5103=DIRECTION('center_axis',(0.,0.,-1.));
#5104=DIRECTION('ref_axis',(-0.923879532511326,-0.382683432364996,0.));
#5105=DIRECTION('',(-0.707106781186377,0.707106781186718,0.));
#5106=DIRECTION('',(5.26327952414871E-15,1.,0.));
#5107=DIRECTION('',(0.707106781186539,0.707106781186556,0.));
#5108=DIRECTION('center_axis',(0.,0.,-1.));
#5109=DIRECTION('ref_axis',(-0.923879532511291,0.382683432365079,0.));
#5110=DIRECTION('',(-9.29171269840164E-15,1.,0.));
#5111=DIRECTION('',(0.707106781186545,0.70710678118655,0.));
#5112=DIRECTION('',(1.,0.,0.));
#5113=DIRECTION('',(0.707106781186553,-0.707106781186542,0.));
#5114=DIRECTION('',(1.39375690476025E-14,-1.,0.));
#5115=DIRECTION('center_axis',(0.,0.,-1.));
#5116=DIRECTION('ref_axis',(0.923879532511299,0.38268343236506,0.));
#5117=DIRECTION('',(0.707106781186492,-0.707106781186603,0.));
#5118=DIRECTION('center_axis',(0.,0.,1.));
#5119=DIRECTION('ref_axis',(1.,0.,0.));
#5120=DIRECTION('center_axis',(0.,0.,1.));
#5121=DIRECTION('ref_axis',(1.,0.,0.));
#5122=DIRECTION('center_axis',(0.,0.,1.));
#5123=DIRECTION('ref_axis',(1.,0.,0.));
#5124=DIRECTION('center_axis',(0.,0.,1.));
#5125=DIRECTION('ref_axis',(-1.,0.,0.));
#5126=DIRECTION('center_axis',(0.,0.,1.));
#5127=DIRECTION('ref_axis',(-1.,0.,0.));
#5128=DIRECTION('center_axis',(0.,0.,1.));
#5129=DIRECTION('ref_axis',(-1.,0.,0.));
#5130=DIRECTION('center_axis',(0.,0.,1.));
#5131=DIRECTION('ref_axis',(-1.,0.,0.));
#5132=DIRECTION('center_axis',(0.,0.,1.));
#5133=DIRECTION('ref_axis',(-1.,0.,0.));
#5134=DIRECTION('center_axis',(0.,0.,1.));
#5135=DIRECTION('ref_axis',(-1.,0.,0.));
#5136=DIRECTION('center_axis',(0.,0.,1.));
#5137=DIRECTION('ref_axis',(-1.,0.,0.));
#5138=DIRECTION('center_axis',(0.,0.,1.));
#5139=DIRECTION('ref_axis',(-1.,0.,0.));
#5140=DIRECTION('center_axis',(0.,0.,1.));
#5141=DIRECTION('ref_axis',(-1.,0.,0.));
#5142=DIRECTION('center_axis',(0.,0.,1.));
#5143=DIRECTION('ref_axis',(-1.,0.,0.));
#5144=DIRECTION('center_axis',(0.,0.,1.));
#5145=DIRECTION('ref_axis',(-1.,0.,0.));
#5146=DIRECTION('center_axis',(0.,0.,1.));
#5147=DIRECTION('ref_axis',(-1.,0.,0.));
#5148=DIRECTION('center_axis',(0.,0.,1.));
#5149=DIRECTION('ref_axis',(1.,0.,0.));
#5150=DIRECTION('center_axis',(0.,0.,1.));
#5151=DIRECTION('ref_axis',(1.,0.,0.));
#5152=DIRECTION('center_axis',(0.,0.,1.));
#5153=DIRECTION('ref_axis',(1.,0.,0.));
#5154=DIRECTION('center_axis',(0.,0.,1.));
#5155=DIRECTION('ref_axis',(1.,0.,0.));
#5156=DIRECTION('center_axis',(0.,0.,1.));
#5157=DIRECTION('ref_axis',(1.,0.,0.));
#5158=DIRECTION('center_axis',(0.,0.,1.));
#5159=DIRECTION('ref_axis',(1.,0.,0.));
#5160=DIRECTION('center_axis',(0.,0.,1.));
#5161=DIRECTION('ref_axis',(1.,0.,0.));
#5162=DIRECTION('center_axis',(0.,0.,1.));
#5163=DIRECTION('ref_axis',(1.,0.,0.));
#5164=DIRECTION('center_axis',(0.,0.,1.));
#5165=DIRECTION('ref_axis',(1.,0.,0.));
#5166=DIRECTION('center_axis',(0.,0.,1.));
#5167=DIRECTION('ref_axis',(1.,0.,0.));
#5168=DIRECTION('center_axis',(0.,0.,1.));
#5169=DIRECTION('ref_axis',(1.,0.,0.));
#5170=DIRECTION('center_axis',(0.,0.,1.));
#5171=DIRECTION('ref_axis',(1.,0.,0.));
#5172=DIRECTION('',(1.,-3.88578058618804E-15,0.));
#5173=DIRECTION('center_axis',(0.,0.,-1.));
#5174=DIRECTION('ref_axis',(0.707106781186548,-0.707106781186548,0.));
#5175=DIRECTION('',(0.,1.,0.));
#5176=DIRECTION('center_axis',(0.,0.,-1.));
#5177=DIRECTION('ref_axis',(0.707106781186551,0.707106781186544,0.));
#5178=DIRECTION('',(-1.,3.88578058618804E-15,0.));
#5179=DIRECTION('center_axis',(0.,0.,-1.));
#5180=DIRECTION('ref_axis',(-0.707106781186544,0.707106781186551,0.));
#5181=DIRECTION('',(0.,-1.,0.));
#5182=DIRECTION('center_axis',(0.,0.,-1.));
#5183=DIRECTION('ref_axis',(-0.707106781186548,-0.707106781186548,0.));
#5184=DIRECTION('',(0.,-1.,0.));
#5185=DIRECTION('center_axis',(0.,0.,-1.));
#5186=DIRECTION('ref_axis',(-0.707106781186548,-0.707106781186548,0.));
#5187=DIRECTION('',(1.,5.55111512312576E-16,0.));
#5188=DIRECTION('center_axis',(0.,0.,-1.));
#5189=DIRECTION('ref_axis',(0.707106781186548,-0.707106781186548,0.));
#5190=DIRECTION('',(0.,1.,0.));
#5191=DIRECTION('center_axis',(0.,0.,-1.));
#5192=DIRECTION('ref_axis',(0.707106781186544,0.707106781186551,0.));
#5193=DIRECTION('',(-1.,-5.55111512312576E-16,0.));
#5194=DIRECTION('center_axis',(0.,0.,-1.));
#5195=DIRECTION('ref_axis',(-0.707106781186548,0.707106781186548,0.));
#5196=DIRECTION('',(1.36642833800019E-15,1.,0.));
#5197=DIRECTION('center_axis',(0.,0.,-1.));
#5198=DIRECTION('ref_axis',(0.707106781186548,0.707106781186548,0.));
#5199=DIRECTION('',(-1.,5.9211894646675E-16,0.));
#5200=DIRECTION('center_axis',(0.,0.,-1.));
#5201=DIRECTION('ref_axis',(-0.707106781186546,0.707106781186549,0.));
#5202=DIRECTION('',(-1.36642833800019E-15,-1.,0.));
#5203=DIRECTION('center_axis',(0.,0.,-1.));
#5204=DIRECTION('ref_axis',(-0.707106781186547,-0.707106781186548,0.));
#5205=DIRECTION('',(1.,-5.9211894646675E-16,0.));
#5206=DIRECTION('center_axis',(0.,0.,-1.));
#5207=DIRECTION('ref_axis',(0.707106781186546,-0.707106781186549,0.));
#5208=DIRECTION('',(0.,-1.,0.));
#5209=DIRECTION('center_axis',(0.,0.,-1.));
#5210=DIRECTION('ref_axis',(-0.707106781186546,-0.707106781186549,0.));
#5211=DIRECTION('',(1.,0.,0.));
#5212=DIRECTION('center_axis',(0.,0.,-1.));
#5213=DIRECTION('ref_axis',(0.707106781186546,-0.707106781186549,0.));
#5214=DIRECTION('',(0.,1.,0.));
#5215=DIRECTION('center_axis',(0.,0.,-1.));
#5216=DIRECTION('ref_axis',(0.707106781186547,0.707106781186548,0.));
#5217=DIRECTION('',(-1.,0.,0.));
#5218=DIRECTION('center_axis',(0.,0.,-1.));
#5219=DIRECTION('ref_axis',(-0.707106781186547,0.707106781186548,0.));
#5220=DIRECTION('center_axis',(0.,0.,1.));
#5221=DIRECTION('ref_axis',(1.,0.,0.));
#5222=DIRECTION('',(0.,0.,-1.));
#5223=DIRECTION('center_axis',(0.,0.,1.));
#5224=DIRECTION('ref_axis',(1.,0.,0.));
#5225=DIRECTION('',(0.,0.,-1.));
#5226=DIRECTION('center_axis',(0.,0.,1.));
#5227=DIRECTION('ref_axis',(1.,0.,0.));
#5228=DIRECTION('',(0.,0.,-1.));
#5229=DIRECTION('center_axis',(0.,0.,1.));
#5230=DIRECTION('ref_axis',(-0.707106781186547,0.707106781186548,0.));
#5231=DIRECTION('',(0.,0.,1.));
#5232=DIRECTION('',(0.,0.,-1.));
#5233=DIRECTION('center_axis',(0.,1.,0.));
#5234=DIRECTION('ref_axis',(-1.,0.,0.));
#5235=DIRECTION('',(0.,0.,-1.));
#5236=DIRECTION('center_axis',(0.,0.,1.));
#5237=DIRECTION('ref_axis',(0.707106781186547,0.707106781186548,0.));
#5238=DIRECTION('',(0.,0.,1.));
#5239=DIRECTION('center_axis',(1.,0.,0.));
#5240=DIRECTION('ref_axis',(0.,1.,0.));
#5241=DIRECTION('',(0.,0.,-1.));
#5242=DIRECTION('center_axis',(0.,0.,1.));
#5243=DIRECTION('ref_axis',(0.707106781186546,-0.707106781186549,0.));
#5244=DIRECTION('',(0.,0.,1.));
#5245=DIRECTION('center_axis',(0.,-1.,0.));
#5246=DIRECTION('ref_axis',(1.,0.,0.));
#5247=DIRECTION('',(0.,0.,-1.));
#5248=DIRECTION('center_axis',(0.,0.,1.));
#5249=DIRECTION('ref_axis',(-0.707106781186546,-0.707106781186549,0.));
#5250=DIRECTION('',(0.,0.,1.));
#5251=DIRECTION('center_axis',(-1.,0.,0.));
#5252=DIRECTION('ref_axis',(0.,-1.,0.));
#5253=DIRECTION('center_axis',(0.,0.,1.));
#5254=DIRECTION('ref_axis',(-0.707106781186547,-0.707106781186548,0.));
#5255=DIRECTION('',(0.,0.,1.));
#5256=DIRECTION('',(0.,0.,-1.));
#5257=DIRECTION('center_axis',(-1.,1.36642833800019E-15,0.));
#5258=DIRECTION('ref_axis',(-1.36642833800019E-15,-1.,0.));
#5259=DIRECTION('',(0.,0.,-1.));
#5260=DIRECTION('center_axis',(0.,0.,1.));
#5261=DIRECTION('ref_axis',(-0.707106781186546,0.707106781186549,0.));
#5262=DIRECTION('',(0.,0.,1.));
#5263=DIRECTION('center_axis',(5.9211894646675E-16,1.,0.));
#5264=DIRECTION('ref_axis',(-1.,5.9211894646675E-16,0.));
#5265=DIRECTION('',(0.,0.,-1.));
#5266=DIRECTION('center_axis',(0.,0.,1.));
#5267=DIRECTION('ref_axis',(0.707106781186548,0.707106781186548,0.));
#5268=DIRECTION('',(0.,0.,1.));
#5269=DIRECTION('center_axis',(1.,-1.36642833800019E-15,0.));
#5270=DIRECTION('ref_axis',(1.36642833800019E-15,1.,0.));
#5271=DIRECTION('',(0.,0.,-1.));
#5272=DIRECTION('center_axis',(0.,0.,1.));
#5273=DIRECTION('ref_axis',(0.707106781186546,-0.707106781186549,0.));
#5274=DIRECTION('',(0.,0.,1.));
#5275=DIRECTION('center_axis',(-5.9211894646675E-16,-1.,0.));
#5276=DIRECTION('ref_axis',(1.,-5.9211894646675E-16,0.));
#5277=DIRECTION('center_axis',(0.,0.,1.));
#5278=DIRECTION('ref_axis',(0.707106781186551,0.707106781186544,0.));
#5279=DIRECTION('',(0.,0.,1.));
#5280=DIRECTION('',(0.,0.,-1.));
#5281=DIRECTION('center_axis',(1.,0.,0.));
#5282=DIRECTION('ref_axis',(0.,1.,0.));
#5283=DIRECTION('',(0.,0.,-1.));
#5284=DIRECTION('center_axis',(0.,0.,1.));
#5285=DIRECTION('ref_axis',(0.707106781186548,-0.707106781186548,0.));
#5286=DIRECTION('',(0.,0.,1.));
#5287=DIRECTION('center_axis',(-3.88578058618804E-15,-1.,0.));
#5288=DIRECTION('ref_axis',(1.,-3.88578058618804E-15,0.));
#5289=DIRECTION('',(0.,0.,-1.));
#5290=DIRECTION('center_axis',(0.,0.,1.));
#5291=DIRECTION('ref_axis',(-0.707106781186548,-0.707106781186548,0.));
#5292=DIRECTION('',(0.,0.,1.));
#5293=DIRECTION('center_axis',(-1.,0.,0.));
#5294=DIRECTION('ref_axis',(0.,-1.,0.));
#5295=DIRECTION('',(0.,0.,-1.));
#5296=DIRECTION('center_axis',(0.,0.,1.));
#5297=DIRECTION('ref_axis',(-0.707106781186544,0.707106781186551,0.));
#5298=DIRECTION('',(0.,0.,1.));
#5299=DIRECTION('center_axis',(3.88578058618804E-15,1.,0.));
#5300=DIRECTION('ref_axis',(-1.,3.88578058618804E-15,0.));
#5301=DIRECTION('center_axis',(0.,0.,1.));
#5302=DIRECTION('ref_axis',(-0.707106781186548,0.707106781186548,0.));
#5303=DIRECTION('',(0.,0.,1.));
#5304=DIRECTION('',(0.,0.,-1.));
#5305=DIRECTION('center_axis',(-5.55111512312576E-16,1.,0.));
#5306=DIRECTION('ref_axis',(-1.,-5.55111512312576E-16,0.));
#5307=DIRECTION('',(0.,0.,-1.));
#5308=DIRECTION('center_axis',(0.,0.,1.));
#5309=DIRECTION('ref_axis',(0.707106781186544,0.707106781186551,0.));
#5310=DIRECTION('',(0.,0.,1.));
#5311=DIRECTION('center_axis',(1.,0.,0.));
#5312=DIRECTION('ref_axis',(0.,1.,0.));
#5313=DIRECTION('',(0.,0.,-1.));
#5314=DIRECTION('center_axis',(0.,0.,1.));
#5315=DIRECTION('ref_axis',(0.707106781186548,-0.707106781186548,0.));
#5316=DIRECTION('',(0.,0.,1.));
#5317=DIRECTION('center_axis',(5.55111512312576E-16,-1.,0.));
#5318=DIRECTION('ref_axis',(1.,5.55111512312576E-16,0.));
#5319=DIRECTION('',(0.,0.,-1.));
#5320=DIRECTION('center_axis',(0.,0.,1.));
#5321=DIRECTION('ref_axis',(-0.707106781186548,-0.707106781186548,0.));
#5322=DIRECTION('',(0.,0.,1.));
#5323=DIRECTION('center_axis',(-1.,0.,0.));
#5324=DIRECTION('ref_axis',(0.,-1.,0.));
#5325=DIRECTION('center_axis',(0.,0.,1.));
#5326=DIRECTION('ref_axis',(-1.,0.,0.));
#5327=DIRECTION('',(0.,0.,-1.));
#5328=DIRECTION('center_axis',(0.,0.,1.));
#5329=DIRECTION('ref_axis',(-1.,0.,0.));
#5330=DIRECTION('',(0.,0.,-1.));
#5331=DIRECTION('center_axis',(0.,-1.,0.));
#5332=DIRECTION('ref_axis',(-1.,0.,0.));
#5333=DIRECTION('',(0.,0.,-1.));
#5334=DIRECTION('',(-1.,0.,0.));
#5335=DIRECTION('',(-1.,0.,0.));
#5336=DIRECTION('',(-1.,0.,0.));
#5337=DIRECTION('',(0.,0.,1.));
#5338=DIRECTION('',(-1.,0.,0.));
#5339=DIRECTION('',(0.,0.,1.));
#5340=DIRECTION('',(0.,0.,1.));
#5341=DIRECTION('',(-1.,0.,0.));
#5342=DIRECTION('',(0.,0.,1.));
#5343=DIRECTION('center_axis',(0.,0.,1.));
#5344=DIRECTION('ref_axis',(-1.,0.,0.));
#5345=DIRECTION('',(0.,0.,-1.));
#5346=DIRECTION('center_axis',(0.,0.,1.));
#5347=DIRECTION('ref_axis',(-1.,0.,0.));
#5348=DIRECTION('',(0.,0.,-1.));
#5349=DIRECTION('center_axis',(0.,0.,-1.));
#5350=DIRECTION('ref_axis',(1.,0.,0.));
#5351=DIRECTION('',(0.707106781186908,-0.707106781186187,0.));
#5352=DIRECTION('',(-0.707106781186545,-0.707106781186551,0.));
#5353=DIRECTION('center_axis',(0.,0.,-1.));
#5354=DIRECTION('ref_axis',(0.707106781186551,-0.707106781186544,0.));
#5355=DIRECTION('',(0.,-1.,0.));
#5356=DIRECTION('center_axis',(0.,0.,-1.));
#5357=DIRECTION('ref_axis',(1.,0.,0.));
#5358=DIRECTION('center_axis',(0.707106781186551,-0.707106781186545,0.));
#5359=DIRECTION('ref_axis',(-0.707106781186545,-0.707106781186551,0.));
#5360=DIRECTION('',(-0.707106781186545,-0.707106781186551,0.));
#5361=DIRECTION('',(0.,0.,-1.));
#5362=DIRECTION('center_axis',(0.,0.,1.));
#5363=DIRECTION('ref_axis',(-0.823529411764744,0.567273574176001,0.));
#5364=DIRECTION('',(0.,0.,1.));
#5365=DIRECTION('center_axis',(0.,0.,-1.));
#5366=DIRECTION('ref_axis',(-0.823529411764744,0.567273574176001,0.));
#5367=DIRECTION('',(0.,0.,1.));
#5368=DIRECTION('center_axis',(1.,-1.70760183978374E-16,0.));
#5369=DIRECTION('ref_axis',(1.70760183978374E-16,1.,0.));
#5370=DIRECTION('',(1.70760183978374E-16,1.,0.));
#5371=DIRECTION('',(0.,0.,1.));
#5372=DIRECTION('center_axis',(0.,0.,1.));
#5373=DIRECTION('ref_axis',(-1.,-8.88178419700125E-16,0.));
#5374=DIRECTION('center_axis',(0.,0.,-1.));
#5375=DIRECTION('ref_axis',(-1.,-8.88178419700125E-16,0.));
#5376=DIRECTION('',(0.,0.,1.));
#5377=DIRECTION('center_axis',(0.,0.,1.));
#5378=DIRECTION('ref_axis',(-1.,0.,0.));
#5379=DIRECTION('',(0.707106781186416,0.707106781186679,0.));
#5380=DIRECTION('center_axis',(0.,0.,-1.));
#5381=DIRECTION('ref_axis',(-0.707106781186629,0.707106781186466,0.));
#5382=DIRECTION('',(0.,1.,0.));
#5383=DIRECTION('center_axis',(0.,0.,-1.));
#5384=DIRECTION('ref_axis',(-1.,0.,0.));
#5385=DIRECTION('',(-0.707106781186802,0.707106781186293,0.));
#5386=DIRECTION('center_axis',(0.,0.,1.));
#5387=DIRECTION('ref_axis',(1.,0.,0.));
#5388=DIRECTION('center_axis',(0.,0.,1.));
#5389=DIRECTION('ref_axis',(0.707106781186635,-0.70710678118646,0.));
#5390=DIRECTION('center_axis',(-0.707106781186293,-0.707106781186802,0.));
#5391=DIRECTION('ref_axis',(-0.707106781186802,0.707106781186293,0.));
#5392=DIRECTION('',(0.,0.,-1.));
#5393=DIRECTION('',(-0.707106781186802,0.707106781186293,0.));
#5394=DIRECTION('',(0.,0.,-1.));
#5395=DIRECTION('center_axis',(0.,0.,-1.));
#5396=DIRECTION('ref_axis',(-1.,0.,0.));
#5397=DIRECTION('',(0.,0.,-1.));
#5398=DIRECTION('center_axis',(0.,0.,-1.));
#5399=DIRECTION('ref_axis',(-1.,0.,0.));
#5400=DIRECTION('center_axis',(-1.,0.,0.));
#5401=DIRECTION('ref_axis',(0.,1.,0.));
#5402=DIRECTION('',(0.,0.,-1.));
#5403=DIRECTION('',(0.,1.,0.));
#5404=DIRECTION('center_axis',(0.,0.,-1.));
#5405=DIRECTION('ref_axis',(-0.707106781186629,0.707106781186466,0.));
#5406=DIRECTION('',(0.,0.,-1.));
#5407=DIRECTION('center_axis',(0.,0.,-1.));
#5408=DIRECTION('ref_axis',(-0.707106781186629,0.707106781186466,0.));
#5409=DIRECTION('center_axis',(-0.707106781186679,0.707106781186416,0.));
#5410=DIRECTION('ref_axis',(0.707106781186416,0.707106781186679,0.));
#5411=DIRECTION('',(0.,0.,-1.));
#5412=DIRECTION('',(0.707106781186416,0.707106781186679,0.));
#5413=DIRECTION('center_axis',(0.,0.,-1.));
#5414=DIRECTION('ref_axis',(0.707106781186635,-0.70710678118646,0.));
#5415=DIRECTION('',(0.,0.,-1.));
#5416=DIRECTION('center_axis',(0.,0.,1.));
#5417=DIRECTION('ref_axis',(0.707106781186635,-0.70710678118646,0.));
#5418=DIRECTION('center_axis',(0.,0.,-1.));
#5419=DIRECTION('ref_axis',(1.,0.,0.));
#5420=DIRECTION('center_axis',(0.,0.,-1.));
#5421=DIRECTION('ref_axis',(1.,0.,0.));
#5422=DIRECTION('',(0.,0.,-1.));
#5423=DIRECTION('center_axis',(0.,0.,-1.));
#5424=DIRECTION('ref_axis',(1.,0.,0.));
#5425=DIRECTION('center_axis',(0.,0.,-1.));
#5426=DIRECTION('ref_axis',(1.,0.,0.));
#5427=DIRECTION('',(0.,0.,-1.));
#5428=DIRECTION('center_axis',(0.,0.,-1.));
#5429=DIRECTION('ref_axis',(1.,0.,0.));
#5430=DIRECTION('center_axis',(0.,0.,-1.));
#5431=DIRECTION('ref_axis',(1.,0.,0.));
#5432=DIRECTION('',(0.,0.,-1.));
#5433=DIRECTION('center_axis',(0.,0.,-1.));
#5434=DIRECTION('ref_axis',(1.,0.,0.));
#5435=DIRECTION('center_axis',(0.,0.,-1.));
#5436=DIRECTION('ref_axis',(1.,0.,0.));
#5437=DIRECTION('',(0.,0.,-1.));
#5438=DIRECTION('center_axis',(0.,0.,1.));
#5439=DIRECTION('ref_axis',(1.,0.,0.));
#5440=DIRECTION('center_axis',(0.,0.,1.));
#5441=DIRECTION('ref_axis',(1.,0.,0.));
#5442=DIRECTION('',(0.,0.,-1.));
#5443=DIRECTION('center_axis',(0.,0.,-1.));
#5444=DIRECTION('ref_axis',(1.,0.,0.));
#5445=DIRECTION('center_axis',(0.,0.,-1.));
#5446=DIRECTION('ref_axis',(1.,0.,0.));
#5447=DIRECTION('center_axis',(0.,0.,1.));
#5448=DIRECTION('ref_axis',(1.,0.,0.));
#5449=DIRECTION('center_axis',(0.,0.,1.));
#5450=DIRECTION('ref_axis',(1.,0.,0.));
#5451=DIRECTION('',(0.,0.,-1.));
#5452=DIRECTION('center_axis',(0.,0.,-1.));
#5453=DIRECTION('ref_axis',(1.,0.,0.));
#5454=DIRECTION('center_axis',(0.,0.,-1.));
#5455=DIRECTION('ref_axis',(1.,0.,0.));
#5456=DIRECTION('center_axis',(0.,0.,1.));
#5457=DIRECTION('ref_axis',(-1.,0.,0.));
#5458=DIRECTION('center_axis',(0.,0.,-1.));
#5459=DIRECTION('ref_axis',(-1.,0.,0.));
#5460=DIRECTION('',(0.,0.,-1.));
#5461=DIRECTION('center_axis',(0.,0.,1.));
#5462=DIRECTION('ref_axis',(-1.,0.,0.));
#5463=DIRECTION('center_axis',(0.,0.,-1.));
#5464=DIRECTION('ref_axis',(-1.,0.,0.));
#5465=DIRECTION('',(0.,0.,-1.));
#5466=DIRECTION('center_axis',(0.,0.,1.));
#5467=DIRECTION('ref_axis',(-1.,0.,0.));
#5468=DIRECTION('center_axis',(0.,0.,-1.));
#5469=DIRECTION('ref_axis',(-1.,0.,0.));
#5470=DIRECTION('',(0.,0.,-1.));
#5471=DIRECTION('center_axis',(0.,0.,1.));
#5472=DIRECTION('ref_axis',(-1.,0.,0.));
#5473=DIRECTION('center_axis',(0.,0.,-1.));
#5474=DIRECTION('ref_axis',(-1.,0.,0.));
#5475=DIRECTION('',(0.,0.,-1.));
#5476=DIRECTION('center_axis',(0.,0.,-1.));
#5477=DIRECTION('ref_axis',(-1.,0.,0.));
#5478=DIRECTION('center_axis',(0.,0.,-1.));
#5479=DIRECTION('ref_axis',(-1.,0.,0.));
#5480=DIRECTION('',(0.,0.,-1.));
#5481=DIRECTION('center_axis',(0.,0.,1.));
#5482=DIRECTION('ref_axis',(-1.,0.,0.));
#5483=DIRECTION('center_axis',(0.,0.,-1.));
#5484=DIRECTION('ref_axis',(-1.,0.,0.));
#5485=DIRECTION('',(0.,0.,1.));
#5486=DIRECTION('center_axis',(0.,0.,-1.));
#5487=DIRECTION('ref_axis',(-1.,0.,0.));
#5488=DIRECTION('',(0.,0.,1.));
#5489=DIRECTION('center_axis',(1.,0.,0.));
#5490=DIRECTION('ref_axis',(0.,1.,0.));
#5491=DIRECTION('',(0.,0.,1.));
#5492=DIRECTION('',(0.,1.,0.));
#5493=DIRECTION('center_axis',(0.,0.,-1.));
#5494=DIRECTION('ref_axis',(1.,0.,0.));
#5495=DIRECTION('center_axis',(0.,0.,1.));
#5496=DIRECTION('ref_axis',(1.,0.,0.));
#5497=DIRECTION('center_axis',(0.,0.,-1.));
#5498=DIRECTION('ref_axis',(0.,-1.,0.));
#5499=DIRECTION('',(0.,0.,1.));
#5500=DIRECTION('center_axis',(0.,0.,1.));
#5501=DIRECTION('ref_axis',(0.,-1.,0.));
#5502=DIRECTION('center_axis',(-1.,0.,0.));
#5503=DIRECTION('ref_axis',(0.,-1.,0.));
#5504=DIRECTION('',(0.,-1.,0.));
#5505=DIRECTION('center_axis',(0.,0.,1.));
#5506=DIRECTION('ref_axis',(-1.,0.,0.));
#5507=DIRECTION('center_axis',(0.,0.,-1.));
#5508=DIRECTION('ref_axis',(-1.,0.,0.));
#5509=DIRECTION('center_axis',(0.,0.,-1.));
#5510=DIRECTION('ref_axis',(-1.,0.,0.));
#5511=DIRECTION('',(0.,0.,-1.));
#5512=DIRECTION('center_axis',(0.,0.,1.));
#5513=DIRECTION('ref_axis',(-1.,0.,0.));
#5514=DIRECTION('center_axis',(0.,0.,-1.));
#5515=DIRECTION('ref_axis',(-1.,0.,0.));
#5516=DIRECTION('',(0.,0.,1.));
#5517=DIRECTION('center_axis',(0.,0.,-1.));
#5518=DIRECTION('ref_axis',(-1.,0.,0.));
#5519=DIRECTION('',(0.,0.,1.));
#5520=DIRECTION('center_axis',(1.,0.,0.));
#5521=DIRECTION('ref_axis',(0.,1.,0.));
#5522=DIRECTION('',(0.,0.,1.));
#5523=DIRECTION('',(0.,1.,0.));
#5524=DIRECTION('center_axis',(0.,0.,-1.));
#5525=DIRECTION('ref_axis',(1.,0.,0.));
#5526=DIRECTION('center_axis',(0.,0.,1.));
#5527=DIRECTION('ref_axis',(1.,0.,0.));
#5528=DIRECTION('center_axis',(0.,0.,-1.));
#5529=DIRECTION('ref_axis',(-6.93889390390718E-16,-1.,0.));
#5530=DIRECTION('',(0.,0.,1.));
#5531=DIRECTION('center_axis',(0.,0.,1.));
#5532=DIRECTION('ref_axis',(-6.93889390390718E-16,-1.,0.));
#5533=DIRECTION('center_axis',(-1.,0.,0.));
#5534=DIRECTION('ref_axis',(0.,-1.,0.));
#5535=DIRECTION('',(0.,-1.,0.));
#5536=DIRECTION('center_axis',(0.,0.,1.));
#5537=DIRECTION('ref_axis',(-1.,0.,0.));
#5538=DIRECTION('center_axis',(0.,0.,1.));
#5539=DIRECTION('ref_axis',(1.,0.,0.));
#5540=DIRECTION('center_axis',(0.,0.,-1.));
#5541=DIRECTION('ref_axis',(1.,0.,0.));
#5542=DIRECTION('',(0.,0.,-1.));
#5543=DIRECTION('center_axis',(0.,0.,1.));
#5544=DIRECTION('ref_axis',(1.,0.,0.));
#5545=DIRECTION('center_axis',(0.,0.,-1.));
#5546=DIRECTION('ref_axis',(1.,0.,0.));
#5547=DIRECTION('',(0.,0.,-1.));
#5548=DIRECTION('center_axis',(0.,0.,1.));
#5549=DIRECTION('ref_axis',(1.,0.,0.));
#5550=DIRECTION('center_axis',(0.,0.,-1.));
#5551=DIRECTION('ref_axis',(1.,0.,0.));
#5552=DIRECTION('',(0.,0.,-1.));
#5553=DIRECTION('center_axis',(0.,0.,1.));
#5554=DIRECTION('ref_axis',(1.,0.,0.));
#5555=DIRECTION('center_axis',(0.,0.,-1.));
#5556=DIRECTION('ref_axis',(1.,0.,0.));
#5557=DIRECTION('',(0.,0.,-1.));
#5558=DIRECTION('center_axis',(0.,0.,-1.));
#5559=DIRECTION('ref_axis',(1.,0.,0.));
#5560=DIRECTION('center_axis',(0.,0.,-1.));
#5561=DIRECTION('ref_axis',(1.,0.,0.));
#5562=DIRECTION('',(0.,0.,-1.));
#5563=DIRECTION('center_axis',(0.,0.,1.));
#5564=DIRECTION('ref_axis',(1.,0.,0.));
#5565=DIRECTION('center_axis',(0.,0.,1.));
#5566=DIRECTION('ref_axis',(1.,0.,0.));
#5567=DIRECTION('',(1.,0.,0.));
#5568=DIRECTION('center_axis',(0.,0.,-1.));
#5569=DIRECTION('ref_axis',(1.,0.,0.));
#5570=DIRECTION('center_axis',(0.,0.,-1.));
#5571=DIRECTION('ref_axis',(1.,0.,0.));
#5572=DIRECTION('',(0.,0.,-1.));
#5573=DIRECTION('center_axis',(0.,0.,1.));
#5574=DIRECTION('ref_axis',(1.,0.,0.));
#5575=DIRECTION('center_axis',(0.,0.,1.));
#5576=DIRECTION('ref_axis',(1.,0.,0.));
#5577=DIRECTION('',(1.,0.,0.));
#5578=DIRECTION('center_axis',(0.,1.,0.));
#5579=DIRECTION('ref_axis',(1.,0.,0.));
#5580=DIRECTION('',(1.,0.,0.));
#5581=DIRECTION('',(0.,0.,-1.));
#5582=DIRECTION('',(0.,0.,-1.));
#5583=DIRECTION('',(1.,0.,0.));
#5584=DIRECTION('',(0.,0.,-1.));
#5585=DIRECTION('',(0.,0.,-1.));
#5586=DIRECTION('',(1.,0.,0.));
#5587=DIRECTION('',(0.,0.,-1.));
#5588=DIRECTION('center_axis',(0.,0.,-1.));
#5589=DIRECTION('ref_axis',(-1.,0.,0.));
#5590=DIRECTION('center_axis',(0.,0.,-1.));
#5591=DIRECTION('ref_axis',(-1.,0.,0.));
#5592=DIRECTION('',(0.,0.,-1.));
#5593=DIRECTION('center_axis',(0.,0.,-1.));
#5594=DIRECTION('ref_axis',(-1.,0.,0.));
#5595=DIRECTION('center_axis',(0.,0.,-1.));
#5596=DIRECTION('ref_axis',(-1.,0.,0.));
#5597=DIRECTION('',(0.,0.,-1.));
#5598=DIRECTION('center_axis',(0.,0.,-1.));
#5599=DIRECTION('ref_axis',(-1.,0.,0.));
#5600=DIRECTION('center_axis',(0.,0.,-1.));
#5601=DIRECTION('ref_axis',(-1.,0.,0.));
#5602=DIRECTION('',(0.,0.,-1.));
#5603=DIRECTION('center_axis',(0.,0.,-1.));
#5604=DIRECTION('ref_axis',(-1.,0.,0.));
#5605=DIRECTION('center_axis',(0.,0.,-1.));
#5606=DIRECTION('ref_axis',(-1.,0.,0.));
#5607=DIRECTION('',(0.,0.,-1.));
#5608=DIRECTION('center_axis',(0.,0.,1.));
#5609=DIRECTION('ref_axis',(-1.,0.,0.));
#5610=DIRECTION('center_axis',(0.,0.,1.));
#5611=DIRECTION('ref_axis',(-1.,0.,0.));
#5612=DIRECTION('',(0.,0.,-1.));
#5613=DIRECTION('center_axis',(0.,0.,-1.));
#5614=DIRECTION('ref_axis',(-1.,0.,0.));
#5615=DIRECTION('center_axis',(0.,0.,1.));
#5616=DIRECTION('ref_axis',(-1.,0.,0.));
#5617=DIRECTION('center_axis',(0.,0.,1.));
#5618=DIRECTION('ref_axis',(-1.,0.,0.));
#5619=DIRECTION('',(0.,0.,-1.));
#5620=DIRECTION('center_axis',(0.,0.,-1.));
#5621=DIRECTION('ref_axis',(-1.,0.,0.));
#5622=DIRECTION('center_axis',(0.,0.,1.));
#5623=DIRECTION('ref_axis',(-1.,0.,0.));
#5624=DIRECTION('',(0.,0.,1.));
#5625=DIRECTION('center_axis',(0.,0.,1.));
#5626=DIRECTION('ref_axis',(-1.,0.,0.));
#5627=DIRECTION('',(0.,0.,1.));
#5628=DIRECTION('center_axis',(-1.,0.,0.));
#5629=DIRECTION('ref_axis',(0.,-1.,0.));
#5630=DIRECTION('',(0.,-1.,0.));
#5631=DIRECTION('',(0.,0.,1.));
#5632=DIRECTION('center_axis',(0.,0.,1.));
#5633=DIRECTION('ref_axis',(1.,0.,0.));
#5634=DIRECTION('center_axis',(0.,0.,-1.));
#5635=DIRECTION('ref_axis',(1.,0.,0.));
#5636=DIRECTION('center_axis',(0.,0.,1.));
#5637=DIRECTION('ref_axis',(-6.93889390390718E-16,1.,0.));
#5638=DIRECTION('center_axis',(0.,0.,-1.));
#5639=DIRECTION('ref_axis',(-6.93889390390718E-16,1.,0.));
#5640=DIRECTION('',(0.,0.,1.));
#5641=DIRECTION('center_axis',(1.,0.,0.));
#5642=DIRECTION('ref_axis',(0.,1.,0.));
#5643=DIRECTION('',(0.,1.,0.));
#5644=DIRECTION('center_axis',(0.,0.,-1.));
#5645=DIRECTION('ref_axis',(-1.,0.,0.));
#5646=DIRECTION('center_axis',(0.,0.,1.));
#5647=DIRECTION('ref_axis',(-1.,0.,0.));
#5648=DIRECTION('',(0.,0.,1.));
#5649=DIRECTION('center_axis',(0.,0.,1.));
#5650=DIRECTION('ref_axis',(-1.,0.,0.));
#5651=DIRECTION('',(0.,0.,1.));
#5652=DIRECTION('center_axis',(-1.,0.,0.));
#5653=DIRECTION('ref_axis',(0.,-1.,0.));
#5654=DIRECTION('',(0.,-1.,0.));
#5655=DIRECTION('',(0.,0.,1.));
#5656=DIRECTION('center_axis',(0.,0.,1.));
#5657=DIRECTION('ref_axis',(1.,0.,0.));
#5658=DIRECTION('center_axis',(0.,0.,-1.));
#5659=DIRECTION('ref_axis',(1.,0.,0.));
#5660=DIRECTION('center_axis',(0.,0.,1.));
#5661=DIRECTION('ref_axis',(0.,1.,0.));
#5662=DIRECTION('center_axis',(0.,0.,-1.));
#5663=DIRECTION('ref_axis',(0.,1.,0.));
#5664=DIRECTION('',(0.,0.,1.));
#5665=DIRECTION('center_axis',(1.,0.,0.));
#5666=DIRECTION('ref_axis',(0.,1.,0.));
#5667=DIRECTION('',(0.,1.,0.));
#5668=DIRECTION('center_axis',(0.,0.,-1.));
#5669=DIRECTION('ref_axis',(-1.,0.,0.));
#5670=DIRECTION('center_axis',(0.,0.,-1.));
#5671=DIRECTION('ref_axis',(1.,0.,0.));
#5672=DIRECTION('center_axis',(0.,0.,-1.));
#5673=DIRECTION('ref_axis',(1.,0.,0.));
#5674=DIRECTION('',(0.,0.,-1.));
#5675=DIRECTION('center_axis',(0.,0.,-1.));
#5676=DIRECTION('ref_axis',(1.,0.,0.));
#5677=DIRECTION('center_axis',(0.,0.,-1.));
#5678=DIRECTION('ref_axis',(1.,0.,0.));
#5679=DIRECTION('',(0.,0.,-1.));
#5680=DIRECTION('center_axis',(0.,0.,-1.));
#5681=DIRECTION('ref_axis',(1.,0.,0.));
#5682=DIRECTION('center_axis',(0.,0.,-1.));
#5683=DIRECTION('ref_axis',(1.,0.,0.));
#5684=DIRECTION('',(0.,0.,-1.));
#5685=DIRECTION('center_axis',(0.,0.,-1.));
#5686=DIRECTION('ref_axis',(1.,0.,0.));
#5687=DIRECTION('center_axis',(0.,0.,-1.));
#5688=DIRECTION('ref_axis',(1.,0.,0.));
#5689=DIRECTION('',(0.,0.,-1.));
#5690=DIRECTION('center_axis',(0.,0.,1.));
#5691=DIRECTION('ref_axis',(-1.,0.,0.));
#5692=DIRECTION('center_axis',(0.,0.,1.));
#5693=DIRECTION('ref_axis',(-1.,0.,0.));
#5694=DIRECTION('',(0.,0.,-1.));
#5695=DIRECTION('center_axis',(0.,0.,-1.));
#5696=DIRECTION('ref_axis',(-1.,0.,0.));
#5697=DIRECTION('center_axis',(0.,0.,1.));
#5698=DIRECTION('ref_axis',(-1.,0.,0.));
#5699=DIRECTION('center_axis',(0.,0.,1.));
#5700=DIRECTION('ref_axis',(-1.,0.,0.));
#5701=DIRECTION('',(0.,0.,-1.));
#5702=DIRECTION('center_axis',(0.,0.,-1.));
#5703=DIRECTION('ref_axis',(-1.,0.,0.));
#5704=DIRECTION('center_axis',(0.,0.,1.));
#5705=DIRECTION('ref_axis',(-1.,0.,0.));
#5706=DIRECTION('center_axis',(0.,0.,1.));
#5707=DIRECTION('ref_axis',(-1.,0.,0.));
#5708=DIRECTION('',(0.,0.,-1.));
#5709=DIRECTION('center_axis',(0.,0.,-1.));
#5710=DIRECTION('ref_axis',(-1.,0.,0.));
#5711=DIRECTION('center_axis',(0.,0.,1.));
#5712=DIRECTION('ref_axis',(-1.,0.,0.));
#5713=DIRECTION('center_axis',(0.,0.,1.));
#5714=DIRECTION('ref_axis',(-1.,0.,0.));
#5715=DIRECTION('',(0.,0.,-1.));
#5716=DIRECTION('center_axis',(0.,0.,-1.));
#5717=DIRECTION('ref_axis',(-1.,0.,0.));
#5718=DIRECTION('center_axis',(0.,0.,-1.));
#5719=DIRECTION('ref_axis',(-1.,0.,0.));
#5720=DIRECTION('',(0.,0.,-1.));
#5721=DIRECTION('center_axis',(0.,0.,-1.));
#5722=DIRECTION('ref_axis',(-1.,0.,0.));
#5723=DIRECTION('',(0.,0.,-1.));
#5724=DIRECTION('center_axis',(-0.707106781186549,-0.707106781186546,0.));
#5725=DIRECTION('ref_axis',(-0.707106781186546,0.707106781186549,0.));
#5726=DIRECTION('',(-0.707106781186546,0.707106781186549,0.));
#5727=DIRECTION('',(0.,0.,-1.));
#5728=DIRECTION('center_axis',(0.,0.,-1.));
#5729=DIRECTION('ref_axis',(-0.70710678118655,-0.707106781186545,0.));
#5730=DIRECTION('center_axis',(0.,0.,-1.));
#5731=DIRECTION('ref_axis',(-0.70710678118655,-0.707106781186545,0.));
#5732=DIRECTION('center_axis',(0.,0.,-1.));
#5733=DIRECTION('ref_axis',(0.707106781186551,-0.707106781186544,0.));
#5734=DIRECTION('center_axis',(0.,0.,-1.));
#5735=DIRECTION('ref_axis',(0.707106781186551,-0.707106781186544,0.));
#5736=DIRECTION('',(0.,0.,-1.));
#5737=DIRECTION('center_axis',(1.,0.,0.));
#5738=DIRECTION('ref_axis',(0.,-1.,0.));
#5739=DIRECTION('',(0.,-1.,0.));
#5740=DIRECTION('',(0.,0.,-1.));
#5741=DIRECTION('center_axis',(0.,0.,-1.));
#5742=DIRECTION('ref_axis',(1.,0.,0.));
#5743=DIRECTION('center_axis',(0.,0.,-1.));
#5744=DIRECTION('ref_axis',(1.,0.,0.));
#5745=DIRECTION('',(0.,0.,-1.));
#5746=DIRECTION('center_axis',(0.707106781186187,0.707106781186908,0.));
#5747=DIRECTION('ref_axis',(0.707106781186908,-0.707106781186187,0.));
#5748=DIRECTION('',(0.707106781186908,-0.707106781186187,0.));
#5749=DIRECTION('center_axis',(0.,0.,-1.));
#5750=DIRECTION('ref_axis',(0.,1.,0.));
#5751=DIRECTION('center_axis',(0.,0.,-1.));
#5752=DIRECTION('ref_axis',(0.,1.,0.));
#5753=DIRECTION('',(0.,0.,-1.));
#5754=DIRECTION('center_axis',(-0.707106781186637,0.707106781186458,0.));
#5755=DIRECTION('ref_axis',(0.707106781186458,0.707106781186637,0.));
#5756=DIRECTION('',(0.707106781186458,0.707106781186637,0.));
#5757=DIRECTION('',(0.,0.,-1.));
#5758=DIRECTION('center_axis',(0.,0.,-1.));
#5759=DIRECTION('ref_axis',(-0.707106781186636,0.707106781186459,0.));
#5760=DIRECTION('center_axis',(0.,0.,-1.));
#5761=DIRECTION('ref_axis',(-0.707106781186636,0.707106781186459,0.));
#5762=DIRECTION('',(0.,0.,-1.));
#5763=DIRECTION('center_axis',(-1.,-1.07767851940878E-15,0.));
#5764=DIRECTION('ref_axis',(-1.07767851940878E-15,1.,0.));
#5765=DIRECTION('',(-1.07767851940878E-15,1.,0.));
#5766=DIRECTION('center_axis',(0.,0.,-1.));
#5767=DIRECTION('ref_axis',(1.,0.,0.));
#5768=DIRECTION('center_axis',(0.,0.,1.));
#5769=DIRECTION('ref_axis',(1.,0.,0.));
#5770=DIRECTION('',(0.,0.,-1.));
#5771=DIRECTION('center_axis',(-1.,-8.98065432840604E-15,0.));
#5772=DIRECTION('ref_axis',(-8.98065432840604E-15,1.,0.));
#5773=DIRECTION('',(-8.98065432840604E-15,1.,0.));
#5774=DIRECTION('center_axis',(0.,0.,1.));
#5775=DIRECTION('ref_axis',(-0.923879532511326,-0.382683432364996,0.));
#5776=DIRECTION('',(0.,0.,1.));
#5777=DIRECTION('center_axis',(0.,0.,1.));
#5778=DIRECTION('ref_axis',(-0.923879532511326,-0.382683432364996,0.));
#5779=DIRECTION('',(0.,0.,-1.));
#5780=DIRECTION('center_axis',(1.,4.01729931372071E-14,0.));
#5781=DIRECTION('ref_axis',(-4.01729931372071E-14,1.,0.));
#5782=DIRECTION('',(-4.01729931372071E-14,1.,0.));
#5783=DIRECTION('center_axis',(0.,0.,1.));
#5784=DIRECTION('ref_axis',(-0.923879532511291,0.382683432365079,0.));
#5785=DIRECTION('',(0.,0.,1.));
#5786=DIRECTION('center_axis',(0.,0.,1.));
#5787=DIRECTION('ref_axis',(-0.923879532511291,0.382683432365079,0.));
#5788=DIRECTION('',(0.,0.,-1.));
#5789=DIRECTION('center_axis',(0.707106781186556,-0.707106781186539,0.));
#5790=DIRECTION('ref_axis',(0.707106781186539,0.707106781186556,0.));
#5791=DIRECTION('',(0.707106781186539,0.707106781186556,0.));
#5792=DIRECTION('center_axis',(0.,0.,1.));
#5793=DIRECTION('ref_axis',(0.923879532511299,0.38268343236506,0.));
#5794=DIRECTION('',(0.,0.,1.));
#5795=DIRECTION('center_axis',(0.,0.,1.));
#5796=DIRECTION('ref_axis',(0.923879532511299,0.38268343236506,0.));
#5797=DIRECTION('',(0.,0.,-1.));
#5798=DIRECTION('center_axis',(-1.,-1.39375690476025E-14,0.));
#5799=DIRECTION('ref_axis',(1.39375690476025E-14,-1.,0.));
#5800=DIRECTION('',(1.39375690476025E-14,-1.,0.));
#5801=DIRECTION('center_axis',(0.,0.,1.));
#5802=DIRECTION('ref_axis',(0.923879532511317,-0.382683432365017,0.));
#5803=DIRECTION('',(0.,0.,1.));
#5804=DIRECTION('center_axis',(0.,0.,1.));
#5805=DIRECTION('ref_axis',(0.923879532511317,-0.382683432365017,0.));
#5806=DIRECTION('',(0.,0.,-1.));
#5807=DIRECTION('center_axis',(-0.70710678118667,0.707106781186425,0.));
#5808=DIRECTION('ref_axis',(-0.707106781186425,-0.70710678118667,0.));
#5809=DIRECTION('',(-0.707106781186425,-0.70710678118667,0.));
#5810=DIRECTION('center_axis',(-1.,8.88178419700095E-15,0.));
#5811=DIRECTION('ref_axis',(-8.88178419700095E-15,-1.,0.));
#5812=DIRECTION('',(-8.88178419700095E-15,-1.,0.));
#5813=DIRECTION('center_axis',(-0.707106781186542,0.707106781186553,0.));
#5814=DIRECTION('ref_axis',(0.,0.,1.));
#5815=DIRECTION('',(0.707106781186553,0.707106781186542,0.));
#5816=DIRECTION('center_axis',(0.707106781186533,0.707106781186562,0.));
#5817=DIRECTION('ref_axis',(0.,0.,-1.));
#5818=DIRECTION('',(0.707106781186562,-0.707106781186533,0.));
#5819=DIRECTION('center_axis',(1.,-5.26327952414871E-15,0.));
#5820=DIRECTION('ref_axis',(5.26327952414871E-15,1.,0.));
#5821=DIRECTION('',(5.26327952414871E-15,1.,0.));
#5822=DIRECTION('center_axis',(0.70710678118655,-0.707106781186545,0.));
#5823=DIRECTION('ref_axis',(0.,0.,-1.));
#5824=DIRECTION('',(-0.707106781186545,-0.70710678118655,0.));
#5825=DIRECTION('center_axis',(-0.707106781186542,-0.707106781186553,0.));
#5826=DIRECTION('ref_axis',(0.,0.,1.));
#5827=DIRECTION('',(-0.707106781186553,0.707106781186542,0.));
#5828=DIRECTION('center_axis',(0.,-1.,0.));
#5829=DIRECTION('ref_axis',(1.,0.,0.));
#5830=DIRECTION('',(1.,0.,0.));
#5831=DIRECTION('center_axis',(-1.,1.61238543884028E-14,0.));
#5832=DIRECTION('ref_axis',(-1.61238543884028E-14,-1.,0.));
#5833=DIRECTION('',(-1.61238543884028E-14,-1.,0.));
#5834=DIRECTION('center_axis',(0.,1.,0.));
#5835=DIRECTION('ref_axis',(-1.,0.,0.));
#5836=DIRECTION('',(-1.,0.,0.));
#5837=DIRECTION('center_axis',(0.707106781186718,0.707106781186377,0.));
#5838=DIRECTION('ref_axis',(-0.707106781186377,0.707106781186718,0.));
#5839=DIRECTION('',(-0.707106781186377,0.707106781186718,0.));
#5840=DIRECTION('center_axis',(1.,9.29171269840164E-15,0.));
#5841=DIRECTION('ref_axis',(-9.29171269840164E-15,1.,0.));
#5842=DIRECTION('',(-9.29171269840164E-15,1.,0.));
#5843=DIRECTION('center_axis',(-0.707106781186603,-0.707106781186492,0.));
#5844=DIRECTION('ref_axis',(0.707106781186492,-0.707106781186603,0.));
#5845=DIRECTION('',(0.707106781186492,-0.707106781186603,0.));
#5846=DIRECTION('center_axis',(0.,0.,1.));
#5847=DIRECTION('ref_axis',(1.,0.,0.));
#5848=CARTESIAN_POINT('',(0.,0.,0.));
#5849=CARTESIAN_POINT('Origin',(-11.8,49.8,3.));
#5850=CARTESIAN_POINT('',(-11.8,53.,3.));
#5851=CARTESIAN_POINT('',(-15.,49.8,3.));
#5852=CARTESIAN_POINT('Origin',(-11.8,49.8,3.));
#5853=CARTESIAN_POINT('',(-15.,49.8,0.));
#5854=CARTESIAN_POINT('',(-15.,49.8,3.));
#5855=CARTESIAN_POINT('',(-11.8,53.,0.));
#5856=CARTESIAN_POINT('Origin',(-11.8,49.8,0.));
#5857=CARTESIAN_POINT('',(-11.8,53.,3.));
#5858=CARTESIAN_POINT('Origin',(-15.,38.,3.));
#5859=CARTESIAN_POINT('',(-15.,41.2,3.));
#5860=CARTESIAN_POINT('',(-15.,28.25,3.));
#5861=CARTESIAN_POINT('',(-15.,41.2,0.));
#5862=CARTESIAN_POINT('',(-15.,41.2,3.));
#5863=CARTESIAN_POINT('',(-15.,19.,0.));
#5864=CARTESIAN_POINT('Origin',(11.8,49.8,3.));
#5865=CARTESIAN_POINT('',(15.,49.8,3.));
#5866=CARTESIAN_POINT('',(11.8,53.,3.));
#5867=CARTESIAN_POINT('Origin',(11.8,49.8,3.));
#5868=CARTESIAN_POINT('',(11.8,53.,0.));
#5869=CARTESIAN_POINT('',(11.8,53.,3.));
#5870=CARTESIAN_POINT('',(15.,49.8,0.));
#5871=CARTESIAN_POINT('Origin',(11.8,49.8,0.));
#5872=CARTESIAN_POINT('',(15.,49.8,3.));
#5873=CARTESIAN_POINT('Origin',(-15.,53.,3.));
#5874=CARTESIAN_POINT('',(-7.50000000000004,53.,0.));
#5875=CARTESIAN_POINT('',(16.2500000000004,53.,3.));
#5876=CARTESIAN_POINT('Origin',(-11.8,41.2,3.));
#5877=CARTESIAN_POINT('',(-11.8,38.,3.));
#5878=CARTESIAN_POINT('Origin',(-11.8,41.2,3.));
#5879=CARTESIAN_POINT('',(-11.8,38.,0.));
#5880=CARTESIAN_POINT('',(-11.8,38.,3.));
#5881=CARTESIAN_POINT('Origin',(-11.8,41.2,0.));
#5882=CARTESIAN_POINT('Origin',(15.,38.,3.));
#5883=CARTESIAN_POINT('',(11.8,38.,3.));
#5884=CARTESIAN_POINT('',(31.2500000000004,38.,3.));
#5885=CARTESIAN_POINT('',(11.8,38.,0.));
#5886=CARTESIAN_POINT('',(11.8,38.,3.));
#5887=CARTESIAN_POINT('',(7.49999999999997,38.,0.));
#5888=CARTESIAN_POINT('Origin',(11.8,41.2,3.));
#5889=CARTESIAN_POINT('',(15.,41.2,3.));
#5890=CARTESIAN_POINT('Origin',(11.8,41.2,3.));
#5891=CARTESIAN_POINT('',(15.,41.2,0.));
#5892=CARTESIAN_POINT('',(15.,41.2,3.));
#5893=CARTESIAN_POINT('Origin',(11.8,41.2,0.));
#5894=CARTESIAN_POINT('Origin',(15.,53.,3.));
#5895=CARTESIAN_POINT('',(15.,26.5,0.));
#5896=CARTESIAN_POINT('',(15.,35.75,3.));
#5897=CARTESIAN_POINT('Origin',(-18.0000002682209,45.5,3.));
#5898=CARTESIAN_POINT('',(-16.7500002682209,45.5,3.));
#5899=CARTESIAN_POINT('Origin',(-18.0000002682209,45.5,3.));
#5900=CARTESIAN_POINT('',(-16.7500002682209,45.5,0.));
#5901=CARTESIAN_POINT('',(-16.7500002682209,45.5,3.));
#5902=CARTESIAN_POINT('Origin',(-18.0000002682209,45.5,0.));
#5903=CARTESIAN_POINT('Origin',(18.0000002682209,45.5,3.));
#5904=CARTESIAN_POINT('',(19.2500002682209,45.5,3.));
#5905=CARTESIAN_POINT('Origin',(18.0000002682209,45.5,3.));
#5906=CARTESIAN_POINT('',(19.2500002682209,45.5,0.));
#5907=CARTESIAN_POINT('',(19.2500002682209,45.5,3.));
#5908=CARTESIAN_POINT('Origin',(18.0000002682209,45.5,0.));
#5909=CARTESIAN_POINT('Origin',(18.8000000000003,57.8,1.5));
#5910=CARTESIAN_POINT('',(18.8000000000003,61.,3.));
#5911=CARTESIAN_POINT('',(22.0000000000003,57.8,3.));
#5912=CARTESIAN_POINT('Origin',(18.8000000000003,57.8,3.));
#5913=CARTESIAN_POINT('',(22.0000000000003,57.8,7.5));
#5914=CARTESIAN_POINT('',(22.0000000000003,57.8,1.5));
#5915=CARTESIAN_POINT('',(18.8000000000003,61.,7.5));
#5916=CARTESIAN_POINT('Origin',(18.8000000000003,57.8,7.5));
#5917=CARTESIAN_POINT('',(18.8000000000003,61.,1.5));
#5918=CARTESIAN_POINT('Origin',(22.0000000000003,57.,1.5));
#5919=CARTESIAN_POINT('',(22.0000000000003,57.,3.));
#5920=CARTESIAN_POINT('',(22.0000000000003,28.5,3.));
#5921=CARTESIAN_POINT('',(22.0000000000003,57.,7.5));
#5922=CARTESIAN_POINT('',(22.0000000000003,57.,1.5));
#5923=CARTESIAN_POINT('',(22.0000000000003,50.25,7.5));
#5924=CARTESIAN_POINT('Origin',(25.0000000000003,57.,1.5));
#5925=CARTESIAN_POINT('',(28.0000000000003,57.,3.));
#5926=CARTESIAN_POINT('Origin',(25.0000000000003,57.,3.));
#5927=CARTESIAN_POINT('',(28.0000000000003,57.,7.5));
#5928=CARTESIAN_POINT('',(28.0000000000003,57.,1.5));
#5929=CARTESIAN_POINT('Origin',(25.0000000000003,57.,7.5));
#5930=CARTESIAN_POINT('Origin',(28.0000000000003,57.8,1.5));
#5931=CARTESIAN_POINT('',(28.0000000000003,57.8,3.));
#5932=CARTESIAN_POINT('',(28.0000000000003,28.9,3.));
#5933=CARTESIAN_POINT('',(28.0000000000003,57.8,7.5));
#5934=CARTESIAN_POINT('',(28.0000000000003,57.8,1.5));
#5935=CARTESIAN_POINT('',(28.0000000000003,50.65,7.5));
#5936=CARTESIAN_POINT('Origin',(31.2000000000003,57.8,1.5));
#5937=CARTESIAN_POINT('',(31.2000000000003,61.,3.));
#5938=CARTESIAN_POINT('Origin',(31.2000000000003,57.8,3.));
#5939=CARTESIAN_POINT('',(31.2000000000003,61.,7.5));
#5940=CARTESIAN_POINT('',(31.2000000000003,61.,1.5));
#5941=CARTESIAN_POINT('Origin',(31.2000000000003,57.8,7.5));
#5942=CARTESIAN_POINT('Origin',(46.8000000000003,57.8,1.5));
#5943=CARTESIAN_POINT('',(46.8000000000003,61.,3.));
#5944=CARTESIAN_POINT('',(50.0000000000003,57.8,3.));
#5945=CARTESIAN_POINT('Origin',(46.8000000000003,57.8,3.));
#5946=CARTESIAN_POINT('',(50.0000000000003,57.8,7.5));
#5947=CARTESIAN_POINT('',(50.0000000000003,57.8,1.5));
#5948=CARTESIAN_POINT('',(46.8000000000003,61.,7.5));
#5949=CARTESIAN_POINT('Origin',(46.8000000000003,57.8,7.5));
#5950=CARTESIAN_POINT('',(46.8000000000003,61.,1.5));
#5951=CARTESIAN_POINT('Origin',(50.0000000000003,57.,1.5));
#5952=CARTESIAN_POINT('',(50.0000000000003,57.,3.));
#5953=CARTESIAN_POINT('',(50.0000000000003,28.5,3.));
#5954=CARTESIAN_POINT('',(50.0000000000003,57.,7.5));
#5955=CARTESIAN_POINT('',(50.0000000000003,57.,1.5));
#5956=CARTESIAN_POINT('',(50.0000000000003,50.25,7.5));
#5957=CARTESIAN_POINT('Origin',(53.0000000000003,57.,1.5));
#5958=CARTESIAN_POINT('',(56.0000000000003,57.,3.));
#5959=CARTESIAN_POINT('Origin',(53.0000000000003,57.,3.));
#5960=CARTESIAN_POINT('',(56.0000000000003,57.,7.5));
#5961=CARTESIAN_POINT('',(56.0000000000003,57.,1.5));
#5962=CARTESIAN_POINT('Origin',(53.0000000000003,57.,7.5));
#5963=CARTESIAN_POINT('Origin',(56.0000000000003,57.8,1.5));
#5964=CARTESIAN_POINT('',(56.0000000000003,57.8,3.));
#5965=CARTESIAN_POINT('',(56.0000000000003,28.9,3.));
#5966=CARTESIAN_POINT('',(56.0000000000003,57.8,7.5));
#5967=CARTESIAN_POINT('',(56.0000000000003,57.8,1.5));
#5968=CARTESIAN_POINT('',(56.0000000000003,50.65,7.5));
#5969=CARTESIAN_POINT('Origin',(59.2000000000003,57.8,1.5));
#5970=CARTESIAN_POINT('',(59.2000000000003,61.,3.));
#5971=CARTESIAN_POINT('Origin',(59.2000000000003,57.8,3.));
#5972=CARTESIAN_POINT('',(59.2000000000003,61.,7.5));
#5973=CARTESIAN_POINT('',(59.2000000000003,61.,1.5));
#5974=CARTESIAN_POINT('Origin',(59.2000000000003,57.8,7.5));
#5975=CARTESIAN_POINT('Origin',(60.5531962568463,57.8,12.));
#5976=CARTESIAN_POINT('',(60.5531962568463,61.,3.));
#5977=CARTESIAN_POINT('',(62.815937956643,60.0627416997972,3.));
#5978=CARTESIAN_POINT('Origin',(60.5531962568463,57.8,3.));
#5979=CARTESIAN_POINT('',(62.815937956643,60.0627416997972,12.));
#5980=CARTESIAN_POINT('',(62.815937956643,60.0627416997972,12.));
#5981=CARTESIAN_POINT('',(60.5531962568463,61.,12.));
#5982=CARTESIAN_POINT('Origin',(60.5531962568463,57.8,12.));
#5983=CARTESIAN_POINT('',(60.5531962568463,61.,12.));
#5984=CARTESIAN_POINT('Origin',(62.815937956643,60.0627416997972,12.));
#5985=CARTESIAN_POINT('',(65.0627416997975,57.8159379566433,3.));
#5986=CARTESIAN_POINT('',(62.1276388924275,60.7510407640125,3.));
#5987=CARTESIAN_POINT('',(65.0627416997975,57.8159379566433,12.));
#5988=CARTESIAN_POINT('',(65.0627416997975,57.8159379566433,12.));
#5989=CARTESIAN_POINT('',(62.1276388924275,60.7510407640125,12.));
#5990=CARTESIAN_POINT('Origin',(62.8000000000008,55.553196256846,12.));
#5991=CARTESIAN_POINT('',(66.0000000000008,55.553196256846,3.));
#5992=CARTESIAN_POINT('Origin',(62.8000000000008,55.553196256846,3.));
#5993=CARTESIAN_POINT('',(66.0000000000008,55.553196256846,12.));
#5994=CARTESIAN_POINT('',(66.0000000000008,55.553196256846,12.));
#5995=CARTESIAN_POINT('Origin',(62.8000000000008,55.553196256846,12.));
#5996=CARTESIAN_POINT('Origin',(66.0000000000008,55.553196256846,12.));
#5997=CARTESIAN_POINT('',(66.0000000000013,30.828427124746,3.));
#5998=CARTESIAN_POINT('',(66.0000000000013,27.7765981284236,3.));
#5999=CARTESIAN_POINT('',(66.0000000000013,30.828427124746,12.));
#6000=CARTESIAN_POINT('',(66.0000000000013,30.828427124746,12.));
#6001=CARTESIAN_POINT('',(66.0000000000013,27.7765981284236,12.));
#6002=CARTESIAN_POINT('Origin',(69.5000000000013,30.828427124746,12.));
#6003=CARTESIAN_POINT('',(66.6176470588237,28.8429696151315,3.));
#6004=CARTESIAN_POINT('Origin',(69.5000000000013,30.828427124746,3.));
#6005=CARTESIAN_POINT('',(66.6176470588237,28.8429696151315,11.));
#6006=CARTESIAN_POINT('',(66.6176470588243,28.8429696151306,1.5));
#6007=CARTESIAN_POINT('',(67.0251262658471,28.3535533905949,11.));
#6008=CARTESIAN_POINT('Origin',(69.5000000000013,30.828427124746,11.));
#6009=CARTESIAN_POINT('',(67.0251262658486,28.3535533905927,12.));
#6010=CARTESIAN_POINT('',(67.0251262658486,28.3535533905927,12.));
#6011=CARTESIAN_POINT('Origin',(69.5000000000013,30.828427124746,12.));
#6012=CARTESIAN_POINT('Origin',(62.5,26.0066017442515,1.5));
#6013=CARTESIAN_POINT('',(67.5,26.0066017442515,3.));
#6014=CARTESIAN_POINT('Origin',(62.5,26.0066017442515,3.));
#6015=CARTESIAN_POINT('',(67.5,26.0066017442515,11.));
#6016=CARTESIAN_POINT('',(67.5,26.0066017442515,1.5));
#6017=CARTESIAN_POINT('Origin',(62.5,26.0066017442515,11.));
#6018=CARTESIAN_POINT('Origin',(67.5,-26.0066017442509,1.5));
#6019=CARTESIAN_POINT('',(67.5,-26.0066017442509,3.));
#6020=CARTESIAN_POINT('',(67.5,-13.0033008721254,3.));
#6021=CARTESIAN_POINT('',(67.5,-26.0066017442509,11.));
#6022=CARTESIAN_POINT('',(67.5,-26.0066017442509,1.5));
#6023=CARTESIAN_POINT('',(67.5,26.0066017442515,11.));
#6024=CARTESIAN_POINT('Origin',(62.5,-26.0066017442509,1.5));
#6025=CARTESIAN_POINT('',(66.6176470588237,-28.8429696151309,3.));
#6026=CARTESIAN_POINT('Origin',(62.5,-26.0066017442509,3.));
#6027=CARTESIAN_POINT('',(66.6176470588237,-28.8429696151309,11.));
#6028=CARTESIAN_POINT('',(66.6176470588237,-28.8429696151309,1.5));
#6029=CARTESIAN_POINT('Origin',(62.5,-26.0066017442509,11.));
#6030=CARTESIAN_POINT('Origin',(69.5000000000001,-30.8284271247468,12.));
#6031=CARTESIAN_POINT('',(66.0000000000002,-30.8284271247468,3.));
#6032=CARTESIAN_POINT('Origin',(69.5000000000001,-30.8284271247468,3.));
#6033=CARTESIAN_POINT('',(66.0000000000002,-30.8284271247468,12.));
#6034=CARTESIAN_POINT('',(66.0000000000002,-30.8284271247468,12.));
#6035=CARTESIAN_POINT('',(67.0251262658473,-28.3535533905939,12.));
#6036=CARTESIAN_POINT('Origin',(69.5000000000001,-30.8284271247468,12.));
#6037=CARTESIAN_POINT('',(67.0251262658479,-28.3535533905933,11.));
#6038=CARTESIAN_POINT('',(67.0251262658473,-28.3535533905939,12.));
#6039=CARTESIAN_POINT('Origin',(69.5000000000001,-30.8284271247468,11.));
#6040=CARTESIAN_POINT('Origin',(66.0000000000002,-30.8284271247468,12.));
#6041=CARTESIAN_POINT('',(65.9999999999998,-55.5531962568466,3.));
#6042=CARTESIAN_POINT('',(66.0000000000004,-15.4142135623739,3.));
#6043=CARTESIAN_POINT('',(65.9999999999998,-55.5531962568466,12.));
#6044=CARTESIAN_POINT('',(65.9999999999998,-55.5531962568466,12.));
#6045=CARTESIAN_POINT('',(66.0000000000004,-15.4142135623739,12.));
#6046=CARTESIAN_POINT('Origin',(62.7999999999998,-55.5531962568466,12.));
#6047=CARTESIAN_POINT('',(65.0627416997967,-57.8159379566436,3.));
#6048=CARTESIAN_POINT('Origin',(62.7999999999998,-55.5531962568466,3.));
#6049=CARTESIAN_POINT('',(65.0627416997967,-57.8159379566436,12.));
#6050=CARTESIAN_POINT('',(65.0627416997967,-57.8159379566436,12.));
#6051=CARTESIAN_POINT('Origin',(62.7999999999998,-55.5531962568466,12.));
#6052=CARTESIAN_POINT('Origin',(65.0627416997967,-57.8159379566436,12.));
#6053=CARTESIAN_POINT('',(62.8159379566434,-60.062741699797,3.));
#6054=CARTESIAN_POINT('',(63.2510407640085,-59.6276388924318,3.));
#6055=CARTESIAN_POINT('',(62.8159379566434,-60.062741699797,12.));
#6056=CARTESIAN_POINT('',(62.8159379566434,-60.062741699797,12.));
#6057=CARTESIAN_POINT('',(63.2510407640085,-59.6276388924318,12.));
#6058=CARTESIAN_POINT('Origin',(60.5531962568464,-57.8,12.));
#6059=CARTESIAN_POINT('',(60.5531962568465,-61.,3.));
#6060=CARTESIAN_POINT('Origin',(60.5531962568464,-57.8,3.));
#6061=CARTESIAN_POINT('',(60.5531962568464,-61.,12.));
#6062=CARTESIAN_POINT('',(60.5531962568464,-61.,12.));
#6063=CARTESIAN_POINT('Origin',(60.5531962568464,-57.8,12.));
#6064=CARTESIAN_POINT('Origin',(59.2000000000003,-57.8,1.5));
#6065=CARTESIAN_POINT('',(59.2000000000003,-61.,3.));
#6066=CARTESIAN_POINT('',(56.0000000000003,-57.8,3.));
#6067=CARTESIAN_POINT('Origin',(59.2000000000003,-57.8,3.));
#6068=CARTESIAN_POINT('',(56.0000000000003,-57.8,7.5));
#6069=CARTESIAN_POINT('',(56.0000000000003,-57.8,1.5));
#6070=CARTESIAN_POINT('',(59.2000000000003,-61.,7.5));
#6071=CARTESIAN_POINT('Origin',(59.2000000000003,-57.8,7.5));
#6072=CARTESIAN_POINT('',(59.2000000000003,-61.,1.5));
#6073=CARTESIAN_POINT('Origin',(56.0000000000003,-57.8,1.5));
#6074=CARTESIAN_POINT('',(56.0000000000003,-57.,3.));
#6075=CARTESIAN_POINT('',(56.0000000000003,-28.9,3.));
#6076=CARTESIAN_POINT('',(56.0000000000003,-57.,7.5));
#6077=CARTESIAN_POINT('',(56.0000000000003,-57.,1.5));
#6078=CARTESIAN_POINT('',(56.0000000000003,-50.65,7.5));
#6079=CARTESIAN_POINT('Origin',(53.0000000000003,-57.,1.5));
#6080=CARTESIAN_POINT('',(50.0000000000003,-57.,3.));
#6081=CARTESIAN_POINT('Origin',(53.0000000000003,-57.,3.));
#6082=CARTESIAN_POINT('',(50.0000000000003,-57.,7.5));
#6083=CARTESIAN_POINT('',(50.0000000000003,-57.,1.5));
#6084=CARTESIAN_POINT('Origin',(53.0000000000003,-57.,7.5));
#6085=CARTESIAN_POINT('Origin',(50.0000000000003,-57.,1.5));
#6086=CARTESIAN_POINT('',(50.0000000000003,-57.8,3.));
#6087=CARTESIAN_POINT('',(50.0000000000003,-28.5,3.));
#6088=CARTESIAN_POINT('',(50.0000000000003,-57.8,7.5));
#6089=CARTESIAN_POINT('',(50.0000000000003,-57.8,1.5));
#6090=CARTESIAN_POINT('',(50.0000000000003,-50.25,7.5));
#6091=CARTESIAN_POINT('Origin',(46.8000000000003,-57.8,1.5));
#6092=CARTESIAN_POINT('',(46.8000000000003,-61.,3.));
#6093=CARTESIAN_POINT('Origin',(46.8000000000003,-57.8,3.));
#6094=CARTESIAN_POINT('',(46.8000000000003,-61.,7.5));
#6095=CARTESIAN_POINT('',(46.8000000000003,-61.,1.5));
#6096=CARTESIAN_POINT('Origin',(46.8000000000003,-57.8,7.5));
#6097=CARTESIAN_POINT('Origin',(31.2000000000003,-57.8,1.5));
#6098=CARTESIAN_POINT('',(31.2000000000003,-61.,3.));
#6099=CARTESIAN_POINT('',(28.0000000000003,-57.8,3.));
#6100=CARTESIAN_POINT('Origin',(31.2000000000003,-57.8,3.));
#6101=CARTESIAN_POINT('',(28.0000000000003,-57.8,7.5));
#6102=CARTESIAN_POINT('',(28.0000000000003,-57.8,1.5));
#6103=CARTESIAN_POINT('',(31.2000000000003,-61.,7.5));
#6104=CARTESIAN_POINT('Origin',(31.2000000000003,-57.8,7.5));
#6105=CARTESIAN_POINT('',(31.2000000000003,-61.,1.5));
#6106=CARTESIAN_POINT('Origin',(28.0000000000003,-57.8,1.5));
#6107=CARTESIAN_POINT('',(28.0000000000003,-57.,3.));
#6108=CARTESIAN_POINT('',(28.0000000000003,-28.9,3.));
#6109=CARTESIAN_POINT('',(28.0000000000003,-57.,7.5));
#6110=CARTESIAN_POINT('',(28.0000000000003,-57.,1.5));
#6111=CARTESIAN_POINT('',(28.0000000000003,-50.65,7.5));
#6112=CARTESIAN_POINT('Origin',(25.0000000000003,-57.,1.5));
#6113=CARTESIAN_POINT('',(22.0000000000003,-57.,3.));
#6114=CARTESIAN_POINT('Origin',(25.0000000000003,-57.,3.));
#6115=CARTESIAN_POINT('',(22.0000000000003,-57.,7.5));
#6116=CARTESIAN_POINT('',(22.0000000000003,-57.,1.5));
#6117=CARTESIAN_POINT('Origin',(25.0000000000003,-57.,7.5));
#6118=CARTESIAN_POINT('Origin',(22.0000000000003,-57.,1.5));
#6119=CARTESIAN_POINT('',(22.0000000000003,-57.8,3.));
#6120=CARTESIAN_POINT('',(22.0000000000003,-28.5,3.));
#6121=CARTESIAN_POINT('',(22.0000000000003,-57.8,7.5));
#6122=CARTESIAN_POINT('',(22.0000000000003,-57.8,1.5));
#6123=CARTESIAN_POINT('',(22.0000000000003,-50.25,7.5));
#6124=CARTESIAN_POINT('Origin',(18.8000000000003,-57.8,1.5));
#6125=CARTESIAN_POINT('',(18.8000000000003,-61.,3.));
#6126=CARTESIAN_POINT('Origin',(18.8000000000003,-57.8,3.));
#6127=CARTESIAN_POINT('',(18.8000000000003,-61.,7.5));
#6128=CARTESIAN_POINT('',(18.8000000000003,-61.,1.5));
#6129=CARTESIAN_POINT('Origin',(18.8000000000003,-57.8,7.5));
#6130=CARTESIAN_POINT('Origin',(47.5000000000008,18.5,0.));
#6131=CARTESIAN_POINT('',(46.2500000000008,18.5,3.));
#6132=CARTESIAN_POINT('Origin',(47.5000000000008,18.5,3.));
#6133=CARTESIAN_POINT('',(46.2500000000008,18.5,0.));
#6134=CARTESIAN_POINT('',(46.2500000000008,18.5,0.));
#6135=CARTESIAN_POINT('Origin',(47.5000000000008,18.5,0.));
#6136=CARTESIAN_POINT('Origin',(47.5000000000008,18.5,3.));
#6137=CARTESIAN_POINT('',(-18.8000000000003,61.,3.));
#6138=CARTESIAN_POINT('',(-30.2765981284234,61.,3.));
#6139=CARTESIAN_POINT('',(-22.0000000000003,57.8,3.));
#6140=CARTESIAN_POINT('Origin',(-18.8000000000003,57.8,3.));
#6141=CARTESIAN_POINT('',(-22.0000000000003,57.,3.));
#6142=CARTESIAN_POINT('',(-22.0000000000003,28.5,3.));
#6143=CARTESIAN_POINT('',(-28.0000000000003,57.,3.));
#6144=CARTESIAN_POINT('Origin',(-25.0000000000003,57.,3.));
#6145=CARTESIAN_POINT('',(-28.0000000000003,57.8,3.));
#6146=CARTESIAN_POINT('',(-28.0000000000003,28.9,3.));
#6147=CARTESIAN_POINT('',(-31.2000000000003,61.,3.));
#6148=CARTESIAN_POINT('Origin',(-31.2000000000003,57.8,3.));
#6149=CARTESIAN_POINT('',(-46.8000000000003,61.,3.));
#6150=CARTESIAN_POINT('',(-30.2765981284234,61.,3.));
#6151=CARTESIAN_POINT('',(-50.0000000000003,57.8,3.));
#6152=CARTESIAN_POINT('Origin',(-46.8000000000003,57.8,3.));
#6153=CARTESIAN_POINT('',(-50.0000000000003,57.,3.));
#6154=CARTESIAN_POINT('',(-50.0000000000003,28.5,3.));
#6155=CARTESIAN_POINT('',(-56.0000000000003,57.,3.));
#6156=CARTESIAN_POINT('Origin',(-53.0000000000003,57.,3.));
#6157=CARTESIAN_POINT('',(-56.0000000000003,57.8,3.));
#6158=CARTESIAN_POINT('',(-56.0000000000003,28.9,3.));
#6159=CARTESIAN_POINT('',(-59.2000000000003,61.,3.));
#6160=CARTESIAN_POINT('Origin',(-59.2000000000003,57.8,3.));
#6161=CARTESIAN_POINT('',(-60.5531962568468,61.,3.));
#6162=CARTESIAN_POINT('',(-30.2765981284234,61.,3.));
#6163=CARTESIAN_POINT('',(-62.815937956644,60.0627416997967,3.));
#6164=CARTESIAN_POINT('Origin',(-60.5531962568468,57.8,3.));
#6165=CARTESIAN_POINT('',(-65.0627416997976,57.8159379566426,3.));
#6166=CARTESIAN_POINT('',(-63.251040764013,59.6276388924277,3.));
#6167=CARTESIAN_POINT('',(-66.0000000000003,55.5531962568459,3.));
#6168=CARTESIAN_POINT('Origin',(-62.8000000000003,55.5531962568459,3.));
#6169=CARTESIAN_POINT('',(-66.0000000000003,30.8284271247475,3.));
#6170=CARTESIAN_POINT('',(-66.0000000000003,15.4142135623737,3.));
#6171=CARTESIAN_POINT('',(-66.6176470588237,28.8429696151315,3.));
#6172=CARTESIAN_POINT('Origin',(-69.5000000000003,30.8284271247475,3.));
#6173=CARTESIAN_POINT('',(-67.5,26.0066017442515,3.));
#6174=CARTESIAN_POINT('Origin',(-62.5,26.0066017442515,3.));
#6175=CARTESIAN_POINT('',(-67.5,-26.0066017442509,3.));
#6176=CARTESIAN_POINT('',(-67.5,-13.0033008721254,3.));
#6177=CARTESIAN_POINT('',(-66.6176470588237,-28.8429696151309,3.));
#6178=CARTESIAN_POINT('Origin',(-62.5,-26.0066017442509,3.));
#6179=CARTESIAN_POINT('',(-66.0000000000005,-30.8284271247465,3.));
#6180=CARTESIAN_POINT('Origin',(-69.5000000000005,-30.8284271247465,3.));
#6181=CARTESIAN_POINT('',(-66.0000000000003,-55.5531962568462,3.));
#6182=CARTESIAN_POINT('',(-66.0000000000005,-27.7765981284234,3.));
#6183=CARTESIAN_POINT('',(-65.0627416997973,-57.8159379566432,3.));
#6184=CARTESIAN_POINT('Origin',(-62.8000000000003,-55.5531962568462,3.));
#6185=CARTESIAN_POINT('',(-62.8159379566435,-60.0627416997969,3.));
#6186=CARTESIAN_POINT('',(-62.1276388924319,-60.7510407640085,3.));
#6187=CARTESIAN_POINT('',(-60.5531962568465,-61.,3.));
#6188=CARTESIAN_POINT('Origin',(-60.5531962568465,-57.8,3.));
#6189=CARTESIAN_POINT('',(-59.2000000000003,-61.,3.));
#6190=CARTESIAN_POINT('',(30.2765981284232,-61.,3.));
#6191=CARTESIAN_POINT('',(-56.0000000000003,-57.8,3.));
#6192=CARTESIAN_POINT('Origin',(-59.2000000000003,-57.8,3.));
#6193=CARTESIAN_POINT('',(-56.0000000000003,-57.,3.));
#6194=CARTESIAN_POINT('',(-56.0000000000003,-28.9,3.));
#6195=CARTESIAN_POINT('',(-50.0000000000003,-57.,3.));
#6196=CARTESIAN_POINT('Origin',(-53.0000000000003,-57.,3.));
#6197=CARTESIAN_POINT('',(-50.0000000000003,-57.8,3.));
#6198=CARTESIAN_POINT('',(-50.0000000000003,-28.5,3.));
#6199=CARTESIAN_POINT('',(-46.8000000000003,-61.,3.));
#6200=CARTESIAN_POINT('Origin',(-46.8000000000003,-57.8,3.));
#6201=CARTESIAN_POINT('',(-31.2000000000003,-61.,3.));
#6202=CARTESIAN_POINT('',(30.2765981284232,-61.,3.));
#6203=CARTESIAN_POINT('',(-28.0000000000003,-57.8,3.));
#6204=CARTESIAN_POINT('Origin',(-31.2000000000003,-57.8,3.));
#6205=CARTESIAN_POINT('',(-28.0000000000003,-57.,3.));
#6206=CARTESIAN_POINT('',(-28.0000000000003,-28.9,3.));
#6207=CARTESIAN_POINT('',(-22.0000000000003,-57.,3.));
#6208=CARTESIAN_POINT('Origin',(-25.0000000000003,-57.,3.));
#6209=CARTESIAN_POINT('',(-22.0000000000003,-57.8,3.));
#6210=CARTESIAN_POINT('',(-22.0000000000003,-28.5,3.));
#6211=CARTESIAN_POINT('',(-18.8000000000003,-61.,3.));
#6212=CARTESIAN_POINT('Origin',(-18.8000000000003,-57.8,3.));
#6213=CARTESIAN_POINT('',(30.2765981284232,-61.,3.));
#6214=CARTESIAN_POINT('',(30.2765981284232,-61.,3.));
#6215=CARTESIAN_POINT('',(30.2765981284232,-61.,3.));
#6216=CARTESIAN_POINT('',(-30.2765981284234,61.,3.));
#6217=CARTESIAN_POINT('',(-30.2765981284234,61.,3.));
#6218=CARTESIAN_POINT('',(-48.7500000000008,18.5,3.));
#6219=CARTESIAN_POINT('Origin',(-47.5000000000008,18.5,3.));
#6220=CARTESIAN_POINT('',(-6.25,57.,3.));
#6221=CARTESIAN_POINT('Origin',(-7.5,57.,3.));
#6222=CARTESIAN_POINT('',(8.75,57.,3.));
#6223=CARTESIAN_POINT('Origin',(7.5,57.,3.));
#6224=CARTESIAN_POINT('',(-55.0000000000009,3.,3.));
#6225=CARTESIAN_POINT('',(-55.0000000000009,12.,3.));
#6226=CARTESIAN_POINT('',(-55.0000000000009,7.,3.));
#6227=CARTESIAN_POINT('',(-53.0000000000009,14.,3.));
#6228=CARTESIAN_POINT('Origin',(-53.0000000000009,12.,3.));
#6229=CARTESIAN_POINT('',(-42.0000000000009,14.,3.));
#6230=CARTESIAN_POINT('',(-20.0000000000004,14.,3.));
#6231=CARTESIAN_POINT('',(-40.0000000000009,12.,3.));
#6232=CARTESIAN_POINT('Origin',(-42.0000000000009,12.,3.));
#6233=CARTESIAN_POINT('',(-40.0000000000009,3.,3.));
#6234=CARTESIAN_POINT('',(-40.0000000000009,0.500000000000004,3.));
#6235=CARTESIAN_POINT('',(-42.0000000000009,1.,3.));
#6236=CARTESIAN_POINT('Origin',(-42.0000000000009,3.,3.));
#6237=CARTESIAN_POINT('',(-53.0000000000009,1.,3.));
#6238=CARTESIAN_POINT('',(-27.5000000000004,1.,3.));
#6239=CARTESIAN_POINT('Origin',(-53.0000000000009,3.,3.));
#6240=CARTESIAN_POINT('',(55.0000000000009,12.,3.));
#6241=CARTESIAN_POINT('',(55.0000000000009,2.99999999999996,3.));
#6242=CARTESIAN_POINT('',(55.0000000000009,0.499999999999945,3.));
#6243=CARTESIAN_POINT('',(53.0000000000009,0.999999999999962,3.));
#6244=CARTESIAN_POINT('Origin',(53.0000000000009,2.99999999999996,3.));
#6245=CARTESIAN_POINT('',(42.0000000000009,0.999999999999969,3.));
#6246=CARTESIAN_POINT('',(20.0000000000004,0.999999999999982,3.));
#6247=CARTESIAN_POINT('',(40.0000000000009,2.99999999999997,3.));
#6248=CARTESIAN_POINT('Origin',(42.0000000000009,2.99999999999997,3.));
#6249=CARTESIAN_POINT('',(40.0000000000009,12.,3.));
#6250=CARTESIAN_POINT('',(40.0000000000009,6.99999999999996,3.));
#6251=CARTESIAN_POINT('',(42.0000000000009,14.,3.));
#6252=CARTESIAN_POINT('Origin',(42.0000000000009,12.,3.));
#6253=CARTESIAN_POINT('',(53.0000000000009,14.,3.));
#6254=CARTESIAN_POINT('',(27.5000000000005,14.,3.));
#6255=CARTESIAN_POINT('Origin',(53.0000000000009,12.,3.));
#6256=CARTESIAN_POINT('',(-55.5000000000018,-50.,3.));
#6257=CARTESIAN_POINT('',(-55.5000000000018,-45.8,3.));
#6258=CARTESIAN_POINT('',(-55.5000000000018,-21.9,3.));
#6259=CARTESIAN_POINT('',(-53.5000000000018,-43.8,3.));
#6260=CARTESIAN_POINT('Origin',(-53.5000000000018,-45.8,3.));
#6261=CARTESIAN_POINT('',(-41.5000000000017,-43.8,3.));
#6262=CARTESIAN_POINT('',(-19.7500000000008,-43.8,3.));
#6263=CARTESIAN_POINT('',(-39.5000000000017,-45.8,3.));
#6264=CARTESIAN_POINT('Origin',(-41.5000000000017,-45.8,3.));
#6265=CARTESIAN_POINT('',(-39.5000000000017,-50.,3.));
#6266=CARTESIAN_POINT('',(-39.5000000000017,-26.,3.));
#6267=CARTESIAN_POINT('',(-41.5000000000017,-52.,3.));
#6268=CARTESIAN_POINT('Origin',(-41.5000000000017,-50.,3.));
#6269=CARTESIAN_POINT('',(-53.5000000000018,-52.,3.));
#6270=CARTESIAN_POINT('',(-27.7500000000009,-52.,3.));
#6271=CARTESIAN_POINT('Origin',(-53.5000000000018,-50.,3.));
#6272=CARTESIAN_POINT('',(53.5000000000017,-52.0000000000001,3.));
#6273=CARTESIAN_POINT('',(41.5000000000017,-52.,3.));
#6274=CARTESIAN_POINT('',(19.7500000000007,-51.9999999999999,3.));
#6275=CARTESIAN_POINT('',(39.5000000000017,-50.,3.));
#6276=CARTESIAN_POINT('Origin',(41.5000000000017,-50.,3.));
#6277=CARTESIAN_POINT('',(39.5000000000017,-45.8,3.));
#6278=CARTESIAN_POINT('',(39.5000000000017,-21.9,3.));
#6279=CARTESIAN_POINT('',(41.5000000000017,-43.8,3.));
#6280=CARTESIAN_POINT('Origin',(41.5000000000017,-45.8,3.));
#6281=CARTESIAN_POINT('',(53.5000000000017,-43.8000000000001,3.));
#6282=CARTESIAN_POINT('',(27.7500000000008,-43.8,3.));
#6283=CARTESIAN_POINT('',(55.5000000000017,-45.8000000000001,3.));
#6284=CARTESIAN_POINT('Origin',(53.5000000000017,-45.8000000000001,3.));
#6285=CARTESIAN_POINT('',(55.5000000000017,-50.0000000000001,3.));
#6286=CARTESIAN_POINT('',(55.5000000000017,-26.,3.));
#6287=CARTESIAN_POINT('Origin',(53.5000000000017,-50.0000000000001,3.));
#6288=CARTESIAN_POINT('',(-22.0000000000003,-29.,3.));
#6289=CARTESIAN_POINT('Origin',(-25.0000000000003,-29.,3.));
#6290=CARTESIAN_POINT('',(-50.0000000000003,-29.,3.));
#6291=CARTESIAN_POINT('Origin',(-53.0000000000003,-29.,3.));
#6292=CARTESIAN_POINT('',(61.25,-13.8,3.));
#6293=CARTESIAN_POINT('Origin',(58.5,-13.8,3.));
#6294=CARTESIAN_POINT('',(-55.7500000000001,13.8,3.));
#6295=CARTESIAN_POINT('Origin',(-58.5000000000001,13.8,3.));
#6296=CARTESIAN_POINT('',(61.25,13.8,3.));
#6297=CARTESIAN_POINT('Origin',(58.5,13.8,3.));
#6298=CARTESIAN_POINT('',(-55.7500000000001,-13.8,3.));
#6299=CARTESIAN_POINT('Origin',(-58.5000000000001,-13.8,3.));
#6300=CARTESIAN_POINT('',(-50.0000000000003,29.,3.));
#6301=CARTESIAN_POINT('Origin',(-53.0000000000003,29.,3.));
#6302=CARTESIAN_POINT('',(-22.0000000000003,29.,3.));
#6303=CARTESIAN_POINT('Origin',(-25.0000000000003,29.,3.));
#6304=CARTESIAN_POINT('',(50.0000000000003,29.,3.));
#6305=CARTESIAN_POINT('Origin',(53.0000000000003,29.,3.));
#6306=CARTESIAN_POINT('',(22.0000000000003,29.,3.));
#6307=CARTESIAN_POINT('Origin',(25.0000000000003,29.,3.));
#6308=CARTESIAN_POINT('',(50.0000000000003,-29.,3.));
#6309=CARTESIAN_POINT('Origin',(53.0000000000003,-29.,3.));
#6310=CARTESIAN_POINT('',(22.0000000000003,-29.,3.));
#6311=CARTESIAN_POINT('Origin',(25.0000000000003,-29.,3.));
#6312=CARTESIAN_POINT('',(-6.2500000000003,-57.,3.));
#6313=CARTESIAN_POINT('Origin',(-7.5000000000003,-57.,3.));
#6314=CARTESIAN_POINT('',(8.7499999999997,-57.,3.));
#6315=CARTESIAN_POINT('Origin',(7.4999999999997,-57.,3.));
#6316=CARTESIAN_POINT('',(-48.750000000001,-3.5,3.));
#6317=CARTESIAN_POINT('Origin',(-47.500000000001,-3.5,3.));
#6318=CARTESIAN_POINT('',(46.250000000001,-3.50000000000004,3.));
#6319=CARTESIAN_POINT('Origin',(47.500000000001,-3.50000000000004,3.));
#6320=CARTESIAN_POINT('Origin',(-5.32907051820075E-14,0.,0.));
#6321=CARTESIAN_POINT('',(-70.5000000000002,-26.1715728752548,-5.55111512312578E-16));
#6322=CARTESIAN_POINT('',(-69.9142135623734,-27.5857864376278,-5.55111512312578E-16));
#6323=CARTESIAN_POINT('Ctrl Pts',(-70.5000000000002,-26.1715728752548,-5.55111512312578E-16));
#6324=CARTESIAN_POINT('Ctrl Pts',(-70.5000000000002,-26.4631412046758,-5.55111512312578E-16));
#6325=CARTESIAN_POINT('Ctrl Pts',(-70.4869645708655,-26.6060757299623,-5.55111512312578E-16));
#6326=CARTESIAN_POINT('Ctrl Pts',(-70.4649139931676,-26.724863911181,-5.55111512312578E-16));
#6327=CARTESIAN_POINT('Ctrl Pts',(-70.4428634154697,-26.8436520923996,-5.55111512312578E-16));
#6328=CARTESIAN_POINT('Ctrl Pts',(-70.4117976892086,-26.9382939295503,-5.55111512312578E-16));
#6329=CARTESIAN_POINT('Ctrl Pts',(-70.3650583817285,-27.0308551776866,-5.55111512312578E-16));
#6330=CARTESIAN_POINT('Ctrl Pts',(-70.3183190742484,-27.1234164258228,-5.55111512312578E-16));
#6331=CARTESIAN_POINT('Ctrl Pts',(-70.2559061855493,-27.2138970849446,-5.55111512312578E-16));
#6332=CARTESIAN_POINT('Ctrl Pts',(-70.1429235749296,-27.3434191053923,-5.55111512312578E-16));
#6333=CARTESIAN_POINT('Ctrl Pts',(-70.0864322696198,-27.4081801156161,-5.55111512312578E-16));
#6334=CARTESIAN_POINT('Ctrl Pts',(-70.0172985338298,-27.4827014661714,-5.55111512312579E-16));
#6335=CARTESIAN_POINT('Ctrl Pts',(-69.9142135623734,-27.5857864376278,-5.55111512312578E-16));
#6336=CARTESIAN_POINT('',(-70.4999999999998,26.1715728752549,-5.55111512312578E-16));
#6337=CARTESIAN_POINT('',(-70.4999999999998,27.0000000000009,0.));
#6338=CARTESIAN_POINT('',(-69.9142135623731,27.5857864376277,-5.55111512312578E-16));
#6339=CARTESIAN_POINT('Ctrl Pts',(-69.9142135623731,27.5857864376277,-5.55111512312578E-16));
#6340=CARTESIAN_POINT('Ctrl Pts',(-70.1203835052859,27.3796164947149,-5.55111512312578E-16));
#6341=CARTESIAN_POINT('Ctrl Pts',(-70.2122360370448,27.2693290822823,-5.55111512312578E-16));
#6342=CARTESIAN_POINT('Ctrl Pts',(-70.28063985249,27.1697410407985,-5.55111512312578E-16));
#6343=CARTESIAN_POINT('Ctrl Pts',(-70.3490436679352,27.0701529993147,-5.55111512312578E-16));
#6344=CARTESIAN_POINT('Ctrl Pts',(-70.3939987670667,26.9812643287798,-5.55111512312578E-16));
#6345=CARTESIAN_POINT('Ctrl Pts',(-70.4263997720318,26.8827639612805,-5.55111512312578E-16));
#6346=CARTESIAN_POINT('Ctrl Pts',(-70.4588007769969,26.7842635937811,-5.55111512312578E-16));
#6347=CARTESIAN_POINT('Ctrl Pts',(-70.4786476877955,26.6761515293173,-5.55111512312578E-16));
#6348=CARTESIAN_POINT('Ctrl Pts',(-70.4903428166417,26.5046748602205,-5.55111512312578E-16));
#6349=CARTESIAN_POINT('Ctrl Pts',(-70.4961903810648,26.4189365256721,-5.55111512312578E-16));
#6350=CARTESIAN_POINT('Ctrl Pts',(-70.4999999999998,26.3173570399654,-5.55111512312579E-16));
#6351=CARTESIAN_POINT('Ctrl Pts',(-70.4999999999998,26.1715728752549,-5.55111512312578E-16));
#6352=CARTESIAN_POINT('',(-68.4372583002032,29.0627416997982,0.));
#6353=CARTESIAN_POINT('',(-70.4999999999998,27.0000000000009,0.));
#6354=CARTESIAN_POINT('',(-67.5000000000005,31.3254833995947,0.));
#6355=CARTESIAN_POINT('Origin',(-70.7000000000005,31.3254833995948,0.));
#6356=CARTESIAN_POINT('',(-67.5000000000001,56.6715728752538,-5.55111512312578E-16));
#6357=CARTESIAN_POINT('',(-67.5,62.5,0.));
#6358=CARTESIAN_POINT('',(-66.9142135623732,58.0857864376269,-5.55111512312578E-16));
#6359=CARTESIAN_POINT('Ctrl Pts',(-66.9142135623732,58.0857864376269,-5.55111512312578E-16));
#6360=CARTESIAN_POINT('Ctrl Pts',(-67.120383505286,57.8796164947141,-5.55111512312578E-16));
#6361=CARTESIAN_POINT('Ctrl Pts',(-67.2123032309611,57.7692749159193,-5.55111512312578E-16));
#6362=CARTESIAN_POINT('Ctrl Pts',(-67.2807349530939,57.6696647264466,-5.55111512312578E-16));
#6363=CARTESIAN_POINT('Ctrl Pts',(-67.3491666752267,57.5700545369739,-5.55111512312578E-16));
#6364=CARTESIAN_POINT('Ctrl Pts',(-67.3941103938174,57.4811757368233,-5.55111512312578E-16));
#6365=CARTESIAN_POINT('Ctrl Pts',(-67.4265006170045,57.382684188967,-5.55111512312578E-16));
#6366=CARTESIAN_POINT('Ctrl Pts',(-67.4588908401917,57.2841926411107,-5.55111512312578E-16));
#6367=CARTESIAN_POINT('Ctrl Pts',(-67.4787275679755,57.1760883455488,-5.55111512312578E-16));
#6368=CARTESIAN_POINT('Ctrl Pts',(-67.4903860630735,57.0046406213377,-5.55111512312578E-16));
#6369=CARTESIAN_POINT('Ctrl Pts',(-67.4962153106225,56.9189167592322,-5.55111512312578E-16));
#6370=CARTESIAN_POINT('Ctrl Pts',(-67.5000000000001,56.8173570399643,-5.55111512312579E-16));
#6371=CARTESIAN_POINT('Ctrl Pts',(-67.5000000000001,56.6715728752538,-5.55111512312578E-16));
#6372=CARTESIAN_POINT('',(-63.0857864376269,61.9142135623731,0.));
#6373=CARTESIAN_POINT('',(-63.7499999999998,61.2500000000002,0.));
#6374=CARTESIAN_POINT('',(-61.6715728752538,62.5,0.));
#6375=CARTESIAN_POINT('Ctrl Pts',(-61.6715728752538,62.5,-4.44089209850063E-15));
#6376=CARTESIAN_POINT('Ctrl Pts',(-61.8173570399643,62.5,-4.44089209850063E-15));
#6377=CARTESIAN_POINT('Ctrl Pts',(-61.9189167592322,62.4962153106224,-4.44089209850063E-15));
#6378=CARTESIAN_POINT('Ctrl Pts',(-62.0046406213377,62.4903860630734,-4.44089209850063E-15));
#6379=CARTESIAN_POINT('Ctrl Pts',(-62.1760883455488,62.4787275679754,-2.22044604925031E-15));
#6380=CARTESIAN_POINT('Ctrl Pts',(-62.2841926411108,62.4588908401916,-2.22044604925031E-15));
#6381=CARTESIAN_POINT('Ctrl Pts',(-62.3826841889671,62.4265006170045,-2.22044604925031E-15));
#6382=CARTESIAN_POINT('Ctrl Pts',(-62.4811757368233,62.3941103938173,-4.44089209850063E-15));
#6383=CARTESIAN_POINT('Ctrl Pts',(-62.570054536974,62.3491666752267,-4.44089209850063E-15));
#6384=CARTESIAN_POINT('Ctrl Pts',(-62.6696647264466,62.2807349530938,-4.44089209850063E-15));
#6385=CARTESIAN_POINT('Ctrl Pts',(-62.7692749159193,62.212303230961,-2.22044604925031E-15));
#6386=CARTESIAN_POINT('Ctrl Pts',(-62.8796164947141,62.120383505286,-2.22044604925031E-15));
#6387=CARTESIAN_POINT('Ctrl Pts',(-63.0857864376269,61.9142135623731,-2.22044604925031E-15));
#6388=CARTESIAN_POINT('',(61.6715728752538,62.5,-5.55111512312578E-16));
#6389=CARTESIAN_POINT('',(67.5,62.5,0.));
#6390=CARTESIAN_POINT('',(63.0857864376269,61.9142135623731,-5.55111512312578E-16));
#6391=CARTESIAN_POINT('Ctrl Pts',(63.0857864376269,61.9142135623731,-5.55111512312578E-16));
#6392=CARTESIAN_POINT('Ctrl Pts',(62.8796164947141,62.120383505286,-5.55111512312578E-16));
#6393=CARTESIAN_POINT('Ctrl Pts',(62.7692749159193,62.212303230961,-5.55111512312578E-16));
#6394=CARTESIAN_POINT('Ctrl Pts',(62.6696647264467,62.2807349530938,-5.55111512312578E-16));
#6395=CARTESIAN_POINT('Ctrl Pts',(62.570054536974,62.3491666752267,-5.55111512312578E-16));
#6396=CARTESIAN_POINT('Ctrl Pts',(62.4811757368233,62.3941103938173,-5.55111512312578E-16));
#6397=CARTESIAN_POINT('Ctrl Pts',(62.3826841889671,62.4265006170045,-5.55111512312578E-16));
#6398=CARTESIAN_POINT('Ctrl Pts',(62.2841926411108,62.4588908401916,-5.55111512312578E-16));
#6399=CARTESIAN_POINT('Ctrl Pts',(62.1760883455488,62.4787275679754,-5.55111512312578E-16));
#6400=CARTESIAN_POINT('Ctrl Pts',(62.0046406213378,62.4903860630734,-5.55111512312578E-16));
#6401=CARTESIAN_POINT('Ctrl Pts',(61.9189167592322,62.4962153106224,-5.55111512312578E-16));
#6402=CARTESIAN_POINT('Ctrl Pts',(61.8173570399643,62.5,-5.55111512312579E-16));
#6403=CARTESIAN_POINT('Ctrl Pts',(61.6715728752538,62.5,-5.55111512312578E-16));
#6404=CARTESIAN_POINT('',(66.9142135623733,58.0857864376269,0.));
#6405=CARTESIAN_POINT('',(63.7499999999994,61.2500000000007,0.));
#6406=CARTESIAN_POINT('',(67.5000000000003,56.6715728752538,0.));
#6407=CARTESIAN_POINT('Ctrl Pts',(67.5000000000003,56.6715728752538,-2.22044604925031E-15));
#6408=CARTESIAN_POINT('Ctrl Pts',(67.5000000000002,56.8173570399643,-2.22044604925031E-15));
#6409=CARTESIAN_POINT('Ctrl Pts',(67.4962153106227,56.9189167592322,-2.22044604925031E-15));
#6410=CARTESIAN_POINT('Ctrl Pts',(67.4903860630737,57.0046406213377,-2.22044604925031E-15));
#6411=CARTESIAN_POINT('Ctrl Pts',(67.4787275679757,57.1760883455489,-2.22044604925031E-15));
#6412=CARTESIAN_POINT('Ctrl Pts',(67.4588908401919,57.2841926411108,-2.22044604925031E-15));
#6413=CARTESIAN_POINT('Ctrl Pts',(67.4265006170047,57.3826841889671,-2.22044604925031E-15));
#6414=CARTESIAN_POINT('Ctrl Pts',(67.3941103938175,57.4811757368233,-2.22044604925031E-15));
#6415=CARTESIAN_POINT('Ctrl Pts',(67.3491666752269,57.570054536974,-2.22044604925031E-15));
#6416=CARTESIAN_POINT('Ctrl Pts',(67.2807349530941,57.6696647264467,-2.22044604925031E-15));
#6417=CARTESIAN_POINT('Ctrl Pts',(67.2123032309612,57.7692749159193,-2.22044604925031E-15));
#6418=CARTESIAN_POINT('Ctrl Pts',(67.1203835052862,57.8796164947141,-2.22044604925031E-15));
#6419=CARTESIAN_POINT('Ctrl Pts',(66.9142135623733,58.0857864376269,-2.22044604925031E-15));
#6420=CARTESIAN_POINT('',(67.5000000000013,31.3254833995946,0.));
#6421=CARTESIAN_POINT('',(67.5000000000013,30.0000000000012,0.));
#6422=CARTESIAN_POINT('',(68.4372583002038,29.0627416997983,0.));
#6423=CARTESIAN_POINT('Origin',(70.7000000000013,31.3254833995947,0.));
#6424=CARTESIAN_POINT('',(69.9142135623736,27.5857864376277,-5.55111512312578E-16));
#6425=CARTESIAN_POINT('',(70.5000000000002,27.0000000000009,0.));
#6426=CARTESIAN_POINT('',(70.5000000000002,26.171572875255,-5.55111512312578E-16));
#6427=CARTESIAN_POINT('Ctrl Pts',(70.5000000000002,26.171572875255,-5.55111512312578E-16));
#6428=CARTESIAN_POINT('Ctrl Pts',(70.5000000000002,26.4631412046759,-5.55111512312578E-16));
#6429=CARTESIAN_POINT('Ctrl Pts',(70.4869645708654,26.6060757299624,-5.55111512312578E-16));
#6430=CARTESIAN_POINT('Ctrl Pts',(70.4649139931675,26.724863911181,-5.55111512312578E-16));
#6431=CARTESIAN_POINT('Ctrl Pts',(70.4428634154696,26.8436520923996,-5.55111512312578E-16));
#6432=CARTESIAN_POINT('Ctrl Pts',(70.4117976892086,26.9382939295503,-5.55111512312578E-16));
#6433=CARTESIAN_POINT('Ctrl Pts',(70.3650583817285,27.0308551776865,-5.55111512312578E-16));
#6434=CARTESIAN_POINT('Ctrl Pts',(70.3183190742484,27.1234164258228,-5.55111512312578E-16));
#6435=CARTESIAN_POINT('Ctrl Pts',(70.2559061855493,27.2138970849445,-5.55111512312578E-16));
#6436=CARTESIAN_POINT('Ctrl Pts',(70.1429235749297,27.3434191053922,-5.55111512312578E-16));
#6437=CARTESIAN_POINT('Ctrl Pts',(70.0864322696199,27.408180115616,-5.55111512312578E-16));
#6438=CARTESIAN_POINT('Ctrl Pts',(70.01729853383,27.4827014661713,-5.55111512312579E-16));
#6439=CARTESIAN_POINT('Ctrl Pts',(69.9142135623736,27.5857864376277,-5.55111512312578E-16));
#6440=CARTESIAN_POINT('',(70.4999999999999,-26.1715728752547,-5.55111512312578E-16));
#6441=CARTESIAN_POINT('',(70.4999999999999,-27.0000000000009,0.));
#6442=CARTESIAN_POINT('',(69.914213562373,-27.5857864376278,-5.55111512312578E-16));
#6443=CARTESIAN_POINT('Ctrl Pts',(69.914213562373,-27.5857864376278,-5.55111512312578E-16));
#6444=CARTESIAN_POINT('Ctrl Pts',(70.1203835052858,-27.379616494715,-5.55111512312578E-16));
#6445=CARTESIAN_POINT('Ctrl Pts',(70.2122360370447,-27.2693290822823,-5.55111512312578E-16));
#6446=CARTESIAN_POINT('Ctrl Pts',(70.28063985249,-27.1697410407985,-5.55111512312578E-16));
#6447=CARTESIAN_POINT('Ctrl Pts',(70.3490436679352,-27.0701529993147,-5.55111512312578E-16));
#6448=CARTESIAN_POINT('Ctrl Pts',(70.3939987670668,-26.9812643287798,-5.55111512312578E-16));
#6449=CARTESIAN_POINT('Ctrl Pts',(70.4263997720319,-26.8827639612805,-5.55111512312578E-16));
#6450=CARTESIAN_POINT('Ctrl Pts',(70.458800776997,-26.7842635937811,-5.55111512312578E-16));
#6451=CARTESIAN_POINT('Ctrl Pts',(70.4786476877956,-26.6761515293172,-5.55111512312578E-16));
#6452=CARTESIAN_POINT('Ctrl Pts',(70.4903428166418,-26.5046748602204,-5.55111512312578E-16));
#6453=CARTESIAN_POINT('Ctrl Pts',(70.4961903810649,-26.4189365256719,-5.55111512312578E-16));
#6454=CARTESIAN_POINT('Ctrl Pts',(70.4999999999999,-26.3173570399653,-5.55111512312579E-16));
#6455=CARTESIAN_POINT('Ctrl Pts',(70.4999999999999,-26.1715728752547,-5.55111512312578E-16));
#6456=CARTESIAN_POINT('',(68.4372583002027,-29.0627416997981,0.));
#6457=CARTESIAN_POINT('',(67.4999999999997,-30.0000000000012,0.));
#6458=CARTESIAN_POINT('',(67.4999999999997,-31.3254833995951,0.));
#6459=CARTESIAN_POINT('Origin',(70.6999999999997,-31.325483399595,0.));
#6460=CARTESIAN_POINT('',(67.4999999999999,-56.6715728752538,-5.55111512312578E-16));
#6461=CARTESIAN_POINT('',(67.5,-62.5,0.));
#6462=CARTESIAN_POINT('',(66.914213562373,-58.0857864376269,-5.55111512312578E-16));
#6463=CARTESIAN_POINT('Ctrl Pts',(66.914213562373,-58.0857864376269,-5.55111512312578E-16));
#6464=CARTESIAN_POINT('Ctrl Pts',(67.1203835052859,-57.8796164947141,-5.55111512312578E-16));
#6465=CARTESIAN_POINT('Ctrl Pts',(67.2123032309609,-57.7692749159193,-5.55111512312578E-16));
#6466=CARTESIAN_POINT('Ctrl Pts',(67.2807349530938,-57.6696647264466,-5.55111512312578E-16));
#6467=CARTESIAN_POINT('Ctrl Pts',(67.3491666752266,-57.5700545369739,-5.55111512312578E-16));
#6468=CARTESIAN_POINT('Ctrl Pts',(67.3941103938172,-57.4811757368233,-5.55111512312578E-16));
#6469=CARTESIAN_POINT('Ctrl Pts',(67.4265006170044,-57.382684188967,-5.55111512312578E-16));
#6470=CARTESIAN_POINT('Ctrl Pts',(67.4588908401916,-57.2841926411107,-5.55111512312578E-16));
#6471=CARTESIAN_POINT('Ctrl Pts',(67.4787275679753,-57.1760883455488,-5.55111512312578E-16));
#6472=CARTESIAN_POINT('Ctrl Pts',(67.4903860630734,-57.0046406213377,-5.55111512312578E-16));
#6473=CARTESIAN_POINT('Ctrl Pts',(67.4962153106223,-56.9189167592321,-5.55111512312578E-16));
#6474=CARTESIAN_POINT('Ctrl Pts',(67.4999999999999,-56.8173570399643,-5.55111512312579E-16));
#6475=CARTESIAN_POINT('Ctrl Pts',(67.4999999999999,-56.6715728752538,-5.55111512312578E-16));
#6476=CARTESIAN_POINT('',(63.0857864376269,-61.9142135623731,0.));
#6477=CARTESIAN_POINT('',(63.7500000000001,-61.2499999999999,0.));
#6478=CARTESIAN_POINT('',(61.6715728752538,-62.5,0.));
#6479=CARTESIAN_POINT('Ctrl Pts',(61.6715728752538,-62.5,-2.22044604925032E-15));
#6480=CARTESIAN_POINT('Ctrl Pts',(61.8173570399643,-62.5,-2.22044604925031E-15));
#6481=CARTESIAN_POINT('Ctrl Pts',(61.9189167592321,-62.4962153106224,-2.22044604925031E-15));
#6482=CARTESIAN_POINT('Ctrl Pts',(62.0046406213377,-62.4903860630734,-2.22044604925031E-15));
#6483=CARTESIAN_POINT('Ctrl Pts',(62.1760883455488,-62.4787275679754,-2.22044604925031E-15));
#6484=CARTESIAN_POINT('Ctrl Pts',(62.2841926411107,-62.4588908401916,-2.22044604925031E-15));
#6485=CARTESIAN_POINT('Ctrl Pts',(62.382684188967,-62.4265006170045,-2.22044604925031E-15));
#6486=CARTESIAN_POINT('Ctrl Pts',(62.4811757368233,-62.3941103938173,-2.22044604925031E-15));
#6487=CARTESIAN_POINT('Ctrl Pts',(62.5700545369739,-62.3491666752266,-2.22044604925031E-15));
#6488=CARTESIAN_POINT('Ctrl Pts',(62.6696647264466,-62.2807349530938,-2.22044604925031E-15));
#6489=CARTESIAN_POINT('Ctrl Pts',(62.7692749159193,-62.212303230961,-2.22044604925031E-15));
#6490=CARTESIAN_POINT('Ctrl Pts',(62.879616494714,-62.1203835052859,-2.22044604925031E-15));
#6491=CARTESIAN_POINT('Ctrl Pts',(63.0857864376269,-61.9142135623731,-2.22044604925031E-15));
#6492=CARTESIAN_POINT('',(-61.6715728752538,-62.5,-5.55111512312578E-16));
#6493=CARTESIAN_POINT('',(-67.5,-62.5,0.));
#6494=CARTESIAN_POINT('',(-63.0857864376269,-61.9142135623731,-5.55111512312578E-16));
#6495=CARTESIAN_POINT('Ctrl Pts',(-63.0857864376269,-61.9142135623731,-5.55111512312578E-16));
#6496=CARTESIAN_POINT('Ctrl Pts',(-62.8796164947141,-62.1203835052859,-5.55111512312578E-16));
#6497=CARTESIAN_POINT('Ctrl Pts',(-62.7692749159193,-62.212303230961,-5.55111512312578E-16));
#6498=CARTESIAN_POINT('Ctrl Pts',(-62.6696647264466,-62.2807349530938,-5.55111512312578E-16));
#6499=CARTESIAN_POINT('Ctrl Pts',(-62.570054536974,-62.3491666752267,-5.55111512312578E-16));
#6500=CARTESIAN_POINT('Ctrl Pts',(-62.4811757368233,-62.3941103938173,-5.55111512312578E-16));
#6501=CARTESIAN_POINT('Ctrl Pts',(-62.382684188967,-62.4265006170045,-5.55111512312578E-16));
#6502=CARTESIAN_POINT('Ctrl Pts',(-62.2841926411108,-62.4588908401916,-5.55111512312578E-16));
#6503=CARTESIAN_POINT('Ctrl Pts',(-62.1760883455488,-62.4787275679754,-5.55111512312578E-16));
#6504=CARTESIAN_POINT('Ctrl Pts',(-62.0046406213377,-62.4903860630734,-5.55111512312578E-16));
#6505=CARTESIAN_POINT('Ctrl Pts',(-61.9189167592322,-62.4962153106224,-5.55111512312578E-16));
#6506=CARTESIAN_POINT('Ctrl Pts',(-61.8173570399643,-62.5,-5.55111512312579E-16));
#6507=CARTESIAN_POINT('Ctrl Pts',(-61.6715728752538,-62.5,-5.55111512312578E-16));
#6508=CARTESIAN_POINT('',(-66.9142135623732,-58.0857864376269,0.));
#6509=CARTESIAN_POINT('',(-63.7499999999998,-61.2500000000002,0.));
#6510=CARTESIAN_POINT('',(-67.5000000000001,-56.6715728752538,0.));
#6511=CARTESIAN_POINT('Ctrl Pts',(-67.5000000000001,-56.6715728752538,-2.22044604925031E-15));
#6512=CARTESIAN_POINT('Ctrl Pts',(-67.5000000000001,-56.8173570399643,-2.22044604925031E-15));
#6513=CARTESIAN_POINT('Ctrl Pts',(-67.4962153106225,-56.9189167592322,-2.22044604925031E-15));
#6514=CARTESIAN_POINT('Ctrl Pts',(-67.4903860630735,-57.0046406213377,-2.22044604925031E-15));
#6515=CARTESIAN_POINT('Ctrl Pts',(-67.4787275679755,-57.1760883455488,-2.22044604925031E-15));
#6516=CARTESIAN_POINT('Ctrl Pts',(-67.4588908401917,-57.2841926411108,-2.22044604925031E-15));
#6517=CARTESIAN_POINT('Ctrl Pts',(-67.4265006170045,-57.3826841889671,-2.22044604925031E-15));
#6518=CARTESIAN_POINT('Ctrl Pts',(-67.3941103938173,-57.4811757368233,-2.22044604925031E-15));
#6519=CARTESIAN_POINT('Ctrl Pts',(-67.3491666752267,-57.570054536974,-2.22044604925031E-15));
#6520=CARTESIAN_POINT('Ctrl Pts',(-67.2807349530939,-57.6696647264466,-2.22044604925031E-15));
#6521=CARTESIAN_POINT('Ctrl Pts',(-67.2123032309611,-57.7692749159193,-2.22044604925031E-15));
#6522=CARTESIAN_POINT('Ctrl Pts',(-67.120383505286,-57.8796164947141,-2.22044604925031E-15));
#6523=CARTESIAN_POINT('Ctrl Pts',(-66.9142135623732,-58.0857864376269,-2.22044604925031E-15));
#6524=CARTESIAN_POINT('',(-67.5000000000005,-31.3254833995949,0.));
#6525=CARTESIAN_POINT('',(-67.5000000000005,-30.0000000000012,0.));
#6526=CARTESIAN_POINT('',(-68.4372583002033,-29.0627416997982,0.));
#6527=CARTESIAN_POINT('Origin',(-70.7000000000005,-31.325483399595,0.));
#6528=CARTESIAN_POINT('',(-70.5000000000003,-27.0000000000009,0.));
#6529=CARTESIAN_POINT('',(-48.7500000000008,18.5,0.));
#6530=CARTESIAN_POINT('Origin',(-47.5000000000008,18.5,0.));
#6531=CARTESIAN_POINT('',(46.250000000001,-3.50000000000004,0.));
#6532=CARTESIAN_POINT('Origin',(47.500000000001,-3.50000000000004,0.));
#6533=CARTESIAN_POINT('',(-48.750000000001,-3.5,0.));
#6534=CARTESIAN_POINT('Origin',(-47.500000000001,-3.5,0.));
#6535=CARTESIAN_POINT('',(8.75,57.,0.));
#6536=CARTESIAN_POINT('Origin',(7.5,57.,0.));
#6537=CARTESIAN_POINT('',(-6.2500000000003,-57.,0.));
#6538=CARTESIAN_POINT('Origin',(-7.5000000000003,-57.,0.));
#6539=CARTESIAN_POINT('',(-6.25,57.,0.));
#6540=CARTESIAN_POINT('Origin',(-7.5,57.,0.));
#6541=CARTESIAN_POINT('',(8.7499999999997,-57.,0.));
#6542=CARTESIAN_POINT('Origin',(7.4999999999997,-57.,0.));
#6543=CARTESIAN_POINT('',(-51.7500000000003,-29.,0.));
#6544=CARTESIAN_POINT('Origin',(-53.0000000000003,-29.,0.));
#6545=CARTESIAN_POINT('',(-23.7500000000003,-57.,0.));
#6546=CARTESIAN_POINT('Origin',(-25.0000000000003,-57.,0.));
#6547=CARTESIAN_POINT('',(-51.7500000000003,-57.,0.));
#6548=CARTESIAN_POINT('Origin',(-53.0000000000003,-57.,0.));
#6549=CARTESIAN_POINT('',(-23.7500000000003,-29.,0.));
#6550=CARTESIAN_POINT('Origin',(-25.0000000000003,-29.,0.));
#6551=CARTESIAN_POINT('',(-23.7500000000003,57.,0.));
#6552=CARTESIAN_POINT('Origin',(-25.0000000000003,57.,0.));
#6553=CARTESIAN_POINT('',(-23.7500000000003,29.,0.));
#6554=CARTESIAN_POINT('Origin',(-25.0000000000003,29.,0.));
#6555=CARTESIAN_POINT('',(-51.7500000000003,57.,0.));
#6556=CARTESIAN_POINT('Origin',(-53.0000000000003,57.,0.));
#6557=CARTESIAN_POINT('',(-51.7500000000003,29.,0.));
#6558=CARTESIAN_POINT('Origin',(-53.0000000000003,29.,0.));
#6559=CARTESIAN_POINT('',(57.25,13.8,0.));
#6560=CARTESIAN_POINT('Origin',(58.5,13.8,0.));
#6561=CARTESIAN_POINT('',(-59.7500000000001,13.8,0.));
#6562=CARTESIAN_POINT('Origin',(-58.5000000000001,13.8,0.));
#6563=CARTESIAN_POINT('',(-59.75,-13.8,0.));
#6564=CARTESIAN_POINT('Origin',(-58.5,-13.8,0.));
#6565=CARTESIAN_POINT('',(57.25,-13.8,0.));
#6566=CARTESIAN_POINT('Origin',(58.5,-13.8,0.));
#6567=CARTESIAN_POINT('',(23.7500000000003,29.,0.));
#6568=CARTESIAN_POINT('Origin',(25.0000000000003,29.,0.));
#6569=CARTESIAN_POINT('',(51.7500000000003,57.,0.));
#6570=CARTESIAN_POINT('Origin',(53.0000000000003,57.,0.));
#6571=CARTESIAN_POINT('',(23.7500000000003,57.,0.));
#6572=CARTESIAN_POINT('Origin',(25.0000000000003,57.,0.));
#6573=CARTESIAN_POINT('',(51.7500000000003,29.,0.));
#6574=CARTESIAN_POINT('Origin',(53.0000000000003,29.,0.));
#6575=CARTESIAN_POINT('',(23.7500000000003,-29.,0.));
#6576=CARTESIAN_POINT('Origin',(25.0000000000003,-29.,0.));
#6577=CARTESIAN_POINT('',(51.7500000000003,-57.,0.));
#6578=CARTESIAN_POINT('Origin',(53.0000000000003,-57.,0.));
#6579=CARTESIAN_POINT('',(23.7500000000003,-57.,0.));
#6580=CARTESIAN_POINT('Origin',(25.0000000000003,-57.,0.));
#6581=CARTESIAN_POINT('',(51.7500000000003,-29.,0.));
#6582=CARTESIAN_POINT('Origin',(53.0000000000003,-29.,0.));
#6583=CARTESIAN_POINT('',(41.5000000000017,-52.,0.));
#6584=CARTESIAN_POINT('',(53.5000000000017,-52.0000000000001,0.));
#6585=CARTESIAN_POINT('',(19.7500000000007,-51.9999999999999,0.));
#6586=CARTESIAN_POINT('',(55.5000000000017,-50.0000000000001,0.));
#6587=CARTESIAN_POINT('Origin',(53.5000000000017,-50.0000000000001,0.));
#6588=CARTESIAN_POINT('',(55.5000000000017,-45.8000000000001,0.));
#6589=CARTESIAN_POINT('',(55.5000000000017,-26.,0.));
#6590=CARTESIAN_POINT('',(53.5000000000017,-43.8000000000001,0.));
#6591=CARTESIAN_POINT('Origin',(53.5000000000017,-45.8000000000001,0.));
#6592=CARTESIAN_POINT('',(41.5000000000017,-43.8,0.));
#6593=CARTESIAN_POINT('',(27.7500000000008,-43.8,0.));
#6594=CARTESIAN_POINT('',(39.5000000000017,-45.8,0.));
#6595=CARTESIAN_POINT('Origin',(41.5000000000017,-45.8,0.));
#6596=CARTESIAN_POINT('',(39.5000000000017,-50.,0.));
#6597=CARTESIAN_POINT('',(39.5000000000017,-21.9,0.));
#6598=CARTESIAN_POINT('Origin',(41.5000000000017,-50.,0.));
#6599=CARTESIAN_POINT('',(-55.5000000000018,-45.8,0.));
#6600=CARTESIAN_POINT('',(-55.5000000000018,-50.,0.));
#6601=CARTESIAN_POINT('',(-55.5000000000018,-21.9,0.));
#6602=CARTESIAN_POINT('',(-53.5000000000018,-52.,0.));
#6603=CARTESIAN_POINT('Origin',(-53.5000000000018,-50.,0.));
#6604=CARTESIAN_POINT('',(-41.5000000000017,-52.,0.));
#6605=CARTESIAN_POINT('',(-27.7500000000009,-52.,0.));
#6606=CARTESIAN_POINT('',(-39.5000000000017,-50.,0.));
#6607=CARTESIAN_POINT('Origin',(-41.5000000000017,-50.,0.));
#6608=CARTESIAN_POINT('',(-39.5000000000017,-45.8,0.));
#6609=CARTESIAN_POINT('',(-39.5000000000017,-26.,0.));
#6610=CARTESIAN_POINT('',(-41.5000000000017,-43.8,0.));
#6611=CARTESIAN_POINT('Origin',(-41.5000000000017,-45.8,0.));
#6612=CARTESIAN_POINT('',(-53.5000000000018,-43.8,0.));
#6613=CARTESIAN_POINT('',(-19.7500000000009,-43.8,0.));
#6614=CARTESIAN_POINT('Origin',(-53.5000000000018,-45.8,0.));
#6615=CARTESIAN_POINT('',(55.0000000000009,2.99999999999996,0.));
#6616=CARTESIAN_POINT('',(55.0000000000009,12.,0.));
#6617=CARTESIAN_POINT('',(55.0000000000009,0.499999999999943,0.));
#6618=CARTESIAN_POINT('',(53.0000000000009,14.,0.));
#6619=CARTESIAN_POINT('Origin',(53.0000000000009,12.,0.));
#6620=CARTESIAN_POINT('',(42.0000000000009,14.,0.));
#6621=CARTESIAN_POINT('',(27.5000000000004,14.,0.));
#6622=CARTESIAN_POINT('',(40.0000000000009,12.,0.));
#6623=CARTESIAN_POINT('Origin',(42.0000000000009,12.,0.));
#6624=CARTESIAN_POINT('',(40.0000000000009,2.99999999999997,0.));
#6625=CARTESIAN_POINT('',(40.0000000000009,6.99999999999996,0.));
#6626=CARTESIAN_POINT('',(42.0000000000009,0.999999999999969,0.));
#6627=CARTESIAN_POINT('Origin',(42.0000000000009,2.99999999999997,0.));
#6628=CARTESIAN_POINT('',(53.0000000000009,0.999999999999962,0.));
#6629=CARTESIAN_POINT('',(20.0000000000004,0.999999999999982,0.));
#6630=CARTESIAN_POINT('Origin',(53.0000000000009,2.99999999999996,0.));
#6631=CARTESIAN_POINT('',(-55.0000000000009,12.,0.));
#6632=CARTESIAN_POINT('',(-55.0000000000009,3.,0.));
#6633=CARTESIAN_POINT('',(-55.0000000000009,7.,0.));
#6634=CARTESIAN_POINT('',(-53.0000000000009,1.,0.));
#6635=CARTESIAN_POINT('Origin',(-53.0000000000009,3.,0.));
#6636=CARTESIAN_POINT('',(-42.0000000000009,1.,0.));
#6637=CARTESIAN_POINT('',(-27.5000000000005,1.,0.));
#6638=CARTESIAN_POINT('',(-40.0000000000009,3.,0.));
#6639=CARTESIAN_POINT('Origin',(-42.0000000000009,3.,0.));
#6640=CARTESIAN_POINT('',(-40.0000000000009,12.,0.));
#6641=CARTESIAN_POINT('',(-40.0000000000009,0.500000000000002,0.));
#6642=CARTESIAN_POINT('',(-42.0000000000009,14.,0.));
#6643=CARTESIAN_POINT('Origin',(-42.0000000000009,12.,0.));
#6644=CARTESIAN_POINT('',(-53.0000000000009,14.,0.));
#6645=CARTESIAN_POINT('',(-20.0000000000005,14.,0.));
#6646=CARTESIAN_POINT('Origin',(-53.0000000000009,12.,0.));
#6647=CARTESIAN_POINT('Origin',(-47.500000000001,-3.5,0.));
#6648=CARTESIAN_POINT('',(-48.750000000001,-3.5,0.));
#6649=CARTESIAN_POINT('Origin',(47.500000000001,-3.50000000000004,0.));
#6650=CARTESIAN_POINT('',(46.250000000001,-3.50000000000004,0.));
#6651=CARTESIAN_POINT('Origin',(-47.5000000000008,18.5,0.));
#6652=CARTESIAN_POINT('',(-48.7500000000008,18.5,0.));
#6653=CARTESIAN_POINT('Origin',(-53.0000000000009,12.,0.));
#6654=CARTESIAN_POINT('',(-53.0000000000009,14.,0.));
#6655=CARTESIAN_POINT('',(-55.0000000000009,12.,0.));
#6656=CARTESIAN_POINT('Origin',(-40.0000000000009,14.,0.));
#6657=CARTESIAN_POINT('',(-42.0000000000009,14.,0.));
#6658=CARTESIAN_POINT('Origin',(-42.0000000000009,12.,0.));
#6659=CARTESIAN_POINT('',(-40.0000000000009,12.,0.));
#6660=CARTESIAN_POINT('Origin',(-40.0000000000009,1.,0.));
#6661=CARTESIAN_POINT('',(-40.0000000000009,3.,0.));
#6662=CARTESIAN_POINT('Origin',(-42.0000000000009,3.,0.));
#6663=CARTESIAN_POINT('',(-42.0000000000009,1.,0.));
#6664=CARTESIAN_POINT('Origin',(-55.0000000000009,1.,0.));
#6665=CARTESIAN_POINT('',(-53.0000000000009,1.,0.));
#6666=CARTESIAN_POINT('Origin',(-53.0000000000009,3.,0.));
#6667=CARTESIAN_POINT('',(-55.0000000000009,3.,0.));
#6668=CARTESIAN_POINT('Origin',(-55.0000000000009,14.,0.));
#6669=CARTESIAN_POINT('Origin',(42.0000000000009,2.99999999999997,0.));
#6670=CARTESIAN_POINT('',(40.0000000000009,2.99999999999997,0.));
#6671=CARTESIAN_POINT('',(42.0000000000009,0.999999999999969,0.));
#6672=CARTESIAN_POINT('Origin',(40.0000000000009,14.,0.));
#6673=CARTESIAN_POINT('',(40.0000000000009,12.,0.));
#6674=CARTESIAN_POINT('Origin',(42.0000000000009,12.,0.));
#6675=CARTESIAN_POINT('',(42.0000000000009,14.,0.));
#6676=CARTESIAN_POINT('Origin',(55.0000000000009,14.,0.));
#6677=CARTESIAN_POINT('',(53.0000000000009,14.,0.));
#6678=CARTESIAN_POINT('Origin',(53.0000000000009,12.,0.));
#6679=CARTESIAN_POINT('',(55.0000000000009,12.,0.));
#6680=CARTESIAN_POINT('Origin',(55.0000000000009,0.999999999999961,0.));
#6681=CARTESIAN_POINT('',(55.0000000000009,2.99999999999996,0.));
#6682=CARTESIAN_POINT('Origin',(53.0000000000009,2.99999999999996,0.));
#6683=CARTESIAN_POINT('',(53.0000000000009,0.999999999999962,0.));
#6684=CARTESIAN_POINT('Origin',(40.0000000000009,0.99999999999997,0.));
#6685=CARTESIAN_POINT('Origin',(53.5000000000017,-45.8000000000001,0.));
#6686=CARTESIAN_POINT('',(55.5000000000017,-45.8000000000001,0.));
#6687=CARTESIAN_POINT('',(53.5000000000017,-43.8000000000001,0.));
#6688=CARTESIAN_POINT('Origin',(55.5000000000017,-52.0000000000001,0.));
#6689=CARTESIAN_POINT('',(55.5000000000017,-50.0000000000001,0.));
#6690=CARTESIAN_POINT('Origin',(53.5000000000017,-50.0000000000001,0.));
#6691=CARTESIAN_POINT('',(53.5000000000017,-52.0000000000001,0.));
#6692=CARTESIAN_POINT('Origin',(39.5000000000017,-52.,0.));
#6693=CARTESIAN_POINT('',(41.5000000000017,-52.,0.));
#6694=CARTESIAN_POINT('Origin',(41.5000000000017,-50.,0.));
#6695=CARTESIAN_POINT('',(39.5000000000017,-50.,0.));
#6696=CARTESIAN_POINT('Origin',(39.5000000000017,-43.8,0.));
#6697=CARTESIAN_POINT('',(39.5000000000017,-45.8,0.));
#6698=CARTESIAN_POINT('Origin',(41.5000000000017,-45.8,0.));
#6699=CARTESIAN_POINT('',(41.5000000000017,-43.8,0.));
#6700=CARTESIAN_POINT('Origin',(55.5000000000017,-43.8000000000001,0.));
#6701=CARTESIAN_POINT('Origin',(-53.5000000000018,-45.8,0.));
#6702=CARTESIAN_POINT('',(-53.5000000000018,-43.8,0.));
#6703=CARTESIAN_POINT('',(-55.5000000000018,-45.8,0.));
#6704=CARTESIAN_POINT('Origin',(-39.5000000000017,-43.8,0.));
#6705=CARTESIAN_POINT('',(-41.5000000000017,-43.8,0.));
#6706=CARTESIAN_POINT('Origin',(-41.5000000000017,-45.8,0.));
#6707=CARTESIAN_POINT('',(-39.5000000000017,-45.8,0.));
#6708=CARTESIAN_POINT('Origin',(-39.5000000000017,-52.,0.));
#6709=CARTESIAN_POINT('',(-39.5000000000017,-50.,0.));
#6710=CARTESIAN_POINT('Origin',(-41.5000000000017,-50.,0.));
#6711=CARTESIAN_POINT('',(-41.5000000000017,-52.,0.));
#6712=CARTESIAN_POINT('Origin',(-55.5000000000018,-52.,0.));
#6713=CARTESIAN_POINT('',(-53.5000000000018,-52.,0.));
#6714=CARTESIAN_POINT('Origin',(-53.5000000000018,-50.,0.));
#6715=CARTESIAN_POINT('',(-55.5000000000018,-50.,0.));
#6716=CARTESIAN_POINT('Origin',(-55.5000000000018,-43.8,0.));
#6717=CARTESIAN_POINT('Origin',(7.4999999999997,-57.,1.5));
#6718=CARTESIAN_POINT('',(8.7499999999997,-57.,1.5));
#6719=CARTESIAN_POINT('Origin',(-7.5000000000003,-57.,1.5));
#6720=CARTESIAN_POINT('',(-6.2500000000003,-57.,1.5));
#6721=CARTESIAN_POINT('Origin',(60.5531962568464,-61.,12.));
#6722=CARTESIAN_POINT('',(-60.5531962568465,-61.,12.));
#6723=CARTESIAN_POINT('',(-60.5531962568465,-61.,12.));
#6724=CARTESIAN_POINT('',(30.2765981284232,-61.,12.));
#6725=CARTESIAN_POINT('',(49.7765981284234,-61.,7.5));
#6726=CARTESIAN_POINT('',(49.7765981284234,-61.,7.5));
#6727=CARTESIAN_POINT('',(-18.8000000000003,-61.,7.5));
#6728=CARTESIAN_POINT('',(-18.8000000000003,-61.,1.5));
#6729=CARTESIAN_POINT('',(-31.2000000000003,-61.,7.5));
#6730=CARTESIAN_POINT('',(10.7765981284231,-61.,7.5));
#6731=CARTESIAN_POINT('',(-31.2000000000003,-61.,1.5));
#6732=CARTESIAN_POINT('',(-46.8000000000003,-61.,7.5));
#6733=CARTESIAN_POINT('',(-46.8000000000003,-61.,1.5));
#6734=CARTESIAN_POINT('',(-59.2000000000003,-61.,7.5));
#6735=CARTESIAN_POINT('',(10.7765981284231,-61.,7.5));
#6736=CARTESIAN_POINT('',(-59.2000000000003,-61.,1.5));
#6737=CARTESIAN_POINT('Origin',(-7.5,57.,1.5));
#6738=CARTESIAN_POINT('',(-6.25,57.,1.5));
#6739=CARTESIAN_POINT('Origin',(7.5,57.,1.5));
#6740=CARTESIAN_POINT('',(8.75,57.,1.5));
#6741=CARTESIAN_POINT('Origin',(67.8088235294119,2.75335310107039E-13,11.));
#6742=CARTESIAN_POINT('',(68.0627416997972,27.3159379566443,11.));
#6743=CARTESIAN_POINT('',(74.3094389293878,21.069240727061,11.));
#6744=CARTESIAN_POINT('',(68.0627416997967,-27.3159379566453,11.));
#6745=CARTESIAN_POINT('',(74.8282466463618,-20.5504330100793,11.));
#6746=CARTESIAN_POINT('',(69.,-25.053196256848,11.));
#6747=CARTESIAN_POINT('Origin',(65.8,-25.0531962568473,11.));
#6748=CARTESIAN_POINT('',(69.,25.0531962568477,11.));
#6749=CARTESIAN_POINT('',(69.,12.5265981284244,11.));
#6750=CARTESIAN_POINT('Origin',(65.8,25.0531962568485,11.));
#6751=CARTESIAN_POINT('Origin',(68.062741699797,-27.3159379566442,12.));
#6752=CARTESIAN_POINT('',(68.062741699797,-27.3159379566442,12.));
#6753=CARTESIAN_POINT('',(57.8760407640089,-37.5026388924324,12.));
#6754=CARTESIAN_POINT('',(68.062741699797,-27.3159379566442,12.));
#6755=CARTESIAN_POINT('Origin',(-62.5,26.0066017442515,1.5));
#6756=CARTESIAN_POINT('',(-66.6176470588237,28.8429696151315,11.));
#6757=CARTESIAN_POINT('',(-66.6176470588237,28.8429696151315,1.5));
#6758=CARTESIAN_POINT('',(-67.5,26.0066017442515,11.));
#6759=CARTESIAN_POINT('Origin',(-62.5,26.0066017442515,11.));
#6760=CARTESIAN_POINT('',(-67.5,26.0066017442515,1.5));
#6761=CARTESIAN_POINT('Origin',(-67.5,-26.0066017442509,1.5));
#6762=CARTESIAN_POINT('',(-67.5,-26.0066017442509,11.));
#6763=CARTESIAN_POINT('',(-67.5,26.0066017442515,11.));
#6764=CARTESIAN_POINT('',(-67.5,-26.0066017442509,1.5));
#6765=CARTESIAN_POINT('Origin',(-62.5,-26.0066017442509,1.5));
#6766=CARTESIAN_POINT('',(-66.6176470588237,-28.8429696151309,11.));
#6767=CARTESIAN_POINT('Origin',(-62.5,-26.0066017442509,11.));
#6768=CARTESIAN_POINT('',(-66.6176470588239,-28.8429696151307,1.5));
#6769=CARTESIAN_POINT('Origin',(-67.8088235294119,2.75335310107039E-13,
11.));
#6770=CARTESIAN_POINT('',(-68.0627416997972,27.3159379566443,11.));
#6771=CARTESIAN_POINT('',(-67.0251262658471,28.3535533905949,11.));
#6772=CARTESIAN_POINT('',(-74.8282466463619,20.5504330100771,11.));
#6773=CARTESIAN_POINT('',(-69.,25.0531962568477,11.));
#6774=CARTESIAN_POINT('Origin',(-65.8,25.0531962568477,11.));
#6775=CARTESIAN_POINT('',(-69.,-25.053196256848,11.));
#6776=CARTESIAN_POINT('',(-69.,-12.5265981284239,11.));
#6777=CARTESIAN_POINT('',(-68.0627416997967,-27.3159379566453,11.));
#6778=CARTESIAN_POINT('Origin',(-65.8,-25.053196256848,11.));
#6779=CARTESIAN_POINT('',(-67.0251262658479,-28.3535533905933,11.));
#6780=CARTESIAN_POINT('',(-74.3094389293874,-21.069240727059,11.));
#6781=CARTESIAN_POINT('Origin',(-69.5000000000005,-30.8284271247465,11.));
#6782=CARTESIAN_POINT('Origin',(-69.5000000000003,30.8284271247475,11.));
#6783=CARTESIAN_POINT('Origin',(-67.0251262658479,-28.3535533905933,12.));
#6784=CARTESIAN_POINT('',(-68.0627416997967,-27.3159379566453,12.));
#6785=CARTESIAN_POINT('',(-68.0627416997967,-27.3159379566453,12.));
#6786=CARTESIAN_POINT('',(-67.0251262658479,-28.3535533905933,12.));
#6787=CARTESIAN_POINT('',(-57.3572330470222,-38.021446609412,12.));
#6788=CARTESIAN_POINT('',(-67.0251262658479,-28.3535533905933,12.));
#6789=CARTESIAN_POINT('Origin',(-65.8,-25.053196256848,12.));
#6790=CARTESIAN_POINT('',(-69.,-25.053196256848,12.));
#6791=CARTESIAN_POINT('',(-69.,-25.053196256848,12.));
#6792=CARTESIAN_POINT('Origin',(-65.8,-25.053196256848,12.));
#6793=CARTESIAN_POINT('Origin',(-69.,-25.053196256848,12.));
#6794=CARTESIAN_POINT('',(-69.,25.0531962568477,12.));
#6795=CARTESIAN_POINT('',(-69.,25.0531962568477,12.));
#6796=CARTESIAN_POINT('',(-69.,-12.526598128424,12.));
#6797=CARTESIAN_POINT('Origin',(-65.8,25.0531962568477,12.));
#6798=CARTESIAN_POINT('',(-68.0627416997972,27.3159379566443,12.));
#6799=CARTESIAN_POINT('',(-68.0627416997972,27.3159379566443,12.));
#6800=CARTESIAN_POINT('Origin',(-65.8,25.0531962568477,12.));
#6801=CARTESIAN_POINT('Origin',(-68.0627416997972,27.3159379566443,12.));
#6802=CARTESIAN_POINT('',(-67.0251262658471,28.3535533905949,12.));
#6803=CARTESIAN_POINT('',(-67.0251262658471,28.3535533905949,12.));
#6804=CARTESIAN_POINT('',(-57.8760407640154,37.50263889243,12.));
#6805=CARTESIAN_POINT('Origin',(-69.5000000000003,30.8284271247475,12.));
#6806=CARTESIAN_POINT('',(-66.0000000000003,30.8284271247475,12.));
#6807=CARTESIAN_POINT('',(-66.0000000000003,30.8284271247475,12.));
#6808=CARTESIAN_POINT('Origin',(-69.5000000000003,30.8284271247475,12.));
#6809=CARTESIAN_POINT('Origin',(53.0000000000003,-29.,7.5));
#6810=CARTESIAN_POINT('',(51.7500000000003,-29.,7.5));
#6811=CARTESIAN_POINT('Origin',(53.0000000000003,-29.,7.5));
#6812=CARTESIAN_POINT('',(51.7500000000003,-29.,7.5));
#6813=CARTESIAN_POINT('Origin',(25.0000000000003,-57.,7.5));
#6814=CARTESIAN_POINT('',(23.7500000000003,-57.,7.5));
#6815=CARTESIAN_POINT('Origin',(25.0000000000003,-57.,7.5));
#6816=CARTESIAN_POINT('',(23.7500000000003,-57.,7.5));
#6817=CARTESIAN_POINT('Origin',(53.0000000000003,-57.,7.5));
#6818=CARTESIAN_POINT('',(51.7500000000003,-57.,7.5));
#6819=CARTESIAN_POINT('Origin',(53.0000000000003,-57.,7.5));
#6820=CARTESIAN_POINT('',(51.7500000000003,-57.,7.5));
#6821=CARTESIAN_POINT('Origin',(25.0000000000003,-29.,7.5));
#6822=CARTESIAN_POINT('',(23.7500000000003,-29.,7.5));
#6823=CARTESIAN_POINT('Origin',(25.0000000000003,-29.,7.5));
#6824=CARTESIAN_POINT('',(23.7500000000003,-29.,7.5));
#6825=CARTESIAN_POINT('Origin',(25.0000000000003,-29.,1.5));
#6826=CARTESIAN_POINT('',(22.0000000000003,-29.,7.5));
#6827=CARTESIAN_POINT('Origin',(25.0000000000003,-29.,7.5));
#6828=CARTESIAN_POINT('',(22.0000000000003,-29.,1.5));
#6829=CARTESIAN_POINT('Origin',(39.0000000000003,-43.5,7.5));
#6830=CARTESIAN_POINT('Origin',(39.0000000000003,-43.5,7.5));
#6831=CARTESIAN_POINT('Origin',(53.0000000000003,-29.,1.5));
#6832=CARTESIAN_POINT('',(50.0000000000003,-29.,7.5));
#6833=CARTESIAN_POINT('Origin',(53.0000000000003,-29.,7.5));
#6834=CARTESIAN_POINT('',(50.0000000000003,-29.,1.5));
#6835=CARTESIAN_POINT('Origin',(39.0000000000003,-43.5,7.5));
#6836=CARTESIAN_POINT('Origin',(39.0000000000003,-43.5,7.5));
#6837=CARTESIAN_POINT('Origin',(-53.0000000000003,-29.,7.5));
#6838=CARTESIAN_POINT('',(-51.7500000000003,-29.,7.5));
#6839=CARTESIAN_POINT('Origin',(-53.0000000000003,-29.,7.5));
#6840=CARTESIAN_POINT('',(-51.7500000000003,-29.,7.5));
#6841=CARTESIAN_POINT('Origin',(-25.0000000000003,-57.,7.5));
#6842=CARTESIAN_POINT('',(-23.7500000000003,-57.,7.5));
#6843=CARTESIAN_POINT('Origin',(-25.0000000000003,-57.,7.5));
#6844=CARTESIAN_POINT('',(-23.7500000000003,-57.,7.5));
#6845=CARTESIAN_POINT('Origin',(-53.0000000000003,-57.,7.5));
#6846=CARTESIAN_POINT('',(-51.7500000000003,-57.,7.5));
#6847=CARTESIAN_POINT('Origin',(-53.0000000000003,-57.,7.5));
#6848=CARTESIAN_POINT('',(-51.7500000000003,-57.,7.5));
#6849=CARTESIAN_POINT('Origin',(-25.0000000000003,-29.,7.5));
#6850=CARTESIAN_POINT('',(-23.7500000000003,-29.,7.5));
#6851=CARTESIAN_POINT('Origin',(-25.0000000000003,-29.,7.5));
#6852=CARTESIAN_POINT('',(-23.7500000000003,-29.,7.5));
#6853=CARTESIAN_POINT('Origin',(-25.0000000000003,-29.,1.5));
#6854=CARTESIAN_POINT('',(-22.0000000000003,-29.,7.5));
#6855=CARTESIAN_POINT('Origin',(-25.0000000000003,-29.,7.5));
#6856=CARTESIAN_POINT('',(-22.0000000000003,-29.,1.5));
#6857=CARTESIAN_POINT('Origin',(-39.0000000000003,-43.5,7.5));
#6858=CARTESIAN_POINT('Origin',(-53.0000000000003,-57.,1.5));
#6859=CARTESIAN_POINT('',(-56.0000000000003,-57.,7.5));
#6860=CARTESIAN_POINT('',(-56.0000000000003,-57.,1.5));
#6861=CARTESIAN_POINT('',(-50.0000000000003,-57.,7.5));
#6862=CARTESIAN_POINT('Origin',(-53.0000000000003,-57.,7.5));
#6863=CARTESIAN_POINT('',(-50.0000000000003,-57.,1.5));
#6864=CARTESIAN_POINT('Origin',(-56.0000000000003,-57.8,1.5));
#6865=CARTESIAN_POINT('',(-56.0000000000003,-57.8,7.5));
#6866=CARTESIAN_POINT('',(-56.0000000000003,-57.8,1.5));
#6867=CARTESIAN_POINT('',(-56.0000000000003,-50.65,7.5));
#6868=CARTESIAN_POINT('Origin',(-59.2000000000003,-57.8,1.5));
#6869=CARTESIAN_POINT('Origin',(-59.2000000000003,-57.8,7.5));
#6870=CARTESIAN_POINT('Origin',(-46.8000000000003,-57.8,1.5));
#6871=CARTESIAN_POINT('',(-50.0000000000003,-57.8,7.5));
#6872=CARTESIAN_POINT('',(-50.0000000000003,-57.8,1.5));
#6873=CARTESIAN_POINT('Origin',(-46.8000000000003,-57.8,7.5));
#6874=CARTESIAN_POINT('Origin',(-50.0000000000003,-57.,1.5));
#6875=CARTESIAN_POINT('',(-50.0000000000003,-50.25,7.5));
#6876=CARTESIAN_POINT('Origin',(-39.0000000000003,-43.5,7.5));
#6877=CARTESIAN_POINT('Origin',(-53.0000000000003,-29.,1.5));
#6878=CARTESIAN_POINT('',(-50.0000000000003,-29.,7.5));
#6879=CARTESIAN_POINT('Origin',(-53.0000000000003,-29.,7.5));
#6880=CARTESIAN_POINT('',(-50.0000000000003,-29.,1.5));
#6881=CARTESIAN_POINT('Origin',(-39.0000000000003,-43.5,7.5));
#6882=CARTESIAN_POINT('Origin',(-25.0000000000003,-57.,1.5));
#6883=CARTESIAN_POINT('',(-28.0000000000003,-57.,7.5));
#6884=CARTESIAN_POINT('',(-28.0000000000003,-57.,1.5));
#6885=CARTESIAN_POINT('',(-22.0000000000003,-57.,7.5));
#6886=CARTESIAN_POINT('Origin',(-25.0000000000003,-57.,7.5));
#6887=CARTESIAN_POINT('',(-22.0000000000003,-57.,1.5));
#6888=CARTESIAN_POINT('Origin',(-28.0000000000003,-57.8,1.5));
#6889=CARTESIAN_POINT('',(-28.0000000000003,-57.8,7.5));
#6890=CARTESIAN_POINT('',(-28.0000000000003,-57.8,1.5));
#6891=CARTESIAN_POINT('',(-28.0000000000003,-50.65,7.5));
#6892=CARTESIAN_POINT('Origin',(-31.2000000000003,-57.8,1.5));
#6893=CARTESIAN_POINT('Origin',(-31.2000000000003,-57.8,7.5));
#6894=CARTESIAN_POINT('Origin',(-18.8000000000003,-57.8,1.5));
#6895=CARTESIAN_POINT('',(-22.0000000000003,-57.8,7.5));
#6896=CARTESIAN_POINT('',(-22.0000000000003,-57.8,1.5));
#6897=CARTESIAN_POINT('Origin',(-18.8000000000003,-57.8,7.5));
#6898=CARTESIAN_POINT('Origin',(-22.0000000000003,-57.,1.5));
#6899=CARTESIAN_POINT('',(-22.0000000000003,-50.25,7.5));
#6900=CARTESIAN_POINT('Origin',(-39.0000000000003,-43.5,7.5));
#6901=CARTESIAN_POINT('Origin',(53.0000000000003,29.,7.5));
#6902=CARTESIAN_POINT('',(51.7500000000003,29.,7.5));
#6903=CARTESIAN_POINT('Origin',(53.0000000000003,29.,7.5));
#6904=CARTESIAN_POINT('',(51.7500000000003,29.,7.5));
#6905=CARTESIAN_POINT('Origin',(25.0000000000003,57.,7.5));
#6906=CARTESIAN_POINT('',(23.7500000000003,57.,7.5));
#6907=CARTESIAN_POINT('Origin',(25.0000000000003,57.,7.5));
#6908=CARTESIAN_POINT('',(23.7500000000003,57.,7.5));
#6909=CARTESIAN_POINT('Origin',(53.0000000000003,57.,7.5));
#6910=CARTESIAN_POINT('',(51.7500000000003,57.,7.5));
#6911=CARTESIAN_POINT('Origin',(53.0000000000003,57.,7.5));
#6912=CARTESIAN_POINT('',(51.7500000000003,57.,7.5));
#6913=CARTESIAN_POINT('Origin',(25.0000000000003,29.,7.5));
#6914=CARTESIAN_POINT('',(23.7500000000003,29.,7.5));
#6915=CARTESIAN_POINT('Origin',(25.0000000000003,29.,7.5));
#6916=CARTESIAN_POINT('',(23.7500000000003,29.,7.5));
#6917=CARTESIAN_POINT('Origin',(25.0000000000003,29.,1.5));
#6918=CARTESIAN_POINT('',(22.0000000000003,29.,7.5));
#6919=CARTESIAN_POINT('Origin',(25.0000000000003,29.,7.5));
#6920=CARTESIAN_POINT('',(22.0000000000003,29.,1.5));
#6921=CARTESIAN_POINT('Origin',(39.0000000000003,43.5,7.5));
#6922=CARTESIAN_POINT('Origin',(39.0000000000003,43.5,7.5));
#6923=CARTESIAN_POINT('',(-10.7765981284232,61.,7.5));
#6924=CARTESIAN_POINT('Origin',(53.0000000000003,29.,1.5));
#6925=CARTESIAN_POINT('',(50.0000000000003,29.,7.5));
#6926=CARTESIAN_POINT('Origin',(53.0000000000003,29.,7.5));
#6927=CARTESIAN_POINT('',(50.0000000000003,29.,1.5));
#6928=CARTESIAN_POINT('Origin',(39.0000000000003,43.5,7.5));
#6929=CARTESIAN_POINT('Origin',(39.0000000000003,43.5,7.5));
#6930=CARTESIAN_POINT('',(-10.7765981284232,61.,7.5));
#6931=CARTESIAN_POINT('Origin',(-60.5531962568468,61.,12.));
#6932=CARTESIAN_POINT('',(-60.5531962568468,61.,12.));
#6933=CARTESIAN_POINT('',(-30.2765981284234,61.,12.));
#6934=CARTESIAN_POINT('',(-60.5531962568468,61.,12.));
#6935=CARTESIAN_POINT('',(-59.2000000000003,61.,7.5));
#6936=CARTESIAN_POINT('',(-59.2000000000003,61.,1.5));
#6937=CARTESIAN_POINT('',(-46.8000000000003,61.,7.5));
#6938=CARTESIAN_POINT('',(-49.7765981284236,61.,7.5));
#6939=CARTESIAN_POINT('',(-46.8000000000003,61.,1.5));
#6940=CARTESIAN_POINT('',(-31.2000000000003,61.,7.5));
#6941=CARTESIAN_POINT('',(-31.2000000000003,61.,1.5));
#6942=CARTESIAN_POINT('',(-18.8000000000003,61.,7.5));
#6943=CARTESIAN_POINT('',(-49.7765981284236,61.,7.5));
#6944=CARTESIAN_POINT('',(-18.8000000000003,61.,1.5));
#6945=CARTESIAN_POINT('Origin',(-25.0000000000003,57.,7.5));
#6946=CARTESIAN_POINT('',(-23.7500000000003,57.,7.5));
#6947=CARTESIAN_POINT('Origin',(-25.0000000000003,57.,7.5));
#6948=CARTESIAN_POINT('',(-23.7500000000003,57.,7.5));
#6949=CARTESIAN_POINT('Origin',(-25.0000000000003,29.,7.5));
#6950=CARTESIAN_POINT('',(-23.7500000000003,29.,7.5));
#6951=CARTESIAN_POINT('Origin',(-25.0000000000003,29.,7.5));
#6952=CARTESIAN_POINT('',(-23.7500000000003,29.,7.5));
#6953=CARTESIAN_POINT('Origin',(-53.0000000000003,57.,7.5));
#6954=CARTESIAN_POINT('',(-51.7500000000003,57.,7.5));
#6955=CARTESIAN_POINT('Origin',(-53.0000000000003,57.,7.5));
#6956=CARTESIAN_POINT('',(-51.7500000000003,57.,7.5));
#6957=CARTESIAN_POINT('Origin',(-53.0000000000003,29.,7.5));
#6958=CARTESIAN_POINT('',(-51.7500000000003,29.,7.5));
#6959=CARTESIAN_POINT('Origin',(-53.0000000000003,29.,7.5));
#6960=CARTESIAN_POINT('',(-51.7500000000003,29.,7.5));
#6961=CARTESIAN_POINT('Origin',(-25.0000000000003,29.,1.5));
#6962=CARTESIAN_POINT('',(-22.0000000000003,29.,7.5));
#6963=CARTESIAN_POINT('Origin',(-25.0000000000003,29.,7.5));
#6964=CARTESIAN_POINT('',(-22.0000000000003,29.,1.5));
#6965=CARTESIAN_POINT('Origin',(-39.0000000000003,43.5,7.5));
#6966=CARTESIAN_POINT('Origin',(-53.0000000000003,29.,1.5));
#6967=CARTESIAN_POINT('',(-50.0000000000003,29.,7.5));
#6968=CARTESIAN_POINT('Origin',(-53.0000000000003,29.,7.5));
#6969=CARTESIAN_POINT('',(-50.0000000000003,29.,1.5));
#6970=CARTESIAN_POINT('Origin',(-39.0000000000003,43.5,7.5));
#6971=CARTESIAN_POINT('Origin',(-25.0000000000003,57.,1.5));
#6972=CARTESIAN_POINT('',(-22.0000000000003,57.,7.5));
#6973=CARTESIAN_POINT('',(-22.0000000000003,57.,1.5));
#6974=CARTESIAN_POINT('',(-28.0000000000003,57.,7.5));
#6975=CARTESIAN_POINT('Origin',(-25.0000000000003,57.,7.5));
#6976=CARTESIAN_POINT('',(-28.0000000000003,57.,1.5));
#6977=CARTESIAN_POINT('Origin',(-28.0000000000003,57.8,1.5));
#6978=CARTESIAN_POINT('',(-28.0000000000003,57.8,7.5));
#6979=CARTESIAN_POINT('',(-28.0000000000003,50.65,7.5));
#6980=CARTESIAN_POINT('',(-28.0000000000003,57.8,1.5));
#6981=CARTESIAN_POINT('Origin',(-31.2000000000003,57.8,1.5));
#6982=CARTESIAN_POINT('Origin',(-31.2000000000003,57.8,7.5));
#6983=CARTESIAN_POINT('Origin',(-18.8000000000003,57.8,1.5));
#6984=CARTESIAN_POINT('',(-22.0000000000003,57.8,7.5));
#6985=CARTESIAN_POINT('Origin',(-18.8000000000003,57.8,7.5));
#6986=CARTESIAN_POINT('',(-22.0000000000003,57.8,1.5));
#6987=CARTESIAN_POINT('Origin',(-22.0000000000003,57.,1.5));
#6988=CARTESIAN_POINT('',(-22.0000000000003,50.25,7.5));
#6989=CARTESIAN_POINT('Origin',(-39.0000000000003,43.5,7.5));
#6990=CARTESIAN_POINT('Origin',(-53.0000000000003,57.,1.5));
#6991=CARTESIAN_POINT('',(-50.0000000000003,57.,7.5));
#6992=CARTESIAN_POINT('',(-50.0000000000003,57.,1.5));
#6993=CARTESIAN_POINT('',(-56.0000000000003,57.,7.5));
#6994=CARTESIAN_POINT('Origin',(-53.0000000000003,57.,7.5));
#6995=CARTESIAN_POINT('',(-56.0000000000003,57.,1.5));
#6996=CARTESIAN_POINT('Origin',(-56.0000000000003,57.8,1.5));
#6997=CARTESIAN_POINT('',(-56.0000000000003,57.8,7.5));
#6998=CARTESIAN_POINT('',(-56.0000000000003,50.65,7.5));
#6999=CARTESIAN_POINT('',(-56.0000000000003,57.8,1.5));
#7000=CARTESIAN_POINT('Origin',(-59.2000000000003,57.8,1.5));
#7001=CARTESIAN_POINT('Origin',(-59.2000000000003,57.8,7.5));
#7002=CARTESIAN_POINT('Origin',(-46.8000000000003,57.8,1.5));
#7003=CARTESIAN_POINT('',(-50.0000000000003,57.8,7.5));
#7004=CARTESIAN_POINT('Origin',(-46.8000000000003,57.8,7.5));
#7005=CARTESIAN_POINT('',(-50.0000000000003,57.8,1.5));
#7006=CARTESIAN_POINT('Origin',(-50.0000000000003,57.,1.5));
#7007=CARTESIAN_POINT('',(-50.0000000000003,50.25,7.5));
#7008=CARTESIAN_POINT('Origin',(-39.0000000000003,43.5,7.5));
#7009=CARTESIAN_POINT('Origin',(58.5,13.8,3.375));
#7010=CARTESIAN_POINT('',(57.25,13.8,7.5));
#7011=CARTESIAN_POINT('Origin',(58.5,13.8,7.5));
#7012=CARTESIAN_POINT('',(57.25,13.8,3.375));
#7013=CARTESIAN_POINT('Origin',(-58.5000000000001,13.8,3.375));
#7014=CARTESIAN_POINT('',(-59.7500000000001,13.8,7.5));
#7015=CARTESIAN_POINT('Origin',(-58.5000000000001,13.8,7.5));
#7016=CARTESIAN_POINT('',(-59.7500000000001,13.8,3.375));
#7017=CARTESIAN_POINT('Origin',(-58.5,-13.8,3.375));
#7018=CARTESIAN_POINT('',(-59.75,-13.8,7.5));
#7019=CARTESIAN_POINT('Origin',(-58.5,-13.8,7.5));
#7020=CARTESIAN_POINT('',(-59.75,-13.8,3.375));
#7021=CARTESIAN_POINT('Origin',(58.5,-13.8,3.375));
#7022=CARTESIAN_POINT('',(57.25,-13.8,7.5));
#7023=CARTESIAN_POINT('Origin',(58.5,-13.8,7.5));
#7024=CARTESIAN_POINT('',(57.25,-13.8,3.375));
#7025=CARTESIAN_POINT('Origin',(58.5,-13.8,1.5));
#7026=CARTESIAN_POINT('',(61.25,-13.8,7.5));
#7027=CARTESIAN_POINT('Origin',(58.5,-13.8,7.5));
#7028=CARTESIAN_POINT('',(61.25,-13.8,1.5));
#7029=CARTESIAN_POINT('Origin',(-2.22044604925031E-14,-1.11022302462516E-15,
7.5));
#7030=CARTESIAN_POINT('Origin',(-58.5000000000001,13.8,1.5));
#7031=CARTESIAN_POINT('',(-55.7500000000001,13.8,7.5));
#7032=CARTESIAN_POINT('Origin',(-58.5000000000001,13.8,7.5));
#7033=CARTESIAN_POINT('',(-55.7500000000001,13.8,1.5));
#7034=CARTESIAN_POINT('Origin',(-2.22044604925031E-14,-1.11022302462516E-15,
7.5));
#7035=CARTESIAN_POINT('Origin',(58.5,13.8,1.5));
#7036=CARTESIAN_POINT('',(61.25,13.8,7.5));
#7037=CARTESIAN_POINT('Origin',(58.5,13.8,7.5));
#7038=CARTESIAN_POINT('',(61.25,13.8,1.5));
#7039=CARTESIAN_POINT('Origin',(-2.22044604925031E-14,-1.11022302462516E-15,
7.5));
#7040=CARTESIAN_POINT('Origin',(-58.5000000000001,-13.8,1.5));
#7041=CARTESIAN_POINT('',(-55.7500000000001,-13.8,7.5));
#7042=CARTESIAN_POINT('Origin',(-58.5000000000001,-13.8,7.5));
#7043=CARTESIAN_POINT('',(-55.7500000000001,-13.8,1.5));
#7044=CARTESIAN_POINT('Origin',(-2.22044604925031E-14,-1.11022302462516E-15,
7.5));
#7045=CARTESIAN_POINT('Origin',(-62.8000000000003,-55.5531962568462,12.));
#7046=CARTESIAN_POINT('',(-66.0000000000003,-55.5531962568462,12.));
#7047=CARTESIAN_POINT('',(-66.0000000000003,-55.5531962568462,12.));
#7048=CARTESIAN_POINT('',(-65.0627416997973,-57.8159379566432,12.));
#7049=CARTESIAN_POINT('Origin',(-62.8000000000003,-55.5531962568462,12.));
#7050=CARTESIAN_POINT('',(-65.0627416997973,-57.8159379566432,12.));
#7051=CARTESIAN_POINT('Origin',(-62.8159379566435,-60.0627416997969,12.));
#7052=CARTESIAN_POINT('',(-62.8159379566435,-60.0627416997969,12.));
#7053=CARTESIAN_POINT('',(-62.1276388924319,-60.7510407640085,12.));
#7054=CARTESIAN_POINT('',(-62.8159379566435,-60.0627416997969,12.));
#7055=CARTESIAN_POINT('Origin',(-60.5531962568465,-57.8,12.));
#7056=CARTESIAN_POINT('Origin',(-60.5531962568465,-57.8,12.));
#7057=CARTESIAN_POINT('Origin',(65.8,-25.0531962568473,12.));
#7058=CARTESIAN_POINT('',(69.,-25.0531962568473,12.));
#7059=CARTESIAN_POINT('Origin',(65.8,-25.0531962568473,12.));
#7060=CARTESIAN_POINT('',(69.,-25.0531962568473,12.));
#7061=CARTESIAN_POINT('Origin',(69.,25.0531962568485,12.));
#7062=CARTESIAN_POINT('',(69.,25.0531962568485,12.));
#7063=CARTESIAN_POINT('',(69.,12.5265981284243,12.));
#7064=CARTESIAN_POINT('',(69.,25.0531962568485,12.));
#7065=CARTESIAN_POINT('Origin',(65.8,25.0531962568485,12.));
#7066=CARTESIAN_POINT('',(68.0627416997967,27.3159379566457,12.));
#7067=CARTESIAN_POINT('Origin',(65.8,25.0531962568485,12.));
#7068=CARTESIAN_POINT('',(68.0627416997967,27.3159379566457,12.));
#7069=CARTESIAN_POINT('Origin',(67.0251262658486,28.3535533905927,12.));
#7070=CARTESIAN_POINT('',(57.3572330470176,38.0214466094139,12.));
#7071=CARTESIAN_POINT('Origin',(-60.5531962568468,57.8,12.));
#7072=CARTESIAN_POINT('',(-62.815937956644,60.0627416997967,12.));
#7073=CARTESIAN_POINT('Origin',(-60.5531962568468,57.8,12.));
#7074=CARTESIAN_POINT('',(-62.815937956644,60.0627416997967,12.));
#7075=CARTESIAN_POINT('Origin',(-65.0627416997976,57.8159379566426,12.));
#7076=CARTESIAN_POINT('',(-65.0627416997976,57.8159379566426,12.));
#7077=CARTESIAN_POINT('',(-63.251040764013,59.6276388924277,12.));
#7078=CARTESIAN_POINT('',(-65.0627416997976,57.8159379566426,12.));
#7079=CARTESIAN_POINT('Origin',(-62.8000000000003,55.5531962568459,12.));
#7080=CARTESIAN_POINT('',(-66.0000000000003,55.5531962568459,12.));
#7081=CARTESIAN_POINT('Origin',(-62.8000000000003,55.5531962568459,12.));
#7082=CARTESIAN_POINT('',(-66.0000000000003,55.5531962568459,12.));
#7083=CARTESIAN_POINT('Origin',(-66.0000000000003,30.8284271247475,12.));
#7084=CARTESIAN_POINT('',(-66.0000000000003,15.4142135623737,12.));
#7085=CARTESIAN_POINT('Origin',(-69.5000000000005,-30.8284271247465,12.));
#7086=CARTESIAN_POINT('',(-66.0000000000005,-30.8284271247465,12.));
#7087=CARTESIAN_POINT('Origin',(-69.5000000000005,-30.8284271247465,12.));
#7088=CARTESIAN_POINT('',(-66.0000000000005,-30.8284271247465,12.));
#7089=CARTESIAN_POINT('Origin',(-66.0000000000003,-55.5531962568462,12.));
#7090=CARTESIAN_POINT('',(-66.0000000000005,-27.7765981284234,12.));
#7091=CARTESIAN_POINT('Origin',(70.7000000000013,31.3254833995947,0.));
#7092=CARTESIAN_POINT('',(67.5000000000013,31.3254833995946,12.));
#7093=CARTESIAN_POINT('',(67.5000000000013,31.3254833995946,0.));
#7094=CARTESIAN_POINT('',(68.4372583002038,29.0627416997983,12.));
#7095=CARTESIAN_POINT('Origin',(70.7000000000013,31.3254833995947,12.));
#7096=CARTESIAN_POINT('',(68.4372583002038,29.0627416997983,0.));
#7097=CARTESIAN_POINT('Origin',(67.5000000000013,30.0000000000012,0.));
#7098=CARTESIAN_POINT('',(67.5000000000003,56.6715728752538,12.));
#7099=CARTESIAN_POINT('Ctrl Pts',(67.5000000000003,56.6715728752538,12.));
#7100=CARTESIAN_POINT('Ctrl Pts',(67.5000000000003,56.6715728752538,8.));
#7101=CARTESIAN_POINT('Ctrl Pts',(67.5000000000003,56.6715728752538,4.));
#7102=CARTESIAN_POINT('Ctrl Pts',(67.5000000000003,56.6715728752538,-2.22044604925031E-15));
#7103=CARTESIAN_POINT('',(67.5000000000013,30.0000000000012,12.));
#7104=CARTESIAN_POINT('Origin',(70.6999999999997,-31.325483399595,0.));
#7105=CARTESIAN_POINT('',(68.4372583002027,-29.0627416997981,12.));
#7106=CARTESIAN_POINT('',(68.4372583002027,-29.0627416997981,0.));
#7107=CARTESIAN_POINT('',(67.4999999999997,-31.3254833995951,12.));
#7108=CARTESIAN_POINT('Origin',(70.6999999999997,-31.325483399595,12.));
#7109=CARTESIAN_POINT('',(67.4999999999997,-31.3254833995951,0.));
#7110=CARTESIAN_POINT('Origin',(67.4999999999997,-30.0000000000012,0.));
#7111=CARTESIAN_POINT('',(69.914213562373,-27.5857864376278,12.));
#7112=CARTESIAN_POINT('Ctrl Pts',(69.914213562373,-27.5857864376278,12.));
#7113=CARTESIAN_POINT('Ctrl Pts',(69.914213562373,-27.5857864376278,8.00000000000001));
#7114=CARTESIAN_POINT('Ctrl Pts',(69.914213562373,-27.5857864376278,4.));
#7115=CARTESIAN_POINT('Ctrl Pts',(69.914213562373,-27.5857864376278,-1.11022302462516E-15));
#7116=CARTESIAN_POINT('',(67.4999999999997,-30.0000000000012,12.));
#7117=CARTESIAN_POINT('Origin',(-70.7000000000005,-31.325483399595,0.));
#7118=CARTESIAN_POINT('',(-67.5000000000005,-31.3254833995949,12.));
#7119=CARTESIAN_POINT('',(-67.5000000000005,-31.3254833995949,0.));
#7120=CARTESIAN_POINT('',(-68.4372583002033,-29.0627416997982,12.));
#7121=CARTESIAN_POINT('Origin',(-70.7000000000005,-31.325483399595,12.));
#7122=CARTESIAN_POINT('',(-68.4372583002033,-29.0627416997982,0.));
#7123=CARTESIAN_POINT('Origin',(-67.5000000000005,-30.0000000000012,0.));
#7124=CARTESIAN_POINT('',(-67.5000000000001,-56.6715728752538,12.));
#7125=CARTESIAN_POINT('Ctrl Pts',(-67.5000000000001,-56.6715728752538,12.));
#7126=CARTESIAN_POINT('Ctrl Pts',(-67.5000000000001,-56.6715728752538,8.));
#7127=CARTESIAN_POINT('Ctrl Pts',(-67.5000000000001,-56.6715728752538,4.));
#7128=CARTESIAN_POINT('Ctrl Pts',(-67.5000000000001,-56.6715728752538,-2.22044604925031E-15));
#7129=CARTESIAN_POINT('',(-67.5000000000005,-30.0000000000012,12.));
#7130=CARTESIAN_POINT('Origin',(-70.7000000000005,31.3254833995948,0.));
#7131=CARTESIAN_POINT('',(-68.4372583002032,29.0627416997982,12.));
#7132=CARTESIAN_POINT('',(-68.4372583002032,29.0627416997982,0.));
#7133=CARTESIAN_POINT('',(-67.5000000000005,31.3254833995947,12.));
#7134=CARTESIAN_POINT('Origin',(-70.7000000000005,31.3254833995948,12.));
#7135=CARTESIAN_POINT('',(-67.5000000000005,31.3254833995947,0.));
#7136=CARTESIAN_POINT('Origin',(-67.5000000000005,30.0000000000012,0.));
#7137=CARTESIAN_POINT('',(-69.9142135623731,27.5857864376277,12.));
#7138=CARTESIAN_POINT('Ctrl Pts',(-69.9142135623731,27.5857864376277,12.));
#7139=CARTESIAN_POINT('Ctrl Pts',(-69.9142135623731,27.5857864376277,8.00000000000001));
#7140=CARTESIAN_POINT('Ctrl Pts',(-69.9142135623731,27.5857864376277,4.));
#7141=CARTESIAN_POINT('Ctrl Pts',(-69.9142135623731,27.5857864376277,-1.11022302462516E-15));
#7142=CARTESIAN_POINT('',(-70.4999999999998,27.0000000000009,12.));
#7143=CARTESIAN_POINT('Ctrl Pts',(-70.5000000000002,-26.1715728752548,-1.11022302462516E-15));
#7144=CARTESIAN_POINT('Ctrl Pts',(-70.5000000000002,-26.1715728752548,4.));
#7145=CARTESIAN_POINT('Ctrl Pts',(-70.5000000000002,-26.1715728752548,8.00000000000001));
#7146=CARTESIAN_POINT('Ctrl Pts',(-70.5000000000002,-26.1715728752548,12.));
#7147=CARTESIAN_POINT('Ctrl Pts',(-70.5000000000002,-26.4631412046758,-1.11022302462516E-15));
#7148=CARTESIAN_POINT('Ctrl Pts',(-70.5000000000002,-26.4631412046758,4.));
#7149=CARTESIAN_POINT('Ctrl Pts',(-70.5000000000002,-26.4631412046758,8.00000000000001));
#7150=CARTESIAN_POINT('Ctrl Pts',(-70.5000000000002,-26.4631412046758,12.));
#7151=CARTESIAN_POINT('Ctrl Pts',(-70.4739291417307,-26.7490102552489,-1.11022302462516E-15));
#7152=CARTESIAN_POINT('Ctrl Pts',(-70.4739291417307,-26.7490102552489,4.));
#7153=CARTESIAN_POINT('Ctrl Pts',(-70.4739291417307,-26.7490102552489,8.00000000000001));
#7154=CARTESIAN_POINT('Ctrl Pts',(-70.4739291417307,-26.7490102552489,12.));
#7155=CARTESIAN_POINT('Ctrl Pts',(-70.3807319629476,-27.0329357667011,-1.11022302462516E-15));
#7156=CARTESIAN_POINT('Ctrl Pts',(-70.3807319629476,-27.0329357667011,4.));
#7157=CARTESIAN_POINT('Ctrl Pts',(-70.3807319629476,-27.0329357667011,8.));
#7158=CARTESIAN_POINT('Ctrl Pts',(-70.3807319629476,-27.0329357667011,12.));
#7159=CARTESIAN_POINT('Ctrl Pts',(-70.2246997411997,-27.2591374145055,-1.11022302462516E-15));
#7160=CARTESIAN_POINT('Ctrl Pts',(-70.2246997411997,-27.2591374145055,4.));
#7161=CARTESIAN_POINT('Ctrl Pts',(-70.2246997411997,-27.2591374145055,8.));
#7162=CARTESIAN_POINT('Ctrl Pts',(-70.2246997411997,-27.2591374145055,12.));
#7163=CARTESIAN_POINT('Ctrl Pts',(-70.0172985338298,-27.4827014661714,-1.11022302462516E-15));
#7164=CARTESIAN_POINT('Ctrl Pts',(-70.0172985338298,-27.4827014661714,4.));
#7165=CARTESIAN_POINT('Ctrl Pts',(-70.0172985338298,-27.4827014661714,8.00000000000001));
#7166=CARTESIAN_POINT('Ctrl Pts',(-70.0172985338298,-27.4827014661714,12.));
#7167=CARTESIAN_POINT('Ctrl Pts',(-69.9142135623734,-27.5857864376278,-1.11022302462516E-15));
#7168=CARTESIAN_POINT('Ctrl Pts',(-69.9142135623734,-27.5857864376278,4.));
#7169=CARTESIAN_POINT('Ctrl Pts',(-69.9142135623734,-27.5857864376278,8.00000000000001));
#7170=CARTESIAN_POINT('Ctrl Pts',(-69.9142135623734,-27.5857864376278,12.));
#7171=CARTESIAN_POINT('',(-69.9142135623734,-27.5857864376278,12.));
#7172=CARTESIAN_POINT('',(-70.5000000000002,-26.1715728752548,12.));
#7173=CARTESIAN_POINT('Ctrl Pts',(-69.9142135623734,-27.5857864376278,12.));
#7174=CARTESIAN_POINT('Ctrl Pts',(-70.0172985338298,-27.4827014661714,12.));
#7175=CARTESIAN_POINT('Ctrl Pts',(-70.0864322696198,-27.4081801156161,12.));
#7176=CARTESIAN_POINT('Ctrl Pts',(-70.1429235749296,-27.3434191053923,12.));
#7177=CARTESIAN_POINT('Ctrl Pts',(-70.2559061855493,-27.2138970849446,12.));
#7178=CARTESIAN_POINT('Ctrl Pts',(-70.3183190742484,-27.1234164258228,12.));
#7179=CARTESIAN_POINT('Ctrl Pts',(-70.3650583817285,-27.0308551776866,12.));
#7180=CARTESIAN_POINT('Ctrl Pts',(-70.4117976892086,-26.9382939295503,12.));
#7181=CARTESIAN_POINT('Ctrl Pts',(-70.4428634154697,-26.8436520923996,12.));
#7182=CARTESIAN_POINT('Ctrl Pts',(-70.4649139931676,-26.724863911181,12.));
#7183=CARTESIAN_POINT('Ctrl Pts',(-70.4869645708655,-26.6060757299623,12.));
#7184=CARTESIAN_POINT('Ctrl Pts',(-70.5000000000002,-26.4631412046758,12.));
#7185=CARTESIAN_POINT('Ctrl Pts',(-70.5000000000002,-26.1715728752548,12.));
#7186=CARTESIAN_POINT('Ctrl Pts',(-70.5000000000002,-26.1715728752548,12.));
#7187=CARTESIAN_POINT('Ctrl Pts',(-70.5000000000002,-26.1715728752548,8.00000000000001));
#7188=CARTESIAN_POINT('Ctrl Pts',(-70.5000000000002,-26.1715728752548,4.));
#7189=CARTESIAN_POINT('Ctrl Pts',(-70.5000000000002,-26.1715728752548,-1.11022302462516E-15));
#7190=CARTESIAN_POINT('Ctrl Pts',(-69.9142135623734,-27.5857864376278,-1.11022302462516E-15));
#7191=CARTESIAN_POINT('Ctrl Pts',(-69.9142135623734,-27.5857864376278,4.));
#7192=CARTESIAN_POINT('Ctrl Pts',(-69.9142135623734,-27.5857864376278,8.00000000000001));
#7193=CARTESIAN_POINT('Ctrl Pts',(-69.9142135623734,-27.5857864376278,12.));
#7194=CARTESIAN_POINT('Origin',(-70.4999999999998,27.0000000000009,0.));
#7195=CARTESIAN_POINT('',(-70.4999999999998,26.1715728752549,12.));
#7196=CARTESIAN_POINT('',(-70.4999999999998,27.0000000000009,12.));
#7197=CARTESIAN_POINT('Ctrl Pts',(-70.4999999999998,26.1715728752549,-1.11022302462516E-15));
#7198=CARTESIAN_POINT('Ctrl Pts',(-70.4999999999998,26.1715728752549,4.));
#7199=CARTESIAN_POINT('Ctrl Pts',(-70.4999999999998,26.1715728752549,8.00000000000001));
#7200=CARTESIAN_POINT('Ctrl Pts',(-70.4999999999998,26.1715728752549,12.));
#7201=CARTESIAN_POINT('Ctrl Pts',(-69.9142135623731,27.5857864376277,-1.11022302462516E-15));
#7202=CARTESIAN_POINT('Ctrl Pts',(-69.9142135623731,27.5857864376277,4.));
#7203=CARTESIAN_POINT('Ctrl Pts',(-69.9142135623731,27.5857864376277,8.00000000000001));
#7204=CARTESIAN_POINT('Ctrl Pts',(-69.9142135623731,27.5857864376277,12.));
#7205=CARTESIAN_POINT('Ctrl Pts',(-70.1203835052859,27.3796164947149,-1.11022302462516E-15));
#7206=CARTESIAN_POINT('Ctrl Pts',(-70.1203835052859,27.3796164947149,4.));
#7207=CARTESIAN_POINT('Ctrl Pts',(-70.1203835052859,27.3796164947149,8.00000000000001));
#7208=CARTESIAN_POINT('Ctrl Pts',(-70.1203835052859,27.3796164947149,12.));
#7209=CARTESIAN_POINT('Ctrl Pts',(-70.3040885688036,27.1590416698496,-1.11022302462516E-15));
#7210=CARTESIAN_POINT('Ctrl Pts',(-70.3040885688036,27.1590416698496,4.));
#7211=CARTESIAN_POINT('Ctrl Pts',(-70.3040885688036,27.1590416698496,8.00000000000001));
#7212=CARTESIAN_POINT('Ctrl Pts',(-70.3040885688036,27.1590416698496,12.));
#7213=CARTESIAN_POINT('Ctrl Pts',(-70.4389538661983,26.8923756582449,-1.11022302462516E-15));
#7214=CARTESIAN_POINT('Ctrl Pts',(-70.4389538661983,26.8923756582449,4.));
#7215=CARTESIAN_POINT('Ctrl Pts',(-70.4389538661983,26.8923756582449,8.00000000000001));
#7216=CARTESIAN_POINT('Ctrl Pts',(-70.4389538661983,26.8923756582449,12.));
#7217=CARTESIAN_POINT('Ctrl Pts',(-70.4885711431948,26.6220954970854,-1.11022302462516E-15));
#7218=CARTESIAN_POINT('Ctrl Pts',(-70.4885711431948,26.6220954970854,4.));
#7219=CARTESIAN_POINT('Ctrl Pts',(-70.4885711431948,26.6220954970854,8.));
#7220=CARTESIAN_POINT('Ctrl Pts',(-70.4885711431948,26.6220954970854,12.));
#7221=CARTESIAN_POINT('Ctrl Pts',(-70.4999999999998,26.3173570399654,-1.11022302462516E-15));
#7222=CARTESIAN_POINT('Ctrl Pts',(-70.4999999999998,26.3173570399654,4.));
#7223=CARTESIAN_POINT('Ctrl Pts',(-70.4999999999998,26.3173570399654,8.00000000000001));
#7224=CARTESIAN_POINT('Ctrl Pts',(-70.4999999999998,26.3173570399654,12.));
#7225=CARTESIAN_POINT('Ctrl Pts',(-70.4999999999998,26.1715728752549,-1.11022302462516E-15));
#7226=CARTESIAN_POINT('Ctrl Pts',(-70.4999999999998,26.1715728752549,4.));
#7227=CARTESIAN_POINT('Ctrl Pts',(-70.4999999999998,26.1715728752549,8.00000000000001));
#7228=CARTESIAN_POINT('Ctrl Pts',(-70.4999999999998,26.1715728752549,12.));
#7229=CARTESIAN_POINT('Ctrl Pts',(-70.4999999999998,26.1715728752549,12.));
#7230=CARTESIAN_POINT('Ctrl Pts',(-70.4999999999998,26.3173570399654,12.));
#7231=CARTESIAN_POINT('Ctrl Pts',(-70.4961903810648,26.4189365256721,12.));
#7232=CARTESIAN_POINT('Ctrl Pts',(-70.4903428166417,26.5046748602205,12.));
#7233=CARTESIAN_POINT('Ctrl Pts',(-70.4786476877955,26.6761515293173,12.));
#7234=CARTESIAN_POINT('Ctrl Pts',(-70.4588007769969,26.7842635937811,12.));
#7235=CARTESIAN_POINT('Ctrl Pts',(-70.4263997720318,26.8827639612805,12.));
#7236=CARTESIAN_POINT('Ctrl Pts',(-70.3939987670667,26.9812643287798,12.));
#7237=CARTESIAN_POINT('Ctrl Pts',(-70.3490436679352,27.0701529993147,12.));
#7238=CARTESIAN_POINT('Ctrl Pts',(-70.28063985249,27.1697410407985,12.));
#7239=CARTESIAN_POINT('Ctrl Pts',(-70.2122360370448,27.2693290822823,12.));
#7240=CARTESIAN_POINT('Ctrl Pts',(-70.1203835052859,27.3796164947149,12.));
#7241=CARTESIAN_POINT('Ctrl Pts',(-69.9142135623731,27.5857864376277,12.));
#7242=CARTESIAN_POINT('Ctrl Pts',(-66.9142135623732,58.0857864376269,-1.11022302462516E-15));
#7243=CARTESIAN_POINT('Ctrl Pts',(-66.9142135623732,58.0857864376269,4.));
#7244=CARTESIAN_POINT('Ctrl Pts',(-66.9142135623732,58.0857864376269,8.));
#7245=CARTESIAN_POINT('Ctrl Pts',(-66.9142135623732,58.0857864376269,12.));
#7246=CARTESIAN_POINT('Ctrl Pts',(-67.120383505286,57.8796164947141,-1.11022302462516E-15));
#7247=CARTESIAN_POINT('Ctrl Pts',(-67.120383505286,57.8796164947141,4.));
#7248=CARTESIAN_POINT('Ctrl Pts',(-67.120383505286,57.8796164947141,8.00000000000001));
#7249=CARTESIAN_POINT('Ctrl Pts',(-67.120383505286,57.8796164947141,12.));
#7250=CARTESIAN_POINT('Ctrl Pts',(-67.3042229566361,57.6589333371246,-1.11022302462516E-15));
#7251=CARTESIAN_POINT('Ctrl Pts',(-67.3042229566361,57.6589333371246,4.));
#7252=CARTESIAN_POINT('Ctrl Pts',(-67.3042229566361,57.6589333371246,8.));
#7253=CARTESIAN_POINT('Ctrl Pts',(-67.3042229566361,57.6589333371246,12.));
#7254=CARTESIAN_POINT('Ctrl Pts',(-67.439054112408,57.3922969366727,-1.11022302462516E-15));
#7255=CARTESIAN_POINT('Ctrl Pts',(-67.439054112408,57.3922969366727,4.));
#7256=CARTESIAN_POINT('Ctrl Pts',(-67.439054112408,57.3922969366727,8.));
#7257=CARTESIAN_POINT('Ctrl Pts',(-67.439054112408,57.3922969366727,12.));
#7258=CARTESIAN_POINT('Ctrl Pts',(-67.4886459318674,57.1220361977679,-1.11022302462516E-15));
#7259=CARTESIAN_POINT('Ctrl Pts',(-67.4886459318674,57.1220361977679,4.));
#7260=CARTESIAN_POINT('Ctrl Pts',(-67.4886459318674,57.1220361977679,8.));
#7261=CARTESIAN_POINT('Ctrl Pts',(-67.4886459318674,57.1220361977679,12.));
#7262=CARTESIAN_POINT('Ctrl Pts',(-67.5000000000001,56.8173570399643,-1.11022302462516E-15));
#7263=CARTESIAN_POINT('Ctrl Pts',(-67.5000000000001,56.8173570399643,4.));
#7264=CARTESIAN_POINT('Ctrl Pts',(-67.5000000000001,56.8173570399643,8.00000000000001));
#7265=CARTESIAN_POINT('Ctrl Pts',(-67.5000000000001,56.8173570399643,12.));
#7266=CARTESIAN_POINT('Ctrl Pts',(-67.5000000000001,56.6715728752538,-1.11022302462516E-15));
#7267=CARTESIAN_POINT('Ctrl Pts',(-67.5000000000001,56.6715728752538,4.));
#7268=CARTESIAN_POINT('Ctrl Pts',(-67.5000000000001,56.6715728752538,8.));
#7269=CARTESIAN_POINT('Ctrl Pts',(-67.5000000000001,56.6715728752538,12.));
#7270=CARTESIAN_POINT('',(-67.5000000000001,56.6715728752538,12.));
#7271=CARTESIAN_POINT('',(-66.9142135623732,58.0857864376269,12.));
#7272=CARTESIAN_POINT('Ctrl Pts',(-67.5000000000001,56.6715728752538,12.));
#7273=CARTESIAN_POINT('Ctrl Pts',(-67.5000000000001,56.8173570399643,12.));
#7274=CARTESIAN_POINT('Ctrl Pts',(-67.4962153106225,56.9189167592322,12.));
#7275=CARTESIAN_POINT('Ctrl Pts',(-67.4903860630735,57.0046406213377,12.));
#7276=CARTESIAN_POINT('Ctrl Pts',(-67.4787275679755,57.1760883455488,12.));
#7277=CARTESIAN_POINT('Ctrl Pts',(-67.4588908401917,57.2841926411107,12.));
#7278=CARTESIAN_POINT('Ctrl Pts',(-67.4265006170045,57.382684188967,12.));
#7279=CARTESIAN_POINT('Ctrl Pts',(-67.3941103938174,57.4811757368233,12.));
#7280=CARTESIAN_POINT('Ctrl Pts',(-67.3491666752267,57.5700545369739,12.));
#7281=CARTESIAN_POINT('Ctrl Pts',(-67.2807349530939,57.6696647264466,12.));
#7282=CARTESIAN_POINT('Ctrl Pts',(-67.2123032309611,57.7692749159193,12.));
#7283=CARTESIAN_POINT('Ctrl Pts',(-67.120383505286,57.8796164947141,12.));
#7284=CARTESIAN_POINT('Ctrl Pts',(-66.9142135623732,58.0857864376269,12.));
#7285=CARTESIAN_POINT('Ctrl Pts',(-66.9142135623732,58.0857864376269,12.));
#7286=CARTESIAN_POINT('Ctrl Pts',(-66.9142135623732,58.0857864376269,8.));
#7287=CARTESIAN_POINT('Ctrl Pts',(-66.9142135623732,58.0857864376269,4.));
#7288=CARTESIAN_POINT('Ctrl Pts',(-66.9142135623732,58.0857864376269,-1.11022302462516E-15));
#7289=CARTESIAN_POINT('Ctrl Pts',(-67.5000000000001,56.6715728752538,-1.11022302462516E-15));
#7290=CARTESIAN_POINT('Ctrl Pts',(-67.5000000000001,56.6715728752538,4.));
#7291=CARTESIAN_POINT('Ctrl Pts',(-67.5000000000001,56.6715728752538,8.));
#7292=CARTESIAN_POINT('Ctrl Pts',(-67.5000000000001,56.6715728752538,12.));
#7293=CARTESIAN_POINT('Origin',(-65.0000000000001,60.,0.));
#7294=CARTESIAN_POINT('',(-63.0857864376269,61.9142135623731,12.));
#7295=CARTESIAN_POINT('',(-63.7499999999998,61.2500000000002,12.));
#7296=CARTESIAN_POINT('Ctrl Pts',(-63.0857864376269,61.9142135623731,-2.22044604925031E-15));
#7297=CARTESIAN_POINT('Ctrl Pts',(-63.0857864376269,61.9142135623731,4.));
#7298=CARTESIAN_POINT('Ctrl Pts',(-63.0857864376269,61.9142135623731,8.));
#7299=CARTESIAN_POINT('Ctrl Pts',(-63.0857864376269,61.9142135623731,12.));
#7300=CARTESIAN_POINT('Ctrl Pts',(-63.0857864376269,61.9142135623731,12.));
#7301=CARTESIAN_POINT('Ctrl Pts',(-63.0857864376269,61.9142135623731,8.));
#7302=CARTESIAN_POINT('Ctrl Pts',(-63.0857864376269,61.9142135623731,4.));
#7303=CARTESIAN_POINT('Ctrl Pts',(-63.0857864376269,61.9142135623731,-2.22044604925031E-15));
#7304=CARTESIAN_POINT('Ctrl Pts',(-62.8796164947141,62.120383505286,12.));
#7305=CARTESIAN_POINT('Ctrl Pts',(-62.8796164947141,62.120383505286,8.00000000000001));
#7306=CARTESIAN_POINT('Ctrl Pts',(-62.8796164947141,62.120383505286,4.));
#7307=CARTESIAN_POINT('Ctrl Pts',(-62.8796164947141,62.120383505286,-2.22044604925031E-15));
#7308=CARTESIAN_POINT('Ctrl Pts',(-62.6589333371246,62.304222956636,12.));
#7309=CARTESIAN_POINT('Ctrl Pts',(-62.6589333371246,62.304222956636,8.));
#7310=CARTESIAN_POINT('Ctrl Pts',(-62.6589333371246,62.304222956636,4.));
#7311=CARTESIAN_POINT('Ctrl Pts',(-62.6589333371246,62.304222956636,-2.22044604925031E-15));
#7312=CARTESIAN_POINT('Ctrl Pts',(-62.3922969366727,62.4390541124079,12.));
#7313=CARTESIAN_POINT('Ctrl Pts',(-62.3922969366727,62.4390541124079,8.00000000000001));
#7314=CARTESIAN_POINT('Ctrl Pts',(-62.3922969366727,62.4390541124079,4.));
#7315=CARTESIAN_POINT('Ctrl Pts',(-62.3922969366727,62.4390541124079,-2.22044604925031E-15));
#7316=CARTESIAN_POINT('Ctrl Pts',(-62.1220361977679,62.4886459318673,12.));
#7317=CARTESIAN_POINT('Ctrl Pts',(-62.1220361977679,62.4886459318673,8.));
#7318=CARTESIAN_POINT('Ctrl Pts',(-62.1220361977679,62.4886459318673,4.));
#7319=CARTESIAN_POINT('Ctrl Pts',(-62.1220361977679,62.4886459318673,-2.22044604925031E-15));
#7320=CARTESIAN_POINT('Ctrl Pts',(-61.8173570399643,62.5,12.));
#7321=CARTESIAN_POINT('Ctrl Pts',(-61.8173570399643,62.5,8.00000000000001));
#7322=CARTESIAN_POINT('Ctrl Pts',(-61.8173570399643,62.5,4.));
#7323=CARTESIAN_POINT('Ctrl Pts',(-61.8173570399643,62.5,-2.22044604925031E-15));
#7324=CARTESIAN_POINT('Ctrl Pts',(-61.6715728752538,62.5,12.));
#7325=CARTESIAN_POINT('Ctrl Pts',(-61.6715728752538,62.5,8.));
#7326=CARTESIAN_POINT('Ctrl Pts',(-61.6715728752538,62.5,4.));
#7327=CARTESIAN_POINT('Ctrl Pts',(-61.6715728752538,62.5,-2.22044604925031E-15));
#7328=CARTESIAN_POINT('',(-61.6715728752538,62.5,12.));
#7329=CARTESIAN_POINT('Ctrl Pts',(-63.0857864376269,61.9142135623731,12.));
#7330=CARTESIAN_POINT('Ctrl Pts',(-62.8796164947141,62.120383505286,12.));
#7331=CARTESIAN_POINT('Ctrl Pts',(-62.7692749159193,62.212303230961,12.));
#7332=CARTESIAN_POINT('Ctrl Pts',(-62.6696647264466,62.2807349530938,12.));
#7333=CARTESIAN_POINT('Ctrl Pts',(-62.570054536974,62.3491666752267,12.));
#7334=CARTESIAN_POINT('Ctrl Pts',(-62.4811757368233,62.3941103938173,12.));
#7335=CARTESIAN_POINT('Ctrl Pts',(-62.382684188967,62.4265006170045,12.));
#7336=CARTESIAN_POINT('Ctrl Pts',(-62.2841926411108,62.4588908401916,12.));
#7337=CARTESIAN_POINT('Ctrl Pts',(-62.1760883455488,62.4787275679754,12.));
#7338=CARTESIAN_POINT('Ctrl Pts',(-62.0046406213377,62.4903860630734,12.));
#7339=CARTESIAN_POINT('Ctrl Pts',(-61.9189167592322,62.4962153106224,12.));
#7340=CARTESIAN_POINT('Ctrl Pts',(-61.8173570399643,62.5,12.));
#7341=CARTESIAN_POINT('Ctrl Pts',(-61.6715728752538,62.5,12.));
#7342=CARTESIAN_POINT('Ctrl Pts',(-61.6715728752538,62.5,12.));
#7343=CARTESIAN_POINT('Ctrl Pts',(-61.6715728752538,62.5,8.));
#7344=CARTESIAN_POINT('Ctrl Pts',(-61.6715728752538,62.5,4.));
#7345=CARTESIAN_POINT('Ctrl Pts',(-61.6715728752538,62.5,-2.22044604925031E-15));
#7346=CARTESIAN_POINT('Ctrl Pts',(63.0857864376269,61.9142135623731,-1.11022302462516E-15));
#7347=CARTESIAN_POINT('Ctrl Pts',(63.0857864376269,61.9142135623731,4.));
#7348=CARTESIAN_POINT('Ctrl Pts',(63.0857864376269,61.9142135623731,8.00000000000001));
#7349=CARTESIAN_POINT('Ctrl Pts',(63.0857864376269,61.9142135623731,12.));
#7350=CARTESIAN_POINT('Ctrl Pts',(62.8796164947141,62.120383505286,-1.11022302462516E-15));
#7351=CARTESIAN_POINT('Ctrl Pts',(62.8796164947141,62.120383505286,4.));
#7352=CARTESIAN_POINT('Ctrl Pts',(62.8796164947141,62.120383505286,8.00000000000001));
#7353=CARTESIAN_POINT('Ctrl Pts',(62.8796164947141,62.120383505286,12.));
#7354=CARTESIAN_POINT('Ctrl Pts',(62.6589333371246,62.3042229566361,-1.11022302462516E-15));
#7355=CARTESIAN_POINT('Ctrl Pts',(62.6589333371246,62.3042229566361,4.));
#7356=CARTESIAN_POINT('Ctrl Pts',(62.6589333371246,62.3042229566361,8.));
#7357=CARTESIAN_POINT('Ctrl Pts',(62.6589333371246,62.3042229566361,12.));
#7358=CARTESIAN_POINT('Ctrl Pts',(62.3922969366727,62.4390541124079,-1.11022302462516E-15));
#7359=CARTESIAN_POINT('Ctrl Pts',(62.3922969366727,62.4390541124079,4.));
#7360=CARTESIAN_POINT('Ctrl Pts',(62.3922969366727,62.4390541124079,8.00000000000001));
#7361=CARTESIAN_POINT('Ctrl Pts',(62.3922969366727,62.4390541124079,12.));
#7362=CARTESIAN_POINT('Ctrl Pts',(62.1220361977679,62.4886459318673,-1.11022302462516E-15));
#7363=CARTESIAN_POINT('Ctrl Pts',(62.1220361977679,62.4886459318673,4.));
#7364=CARTESIAN_POINT('Ctrl Pts',(62.1220361977679,62.4886459318673,8.));
#7365=CARTESIAN_POINT('Ctrl Pts',(62.1220361977679,62.4886459318673,12.));
#7366=CARTESIAN_POINT('Ctrl Pts',(61.8173570399643,62.5,-1.11022302462516E-15));
#7367=CARTESIAN_POINT('Ctrl Pts',(61.8173570399643,62.5,4.));
#7368=CARTESIAN_POINT('Ctrl Pts',(61.8173570399643,62.5,8.00000000000001));
#7369=CARTESIAN_POINT('Ctrl Pts',(61.8173570399643,62.5,12.));
#7370=CARTESIAN_POINT('Ctrl Pts',(61.6715728752538,62.5,-1.11022302462516E-15));
#7371=CARTESIAN_POINT('Ctrl Pts',(61.6715728752538,62.5,4.));
#7372=CARTESIAN_POINT('Ctrl Pts',(61.6715728752538,62.5,8.00000000000001));
#7373=CARTESIAN_POINT('Ctrl Pts',(61.6715728752538,62.5,12.));
#7374=CARTESIAN_POINT('',(61.6715728752538,62.5,12.));
#7375=CARTESIAN_POINT('',(63.0857864376269,61.9142135623731,12.));
#7376=CARTESIAN_POINT('Ctrl Pts',(61.6715728752538,62.5,12.));
#7377=CARTESIAN_POINT('Ctrl Pts',(61.8173570399643,62.5,12.));
#7378=CARTESIAN_POINT('Ctrl Pts',(61.9189167592322,62.4962153106224,12.));
#7379=CARTESIAN_POINT('Ctrl Pts',(62.0046406213377,62.4903860630734,12.));
#7380=CARTESIAN_POINT('Ctrl Pts',(62.1760883455488,62.4787275679754,12.));
#7381=CARTESIAN_POINT('Ctrl Pts',(62.2841926411108,62.4588908401916,12.));
#7382=CARTESIAN_POINT('Ctrl Pts',(62.3826841889671,62.4265006170045,12.));
#7383=CARTESIAN_POINT('Ctrl Pts',(62.4811757368233,62.3941103938173,12.));
#7384=CARTESIAN_POINT('Ctrl Pts',(62.570054536974,62.3491666752267,12.));
#7385=CARTESIAN_POINT('Ctrl Pts',(62.6696647264467,62.2807349530938,12.));
#7386=CARTESIAN_POINT('Ctrl Pts',(62.7692749159193,62.212303230961,12.));
#7387=CARTESIAN_POINT('Ctrl Pts',(62.8796164947141,62.120383505286,12.));
#7388=CARTESIAN_POINT('Ctrl Pts',(63.0857864376269,61.9142135623731,12.));
#7389=CARTESIAN_POINT('Ctrl Pts',(63.0857864376269,61.9142135623731,12.));
#7390=CARTESIAN_POINT('Ctrl Pts',(63.0857864376269,61.9142135623731,8.00000000000001));
#7391=CARTESIAN_POINT('Ctrl Pts',(63.0857864376269,61.9142135623731,4.));
#7392=CARTESIAN_POINT('Ctrl Pts',(63.0857864376269,61.9142135623731,-1.11022302462516E-15));
#7393=CARTESIAN_POINT('Ctrl Pts',(61.6715728752538,62.5,-1.11022302462516E-15));
#7394=CARTESIAN_POINT('Ctrl Pts',(61.6715728752538,62.5,4.));
#7395=CARTESIAN_POINT('Ctrl Pts',(61.6715728752538,62.5,8.00000000000001));
#7396=CARTESIAN_POINT('Ctrl Pts',(61.6715728752538,62.5,12.));
#7397=CARTESIAN_POINT('Origin',(65.0000000000001,60.,0.));
#7398=CARTESIAN_POINT('',(66.9142135623733,58.0857864376269,12.));
#7399=CARTESIAN_POINT('',(63.7499999999994,61.2500000000007,12.));
#7400=CARTESIAN_POINT('Ctrl Pts',(66.9142135623733,58.0857864376269,-2.22044604925031E-15));
#7401=CARTESIAN_POINT('Ctrl Pts',(66.9142135623733,58.0857864376269,4.));
#7402=CARTESIAN_POINT('Ctrl Pts',(66.9142135623733,58.0857864376269,8.));
#7403=CARTESIAN_POINT('Ctrl Pts',(66.9142135623733,58.0857864376269,12.));
#7404=CARTESIAN_POINT('Ctrl Pts',(66.9142135623733,58.0857864376269,12.));
#7405=CARTESIAN_POINT('Ctrl Pts',(66.9142135623733,58.0857864376269,8.));
#7406=CARTESIAN_POINT('Ctrl Pts',(66.9142135623733,58.0857864376269,4.));
#7407=CARTESIAN_POINT('Ctrl Pts',(66.9142135623733,58.0857864376269,-2.22044604925031E-15));
#7408=CARTESIAN_POINT('Ctrl Pts',(67.1203835052862,57.8796164947141,12.));
#7409=CARTESIAN_POINT('Ctrl Pts',(67.1203835052862,57.8796164947141,8.));
#7410=CARTESIAN_POINT('Ctrl Pts',(67.1203835052862,57.8796164947141,4.));
#7411=CARTESIAN_POINT('Ctrl Pts',(67.1203835052862,57.8796164947141,-2.22044604925031E-15));
#7412=CARTESIAN_POINT('Ctrl Pts',(67.3042229566363,57.6589333371246,12.));
#7413=CARTESIAN_POINT('Ctrl Pts',(67.3042229566363,57.6589333371246,8.));
#7414=CARTESIAN_POINT('Ctrl Pts',(67.3042229566363,57.6589333371246,4.));
#7415=CARTESIAN_POINT('Ctrl Pts',(67.3042229566363,57.6589333371246,-2.22044604925031E-15));
#7416=CARTESIAN_POINT('Ctrl Pts',(67.4390541124081,57.3922969366727,12.));
#7417=CARTESIAN_POINT('Ctrl Pts',(67.4390541124081,57.3922969366727,8.));
#7418=CARTESIAN_POINT('Ctrl Pts',(67.4390541124081,57.3922969366727,4.));
#7419=CARTESIAN_POINT('Ctrl Pts',(67.4390541124081,57.3922969366727,-2.22044604925031E-15));
#7420=CARTESIAN_POINT('Ctrl Pts',(67.4886459318676,57.1220361977679,12.));
#7421=CARTESIAN_POINT('Ctrl Pts',(67.4886459318676,57.1220361977679,8.));
#7422=CARTESIAN_POINT('Ctrl Pts',(67.4886459318676,57.1220361977679,4.));
#7423=CARTESIAN_POINT('Ctrl Pts',(67.4886459318676,57.1220361977679,-2.22044604925031E-15));
#7424=CARTESIAN_POINT('Ctrl Pts',(67.5000000000002,56.8173570399643,12.));
#7425=CARTESIAN_POINT('Ctrl Pts',(67.5000000000002,56.8173570399643,8.));
#7426=CARTESIAN_POINT('Ctrl Pts',(67.5000000000002,56.8173570399643,4.));
#7427=CARTESIAN_POINT('Ctrl Pts',(67.5000000000002,56.8173570399643,-2.22044604925031E-15));
#7428=CARTESIAN_POINT('Ctrl Pts',(67.5000000000003,56.6715728752538,12.));
#7429=CARTESIAN_POINT('Ctrl Pts',(67.5000000000003,56.6715728752538,8.));
#7430=CARTESIAN_POINT('Ctrl Pts',(67.5000000000003,56.6715728752538,4.));
#7431=CARTESIAN_POINT('Ctrl Pts',(67.5000000000003,56.6715728752538,-2.22044604925031E-15));
#7432=CARTESIAN_POINT('Ctrl Pts',(66.9142135623733,58.0857864376269,12.));
#7433=CARTESIAN_POINT('Ctrl Pts',(67.1203835052862,57.8796164947141,12.));
#7434=CARTESIAN_POINT('Ctrl Pts',(67.2123032309612,57.7692749159193,12.));
#7435=CARTESIAN_POINT('Ctrl Pts',(67.2807349530941,57.6696647264467,12.));
#7436=CARTESIAN_POINT('Ctrl Pts',(67.3491666752269,57.570054536974,12.));
#7437=CARTESIAN_POINT('Ctrl Pts',(67.3941103938175,57.4811757368233,12.));
#7438=CARTESIAN_POINT('Ctrl Pts',(67.4265006170047,57.3826841889671,12.));
#7439=CARTESIAN_POINT('Ctrl Pts',(67.4588908401919,57.2841926411108,12.));
#7440=CARTESIAN_POINT('Ctrl Pts',(67.4787275679757,57.1760883455489,12.));
#7441=CARTESIAN_POINT('Ctrl Pts',(67.4903860630737,57.0046406213378,12.));
#7442=CARTESIAN_POINT('Ctrl Pts',(67.4962153106227,56.9189167592322,12.));
#7443=CARTESIAN_POINT('Ctrl Pts',(67.5000000000002,56.8173570399643,12.));
#7444=CARTESIAN_POINT('Ctrl Pts',(67.5000000000003,56.6715728752538,12.));
#7445=CARTESIAN_POINT('Ctrl Pts',(70.5000000000002,26.171572875255,-1.11022302462516E-15));
#7446=CARTESIAN_POINT('Ctrl Pts',(70.5000000000002,26.171572875255,4.));
#7447=CARTESIAN_POINT('Ctrl Pts',(70.5000000000002,26.171572875255,8.));
#7448=CARTESIAN_POINT('Ctrl Pts',(70.5000000000002,26.171572875255,12.));
#7449=CARTESIAN_POINT('Ctrl Pts',(70.5000000000002,26.4631412046759,-1.11022302462516E-15));
#7450=CARTESIAN_POINT('Ctrl Pts',(70.5000000000002,26.4631412046759,4.));
#7451=CARTESIAN_POINT('Ctrl Pts',(70.5000000000002,26.4631412046759,8.00000000000001));
#7452=CARTESIAN_POINT('Ctrl Pts',(70.5000000000002,26.4631412046759,12.));
#7453=CARTESIAN_POINT('Ctrl Pts',(70.4739291417307,26.7490102552489,-1.11022302462516E-15));
#7454=CARTESIAN_POINT('Ctrl Pts',(70.4739291417307,26.7490102552489,4.));
#7455=CARTESIAN_POINT('Ctrl Pts',(70.4739291417307,26.7490102552489,8.00000000000001));
#7456=CARTESIAN_POINT('Ctrl Pts',(70.4739291417307,26.7490102552489,12.));
#7457=CARTESIAN_POINT('Ctrl Pts',(70.3807319629475,27.032935766701,-1.11022302462516E-15));
#7458=CARTESIAN_POINT('Ctrl Pts',(70.3807319629475,27.032935766701,4.));
#7459=CARTESIAN_POINT('Ctrl Pts',(70.3807319629475,27.032935766701,8.00000000000001));
#7460=CARTESIAN_POINT('Ctrl Pts',(70.3807319629475,27.032935766701,12.));
#7461=CARTESIAN_POINT('Ctrl Pts',(70.2246997411998,27.2591374145054,-1.11022302462516E-15));
#7462=CARTESIAN_POINT('Ctrl Pts',(70.2246997411998,27.2591374145054,4.));
#7463=CARTESIAN_POINT('Ctrl Pts',(70.2246997411998,27.2591374145054,8.00000000000001));
#7464=CARTESIAN_POINT('Ctrl Pts',(70.2246997411998,27.2591374145054,12.));
#7465=CARTESIAN_POINT('Ctrl Pts',(70.01729853383,27.4827014661713,-1.11022302462516E-15));
#7466=CARTESIAN_POINT('Ctrl Pts',(70.01729853383,27.4827014661713,4.));
#7467=CARTESIAN_POINT('Ctrl Pts',(70.01729853383,27.4827014661713,8.00000000000001));
#7468=CARTESIAN_POINT('Ctrl Pts',(70.01729853383,27.4827014661713,12.));
#7469=CARTESIAN_POINT('Ctrl Pts',(69.9142135623736,27.5857864376277,-1.11022302462516E-15));
#7470=CARTESIAN_POINT('Ctrl Pts',(69.9142135623736,27.5857864376277,4.));
#7471=CARTESIAN_POINT('Ctrl Pts',(69.9142135623736,27.5857864376277,8.));
#7472=CARTESIAN_POINT('Ctrl Pts',(69.9142135623736,27.5857864376277,12.));
#7473=CARTESIAN_POINT('',(69.9142135623736,27.5857864376277,12.));
#7474=CARTESIAN_POINT('',(70.5000000000002,26.171572875255,12.));
#7475=CARTESIAN_POINT('Ctrl Pts',(69.9142135623736,27.5857864376277,12.));
#7476=CARTESIAN_POINT('Ctrl Pts',(70.01729853383,27.4827014661713,12.));
#7477=CARTESIAN_POINT('Ctrl Pts',(70.0864322696199,27.408180115616,12.));
#7478=CARTESIAN_POINT('Ctrl Pts',(70.1429235749297,27.3434191053922,12.));
#7479=CARTESIAN_POINT('Ctrl Pts',(70.2559061855493,27.2138970849445,12.));
#7480=CARTESIAN_POINT('Ctrl Pts',(70.3183190742484,27.1234164258228,12.));
#7481=CARTESIAN_POINT('Ctrl Pts',(70.3650583817285,27.0308551776865,12.));
#7482=CARTESIAN_POINT('Ctrl Pts',(70.4117976892086,26.9382939295503,12.));
#7483=CARTESIAN_POINT('Ctrl Pts',(70.4428634154696,26.8436520923996,12.));
#7484=CARTESIAN_POINT('Ctrl Pts',(70.4649139931675,26.724863911181,12.));
#7485=CARTESIAN_POINT('Ctrl Pts',(70.4869645708654,26.6060757299624,12.));
#7486=CARTESIAN_POINT('Ctrl Pts',(70.5000000000002,26.4631412046759,12.));
#7487=CARTESIAN_POINT('Ctrl Pts',(70.5000000000002,26.171572875255,12.));
#7488=CARTESIAN_POINT('Ctrl Pts',(70.5000000000002,26.171572875255,12.));
#7489=CARTESIAN_POINT('Ctrl Pts',(70.5000000000002,26.171572875255,8.));
#7490=CARTESIAN_POINT('Ctrl Pts',(70.5000000000002,26.171572875255,4.));
#7491=CARTESIAN_POINT('Ctrl Pts',(70.5000000000002,26.171572875255,-1.11022302462516E-15));
#7492=CARTESIAN_POINT('Ctrl Pts',(69.9142135623736,27.5857864376277,-1.11022302462516E-15));
#7493=CARTESIAN_POINT('Ctrl Pts',(69.9142135623736,27.5857864376277,4.));
#7494=CARTESIAN_POINT('Ctrl Pts',(69.9142135623736,27.5857864376277,8.));
#7495=CARTESIAN_POINT('Ctrl Pts',(69.9142135623736,27.5857864376277,12.));
#7496=CARTESIAN_POINT('Origin',(70.4999999999999,-27.0000000000009,0.));
#7497=CARTESIAN_POINT('',(70.4999999999999,-26.1715728752547,12.));
#7498=CARTESIAN_POINT('',(70.4999999999999,-27.0000000000009,12.));
#7499=CARTESIAN_POINT('Ctrl Pts',(70.4999999999999,-26.1715728752547,-1.11022302462516E-15));
#7500=CARTESIAN_POINT('Ctrl Pts',(70.4999999999999,-26.1715728752547,4.));
#7501=CARTESIAN_POINT('Ctrl Pts',(70.4999999999999,-26.1715728752547,8.00000000000001));
#7502=CARTESIAN_POINT('Ctrl Pts',(70.4999999999999,-26.1715728752547,12.));
#7503=CARTESIAN_POINT('Ctrl Pts',(69.914213562373,-27.5857864376278,-1.11022302462516E-15));
#7504=CARTESIAN_POINT('Ctrl Pts',(69.914213562373,-27.5857864376278,4.));
#7505=CARTESIAN_POINT('Ctrl Pts',(69.914213562373,-27.5857864376278,8.00000000000001));
#7506=CARTESIAN_POINT('Ctrl Pts',(69.914213562373,-27.5857864376278,12.));
#7507=CARTESIAN_POINT('Ctrl Pts',(70.1203835052858,-27.379616494715,-1.11022302462516E-15));
#7508=CARTESIAN_POINT('Ctrl Pts',(70.1203835052858,-27.379616494715,4.));
#7509=CARTESIAN_POINT('Ctrl Pts',(70.1203835052858,-27.379616494715,8.00000000000001));
#7510=CARTESIAN_POINT('Ctrl Pts',(70.1203835052858,-27.379616494715,12.));
#7511=CARTESIAN_POINT('Ctrl Pts',(70.3040885688036,-27.1590416698497,-1.11022302462516E-15));
#7512=CARTESIAN_POINT('Ctrl Pts',(70.3040885688036,-27.1590416698497,4.));
#7513=CARTESIAN_POINT('Ctrl Pts',(70.3040885688036,-27.1590416698497,8.));
#7514=CARTESIAN_POINT('Ctrl Pts',(70.3040885688036,-27.1590416698497,12.));
#7515=CARTESIAN_POINT('Ctrl Pts',(70.4389538661983,-26.8923756582449,-1.11022302462516E-15));
#7516=CARTESIAN_POINT('Ctrl Pts',(70.4389538661983,-26.8923756582449,4.));
#7517=CARTESIAN_POINT('Ctrl Pts',(70.4389538661983,-26.8923756582449,8.));
#7518=CARTESIAN_POINT('Ctrl Pts',(70.4389538661983,-26.8923756582449,12.));
#7519=CARTESIAN_POINT('Ctrl Pts',(70.4885711431949,-26.6220954970853,-1.11022302462516E-15));
#7520=CARTESIAN_POINT('Ctrl Pts',(70.4885711431949,-26.6220954970853,4.));
#7521=CARTESIAN_POINT('Ctrl Pts',(70.4885711431949,-26.6220954970853,8.00000000000001));
#7522=CARTESIAN_POINT('Ctrl Pts',(70.4885711431949,-26.6220954970853,12.));
#7523=CARTESIAN_POINT('Ctrl Pts',(70.4999999999999,-26.3173570399653,-1.11022302462516E-15));
#7524=CARTESIAN_POINT('Ctrl Pts',(70.4999999999999,-26.3173570399653,4.));
#7525=CARTESIAN_POINT('Ctrl Pts',(70.4999999999999,-26.3173570399653,8.00000000000001));
#7526=CARTESIAN_POINT('Ctrl Pts',(70.4999999999999,-26.3173570399653,12.));
#7527=CARTESIAN_POINT('Ctrl Pts',(70.4999999999999,-26.1715728752547,-1.11022302462516E-15));
#7528=CARTESIAN_POINT('Ctrl Pts',(70.4999999999999,-26.1715728752547,4.));
#7529=CARTESIAN_POINT('Ctrl Pts',(70.4999999999999,-26.1715728752547,8.00000000000001));
#7530=CARTESIAN_POINT('Ctrl Pts',(70.4999999999999,-26.1715728752547,12.));
#7531=CARTESIAN_POINT('Ctrl Pts',(70.4999999999999,-26.1715728752547,12.));
#7532=CARTESIAN_POINT('Ctrl Pts',(70.4999999999999,-26.3173570399653,12.));
#7533=CARTESIAN_POINT('Ctrl Pts',(70.4961903810649,-26.4189365256719,12.));
#7534=CARTESIAN_POINT('Ctrl Pts',(70.4903428166418,-26.5046748602204,12.));
#7535=CARTESIAN_POINT('Ctrl Pts',(70.4786476877956,-26.6761515293172,12.));
#7536=CARTESIAN_POINT('Ctrl Pts',(70.458800776997,-26.7842635937811,12.));
#7537=CARTESIAN_POINT('Ctrl Pts',(70.4263997720319,-26.8827639612805,12.));
#7538=CARTESIAN_POINT('Ctrl Pts',(70.3939987670668,-26.9812643287798,12.));
#7539=CARTESIAN_POINT('Ctrl Pts',(70.3490436679352,-27.0701529993147,12.));
#7540=CARTESIAN_POINT('Ctrl Pts',(70.28063985249,-27.1697410407985,12.));
#7541=CARTESIAN_POINT('Ctrl Pts',(70.2122360370447,-27.2693290822823,12.));
#7542=CARTESIAN_POINT('Ctrl Pts',(70.1203835052858,-27.379616494715,12.));
#7543=CARTESIAN_POINT('Ctrl Pts',(69.914213562373,-27.5857864376278,12.));
#7544=CARTESIAN_POINT('Ctrl Pts',(66.914213562373,-58.0857864376269,-1.11022302462516E-15));
#7545=CARTESIAN_POINT('Ctrl Pts',(66.914213562373,-58.0857864376269,4.));
#7546=CARTESIAN_POINT('Ctrl Pts',(66.914213562373,-58.0857864376269,8.00000000000001));
#7547=CARTESIAN_POINT('Ctrl Pts',(66.914213562373,-58.0857864376269,12.));
#7548=CARTESIAN_POINT('Ctrl Pts',(67.1203835052859,-57.8796164947141,-1.11022302462516E-15));
#7549=CARTESIAN_POINT('Ctrl Pts',(67.1203835052859,-57.8796164947141,4.));
#7550=CARTESIAN_POINT('Ctrl Pts',(67.1203835052859,-57.8796164947141,8.00000000000001));
#7551=CARTESIAN_POINT('Ctrl Pts',(67.1203835052859,-57.8796164947141,12.));
#7552=CARTESIAN_POINT('Ctrl Pts',(67.304222956636,-57.6589333371246,-1.11022302462516E-15));
#7553=CARTESIAN_POINT('Ctrl Pts',(67.304222956636,-57.6589333371246,4.));
#7554=CARTESIAN_POINT('Ctrl Pts',(67.304222956636,-57.6589333371246,8.));
#7555=CARTESIAN_POINT('Ctrl Pts',(67.304222956636,-57.6589333371246,12.));
#7556=CARTESIAN_POINT('Ctrl Pts',(67.4390541124078,-57.3922969366727,-1.11022302462516E-15));
#7557=CARTESIAN_POINT('Ctrl Pts',(67.4390541124078,-57.3922969366727,4.));
#7558=CARTESIAN_POINT('Ctrl Pts',(67.4390541124078,-57.3922969366727,8.00000000000001));
#7559=CARTESIAN_POINT('Ctrl Pts',(67.4390541124078,-57.3922969366727,12.));
#7560=CARTESIAN_POINT('Ctrl Pts',(67.4886459318672,-57.1220361977678,-1.11022302462516E-15));
#7561=CARTESIAN_POINT('Ctrl Pts',(67.4886459318672,-57.1220361977678,4.));
#7562=CARTESIAN_POINT('Ctrl Pts',(67.4886459318672,-57.1220361977678,8.));
#7563=CARTESIAN_POINT('Ctrl Pts',(67.4886459318672,-57.1220361977678,12.));
#7564=CARTESIAN_POINT('Ctrl Pts',(67.4999999999999,-56.8173570399643,-1.11022302462516E-15));
#7565=CARTESIAN_POINT('Ctrl Pts',(67.4999999999999,-56.8173570399643,4.));
#7566=CARTESIAN_POINT('Ctrl Pts',(67.4999999999999,-56.8173570399643,8.00000000000001));
#7567=CARTESIAN_POINT('Ctrl Pts',(67.4999999999999,-56.8173570399643,12.));
#7568=CARTESIAN_POINT('Ctrl Pts',(67.4999999999999,-56.6715728752538,-1.11022302462516E-15));
#7569=CARTESIAN_POINT('Ctrl Pts',(67.4999999999999,-56.6715728752538,4.));
#7570=CARTESIAN_POINT('Ctrl Pts',(67.4999999999999,-56.6715728752538,8.00000000000001));
#7571=CARTESIAN_POINT('Ctrl Pts',(67.4999999999999,-56.6715728752538,12.));
#7572=CARTESIAN_POINT('',(67.4999999999999,-56.6715728752538,12.));
#7573=CARTESIAN_POINT('',(66.914213562373,-58.0857864376269,12.));
#7574=CARTESIAN_POINT('Ctrl Pts',(67.4999999999999,-56.6715728752538,12.));
#7575=CARTESIAN_POINT('Ctrl Pts',(67.4999999999999,-56.8173570399643,12.));
#7576=CARTESIAN_POINT('Ctrl Pts',(67.4962153106223,-56.9189167592321,12.));
#7577=CARTESIAN_POINT('Ctrl Pts',(67.4903860630734,-57.0046406213377,12.));
#7578=CARTESIAN_POINT('Ctrl Pts',(67.4787275679753,-57.1760883455488,12.));
#7579=CARTESIAN_POINT('Ctrl Pts',(67.4588908401916,-57.2841926411107,12.));
#7580=CARTESIAN_POINT('Ctrl Pts',(67.4265006170044,-57.382684188967,12.));
#7581=CARTESIAN_POINT('Ctrl Pts',(67.3941103938172,-57.4811757368233,12.));
#7582=CARTESIAN_POINT('Ctrl Pts',(67.3491666752266,-57.5700545369739,12.));
#7583=CARTESIAN_POINT('Ctrl Pts',(67.2807349530938,-57.6696647264466,12.));
#7584=CARTESIAN_POINT('Ctrl Pts',(67.2123032309609,-57.7692749159193,12.));
#7585=CARTESIAN_POINT('Ctrl Pts',(67.1203835052859,-57.8796164947141,12.));
#7586=CARTESIAN_POINT('Ctrl Pts',(66.914213562373,-58.0857864376269,12.));
#7587=CARTESIAN_POINT('Ctrl Pts',(66.914213562373,-58.0857864376269,12.));
#7588=CARTESIAN_POINT('Ctrl Pts',(66.914213562373,-58.0857864376269,8.00000000000001));
#7589=CARTESIAN_POINT('Ctrl Pts',(66.914213562373,-58.0857864376269,4.));
#7590=CARTESIAN_POINT('Ctrl Pts',(66.914213562373,-58.0857864376269,-1.11022302462516E-15));
#7591=CARTESIAN_POINT('Ctrl Pts',(67.4999999999999,-56.6715728752538,-1.11022302462516E-15));
#7592=CARTESIAN_POINT('Ctrl Pts',(67.4999999999999,-56.6715728752538,4.));
#7593=CARTESIAN_POINT('Ctrl Pts',(67.4999999999999,-56.6715728752538,8.00000000000001));
#7594=CARTESIAN_POINT('Ctrl Pts',(67.4999999999999,-56.6715728752538,12.));
#7595=CARTESIAN_POINT('Origin',(65.,-60.,0.));
#7596=CARTESIAN_POINT('',(63.0857864376269,-61.9142135623731,12.));
#7597=CARTESIAN_POINT('',(63.7500000000001,-61.2499999999999,12.));
#7598=CARTESIAN_POINT('Ctrl Pts',(63.0857864376269,-61.9142135623731,-2.22044604925031E-15));
#7599=CARTESIAN_POINT('Ctrl Pts',(63.0857864376269,-61.9142135623731,4.));
#7600=CARTESIAN_POINT('Ctrl Pts',(63.0857864376269,-61.9142135623731,8.));
#7601=CARTESIAN_POINT('Ctrl Pts',(63.0857864376269,-61.9142135623731,12.));
#7602=CARTESIAN_POINT('Ctrl Pts',(63.0857864376269,-61.9142135623731,12.));
#7603=CARTESIAN_POINT('Ctrl Pts',(63.0857864376269,-61.9142135623731,8.));
#7604=CARTESIAN_POINT('Ctrl Pts',(63.0857864376269,-61.9142135623731,4.));
#7605=CARTESIAN_POINT('Ctrl Pts',(63.0857864376269,-61.9142135623731,-2.22044604925031E-15));
#7606=CARTESIAN_POINT('Ctrl Pts',(62.879616494714,-62.1203835052859,12.));
#7607=CARTESIAN_POINT('Ctrl Pts',(62.879616494714,-62.1203835052859,8.));
#7608=CARTESIAN_POINT('Ctrl Pts',(62.879616494714,-62.1203835052859,4.));
#7609=CARTESIAN_POINT('Ctrl Pts',(62.879616494714,-62.1203835052859,-2.22044604925031E-15));
#7610=CARTESIAN_POINT('Ctrl Pts',(62.6589333371246,-62.304222956636,12.));
#7611=CARTESIAN_POINT('Ctrl Pts',(62.6589333371246,-62.304222956636,8.));
#7612=CARTESIAN_POINT('Ctrl Pts',(62.6589333371246,-62.304222956636,4.));
#7613=CARTESIAN_POINT('Ctrl Pts',(62.6589333371246,-62.304222956636,-2.22044604925031E-15));
#7614=CARTESIAN_POINT('Ctrl Pts',(62.3922969366726,-62.4390541124079,12.));
#7615=CARTESIAN_POINT('Ctrl Pts',(62.3922969366726,-62.4390541124079,8.00000000000001));
#7616=CARTESIAN_POINT('Ctrl Pts',(62.3922969366726,-62.4390541124079,4.));
#7617=CARTESIAN_POINT('Ctrl Pts',(62.3922969366726,-62.4390541124079,-2.22044604925031E-15));
#7618=CARTESIAN_POINT('Ctrl Pts',(62.1220361977678,-62.4886459318673,12.));
#7619=CARTESIAN_POINT('Ctrl Pts',(62.1220361977678,-62.4886459318673,8.));
#7620=CARTESIAN_POINT('Ctrl Pts',(62.1220361977678,-62.4886459318673,4.));
#7621=CARTESIAN_POINT('Ctrl Pts',(62.1220361977678,-62.4886459318673,-2.22044604925031E-15));
#7622=CARTESIAN_POINT('Ctrl Pts',(61.8173570399643,-62.5,12.));
#7623=CARTESIAN_POINT('Ctrl Pts',(61.8173570399643,-62.5,8.00000000000001));
#7624=CARTESIAN_POINT('Ctrl Pts',(61.8173570399643,-62.5,4.));
#7625=CARTESIAN_POINT('Ctrl Pts',(61.8173570399643,-62.5,-2.22044604925031E-15));
#7626=CARTESIAN_POINT('Ctrl Pts',(61.6715728752538,-62.5,12.));
#7627=CARTESIAN_POINT('Ctrl Pts',(61.6715728752538,-62.5,8.));
#7628=CARTESIAN_POINT('Ctrl Pts',(61.6715728752538,-62.5,4.));
#7629=CARTESIAN_POINT('Ctrl Pts',(61.6715728752538,-62.5,-2.22044604925031E-15));
#7630=CARTESIAN_POINT('',(61.6715728752538,-62.5,12.));
#7631=CARTESIAN_POINT('Ctrl Pts',(63.0857864376269,-61.9142135623731,12.));
#7632=CARTESIAN_POINT('Ctrl Pts',(62.879616494714,-62.1203835052859,12.));
#7633=CARTESIAN_POINT('Ctrl Pts',(62.7692749159193,-62.212303230961,12.));
#7634=CARTESIAN_POINT('Ctrl Pts',(62.6696647264466,-62.2807349530938,12.));
#7635=CARTESIAN_POINT('Ctrl Pts',(62.5700545369739,-62.3491666752266,12.));
#7636=CARTESIAN_POINT('Ctrl Pts',(62.4811757368233,-62.3941103938173,12.));
#7637=CARTESIAN_POINT('Ctrl Pts',(62.382684188967,-62.4265006170045,12.));
#7638=CARTESIAN_POINT('Ctrl Pts',(62.2841926411107,-62.4588908401916,12.));
#7639=CARTESIAN_POINT('Ctrl Pts',(62.1760883455488,-62.4787275679754,12.));
#7640=CARTESIAN_POINT('Ctrl Pts',(62.0046406213377,-62.4903860630734,12.));
#7641=CARTESIAN_POINT('Ctrl Pts',(61.9189167592321,-62.4962153106224,12.));
#7642=CARTESIAN_POINT('Ctrl Pts',(61.8173570399643,-62.5,12.));
#7643=CARTESIAN_POINT('Ctrl Pts',(61.6715728752538,-62.5,12.));
#7644=CARTESIAN_POINT('Ctrl Pts',(61.6715728752538,-62.5,12.));
#7645=CARTESIAN_POINT('Ctrl Pts',(61.6715728752538,-62.5,8.));
#7646=CARTESIAN_POINT('Ctrl Pts',(61.6715728752538,-62.5,4.));
#7647=CARTESIAN_POINT('Ctrl Pts',(61.6715728752538,-62.5,-2.22044604925031E-15));
#7648=CARTESIAN_POINT('Ctrl Pts',(-63.0857864376269,-61.9142135623731,-1.11022302462516E-15));
#7649=CARTESIAN_POINT('Ctrl Pts',(-63.0857864376269,-61.9142135623731,4.));
#7650=CARTESIAN_POINT('Ctrl Pts',(-63.0857864376269,-61.9142135623731,8.));
#7651=CARTESIAN_POINT('Ctrl Pts',(-63.0857864376269,-61.9142135623731,12.));
#7652=CARTESIAN_POINT('Ctrl Pts',(-62.8796164947141,-62.1203835052859,-1.11022302462516E-15));
#7653=CARTESIAN_POINT('Ctrl Pts',(-62.8796164947141,-62.1203835052859,4.));
#7654=CARTESIAN_POINT('Ctrl Pts',(-62.8796164947141,-62.1203835052859,8.00000000000001));
#7655=CARTESIAN_POINT('Ctrl Pts',(-62.8796164947141,-62.1203835052859,12.));
#7656=CARTESIAN_POINT('Ctrl Pts',(-62.6589333371246,-62.304222956636,-1.11022302462516E-15));
#7657=CARTESIAN_POINT('Ctrl Pts',(-62.6589333371246,-62.304222956636,4.));
#7658=CARTESIAN_POINT('Ctrl Pts',(-62.6589333371246,-62.304222956636,8.));
#7659=CARTESIAN_POINT('Ctrl Pts',(-62.6589333371246,-62.304222956636,12.));
#7660=CARTESIAN_POINT('Ctrl Pts',(-62.3922969366727,-62.4390541124079,-1.11022302462516E-15));
#7661=CARTESIAN_POINT('Ctrl Pts',(-62.3922969366727,-62.4390541124079,4.));
#7662=CARTESIAN_POINT('Ctrl Pts',(-62.3922969366727,-62.4390541124079,8.00000000000001));
#7663=CARTESIAN_POINT('Ctrl Pts',(-62.3922969366727,-62.4390541124079,12.));
#7664=CARTESIAN_POINT('Ctrl Pts',(-62.1220361977679,-62.4886459318673,-1.11022302462516E-15));
#7665=CARTESIAN_POINT('Ctrl Pts',(-62.1220361977679,-62.4886459318673,4.));
#7666=CARTESIAN_POINT('Ctrl Pts',(-62.1220361977679,-62.4886459318673,8.));
#7667=CARTESIAN_POINT('Ctrl Pts',(-62.1220361977679,-62.4886459318673,12.));
#7668=CARTESIAN_POINT('Ctrl Pts',(-61.8173570399643,-62.5,-1.11022302462516E-15));
#7669=CARTESIAN_POINT('Ctrl Pts',(-61.8173570399643,-62.5,4.));
#7670=CARTESIAN_POINT('Ctrl Pts',(-61.8173570399643,-62.5,8.00000000000001));
#7671=CARTESIAN_POINT('Ctrl Pts',(-61.8173570399643,-62.5,12.));
#7672=CARTESIAN_POINT('Ctrl Pts',(-61.6715728752538,-62.5,-1.11022302462516E-15));
#7673=CARTESIAN_POINT('Ctrl Pts',(-61.6715728752538,-62.5,4.));
#7674=CARTESIAN_POINT('Ctrl Pts',(-61.6715728752538,-62.5,8.));
#7675=CARTESIAN_POINT('Ctrl Pts',(-61.6715728752538,-62.5,12.));
#7676=CARTESIAN_POINT('',(-61.6715728752538,-62.5,12.));
#7677=CARTESIAN_POINT('',(-63.0857864376269,-61.9142135623731,12.));
#7678=CARTESIAN_POINT('Ctrl Pts',(-61.6715728752538,-62.5,12.));
#7679=CARTESIAN_POINT('Ctrl Pts',(-61.8173570399643,-62.5,12.));
#7680=CARTESIAN_POINT('Ctrl Pts',(-61.9189167592322,-62.4962153106224,12.));
#7681=CARTESIAN_POINT('Ctrl Pts',(-62.0046406213377,-62.4903860630734,12.));
#7682=CARTESIAN_POINT('Ctrl Pts',(-62.1760883455488,-62.4787275679754,12.));
#7683=CARTESIAN_POINT('Ctrl Pts',(-62.2841926411108,-62.4588908401916,12.));
#7684=CARTESIAN_POINT('Ctrl Pts',(-62.3826841889671,-62.4265006170045,12.));
#7685=CARTESIAN_POINT('Ctrl Pts',(-62.4811757368233,-62.3941103938173,12.));
#7686=CARTESIAN_POINT('Ctrl Pts',(-62.570054536974,-62.3491666752267,12.));
#7687=CARTESIAN_POINT('Ctrl Pts',(-62.6696647264466,-62.2807349530938,12.));
#7688=CARTESIAN_POINT('Ctrl Pts',(-62.7692749159193,-62.212303230961,12.));
#7689=CARTESIAN_POINT('Ctrl Pts',(-62.8796164947141,-62.1203835052859,12.));
#7690=CARTESIAN_POINT('Ctrl Pts',(-63.0857864376269,-61.9142135623731,12.));
#7691=CARTESIAN_POINT('Ctrl Pts',(-63.0857864376269,-61.9142135623731,12.));
#7692=CARTESIAN_POINT('Ctrl Pts',(-63.0857864376269,-61.9142135623731,8.));
#7693=CARTESIAN_POINT('Ctrl Pts',(-63.0857864376269,-61.9142135623731,4.));
#7694=CARTESIAN_POINT('Ctrl Pts',(-63.0857864376269,-61.9142135623731,-1.11022302462516E-15));
#7695=CARTESIAN_POINT('Ctrl Pts',(-61.6715728752538,-62.5,-1.11022302462516E-15));
#7696=CARTESIAN_POINT('Ctrl Pts',(-61.6715728752538,-62.5,4.));
#7697=CARTESIAN_POINT('Ctrl Pts',(-61.6715728752538,-62.5,8.));
#7698=CARTESIAN_POINT('Ctrl Pts',(-61.6715728752538,-62.5,12.));
#7699=CARTESIAN_POINT('Origin',(-65.0000000000001,-60.,0.));
#7700=CARTESIAN_POINT('',(-66.9142135623732,-58.0857864376269,12.));
#7701=CARTESIAN_POINT('',(-63.7499999999998,-61.2500000000002,12.));
#7702=CARTESIAN_POINT('Ctrl Pts',(-66.9142135623732,-58.0857864376269,-2.22044604925031E-15));
#7703=CARTESIAN_POINT('Ctrl Pts',(-66.9142135623732,-58.0857864376269,4.));
#7704=CARTESIAN_POINT('Ctrl Pts',(-66.9142135623732,-58.0857864376269,8.));
#7705=CARTESIAN_POINT('Ctrl Pts',(-66.9142135623732,-58.0857864376269,12.));
#7706=CARTESIAN_POINT('Ctrl Pts',(-66.9142135623732,-58.0857864376269,12.));
#7707=CARTESIAN_POINT('Ctrl Pts',(-66.9142135623732,-58.0857864376269,8.));
#7708=CARTESIAN_POINT('Ctrl Pts',(-66.9142135623732,-58.0857864376269,4.));
#7709=CARTESIAN_POINT('Ctrl Pts',(-66.9142135623732,-58.0857864376269,-2.22044604925031E-15));
#7710=CARTESIAN_POINT('Ctrl Pts',(-67.120383505286,-57.8796164947141,12.));
#7711=CARTESIAN_POINT('Ctrl Pts',(-67.120383505286,-57.8796164947141,8.));
#7712=CARTESIAN_POINT('Ctrl Pts',(-67.120383505286,-57.8796164947141,4.));
#7713=CARTESIAN_POINT('Ctrl Pts',(-67.120383505286,-57.8796164947141,-2.22044604925031E-15));
#7714=CARTESIAN_POINT('Ctrl Pts',(-67.3042229566361,-57.6589333371246,12.));
#7715=CARTESIAN_POINT('Ctrl Pts',(-67.3042229566361,-57.6589333371246,8.));
#7716=CARTESIAN_POINT('Ctrl Pts',(-67.3042229566361,-57.6589333371246,4.));
#7717=CARTESIAN_POINT('Ctrl Pts',(-67.3042229566361,-57.6589333371246,-2.22044604925031E-15));
#7718=CARTESIAN_POINT('Ctrl Pts',(-67.439054112408,-57.3922969366727,12.));
#7719=CARTESIAN_POINT('Ctrl Pts',(-67.439054112408,-57.3922969366727,8.));
#7720=CARTESIAN_POINT('Ctrl Pts',(-67.439054112408,-57.3922969366727,4.));
#7721=CARTESIAN_POINT('Ctrl Pts',(-67.439054112408,-57.3922969366727,-2.22044604925031E-15));
#7722=CARTESIAN_POINT('Ctrl Pts',(-67.4886459318673,-57.1220361977679,12.));
#7723=CARTESIAN_POINT('Ctrl Pts',(-67.4886459318673,-57.1220361977679,7.99999999999999));
#7724=CARTESIAN_POINT('Ctrl Pts',(-67.4886459318673,-57.1220361977679,4.));
#7725=CARTESIAN_POINT('Ctrl Pts',(-67.4886459318673,-57.1220361977679,-2.22044604925031E-15));
#7726=CARTESIAN_POINT('Ctrl Pts',(-67.5000000000001,-56.8173570399643,12.));
#7727=CARTESIAN_POINT('Ctrl Pts',(-67.5000000000001,-56.8173570399643,8.));
#7728=CARTESIAN_POINT('Ctrl Pts',(-67.5000000000001,-56.8173570399643,4.));
#7729=CARTESIAN_POINT('Ctrl Pts',(-67.5000000000001,-56.8173570399643,-2.22044604925031E-15));
#7730=CARTESIAN_POINT('Ctrl Pts',(-67.5000000000001,-56.6715728752538,12.));
#7731=CARTESIAN_POINT('Ctrl Pts',(-67.5000000000001,-56.6715728752538,8.));
#7732=CARTESIAN_POINT('Ctrl Pts',(-67.5000000000001,-56.6715728752538,4.));
#7733=CARTESIAN_POINT('Ctrl Pts',(-67.5000000000001,-56.6715728752538,-2.22044604925031E-15));
#7734=CARTESIAN_POINT('Ctrl Pts',(-66.9142135623732,-58.0857864376269,12.));
#7735=CARTESIAN_POINT('Ctrl Pts',(-67.120383505286,-57.8796164947141,12.));
#7736=CARTESIAN_POINT('Ctrl Pts',(-67.2123032309611,-57.7692749159193,12.));
#7737=CARTESIAN_POINT('Ctrl Pts',(-67.2807349530939,-57.6696647264466,12.));
#7738=CARTESIAN_POINT('Ctrl Pts',(-67.3491666752267,-57.570054536974,12.));
#7739=CARTESIAN_POINT('Ctrl Pts',(-67.3941103938173,-57.4811757368233,12.));
#7740=CARTESIAN_POINT('Ctrl Pts',(-67.4265006170045,-57.382684188967,12.));
#7741=CARTESIAN_POINT('Ctrl Pts',(-67.4588908401917,-57.2841926411108,12.));
#7742=CARTESIAN_POINT('Ctrl Pts',(-67.4787275679755,-57.1760883455488,12.));
#7743=CARTESIAN_POINT('Ctrl Pts',(-67.4903860630735,-57.0046406213377,12.));
#7744=CARTESIAN_POINT('Ctrl Pts',(-67.4962153106225,-56.9189167592322,12.));
#7745=CARTESIAN_POINT('Ctrl Pts',(-67.5000000000001,-56.8173570399643,12.));
#7746=CARTESIAN_POINT('Ctrl Pts',(-67.5000000000001,-56.6715728752538,12.));
#7747=CARTESIAN_POINT('Origin',(-67.5,-62.5,0.));
#7748=CARTESIAN_POINT('',(-67.5,-62.5,12.));
#7749=CARTESIAN_POINT('Origin',(-67.5,62.5,0.));
#7750=CARTESIAN_POINT('',(-67.5,62.5,12.));
#7751=CARTESIAN_POINT('Origin',(67.5,62.5,0.));
#7752=CARTESIAN_POINT('',(67.5,62.5,12.));
#7753=CARTESIAN_POINT('Origin',(70.5000000000002,27.0000000000009,0.));
#7754=CARTESIAN_POINT('',(70.5000000000002,27.0000000000009,12.));
#7755=CARTESIAN_POINT('Origin',(67.5,-62.5,0.));
#7756=CARTESIAN_POINT('',(67.5,-62.5,12.));
#7757=CARTESIAN_POINT('Origin',(-70.5000000000003,-27.0000000000009,0.));
#7758=CARTESIAN_POINT('',(-70.5000000000003,-27.0000000000009,12.));
#7759=CARTESIAN_POINT('Origin',(-5.32907051820075E-14,0.,12.));
#7760=UNCERTAINTY_MEASURE_WITH_UNIT(LENGTH_MEASURE(0.01),#7764,
'DISTANCE_ACCURACY_VALUE',
'Maximum model space distance between geometric entities at asserted c
onnectivities');
#7761=UNCERTAINTY_MEASURE_WITH_UNIT(LENGTH_MEASURE(0.01),#7764,
'DISTANCE_ACCURACY_VALUE',
'Maximum model space distance between geometric entities at asserted c
onnectivities');
#7762=(
GEOMETRIC_REPRESENTATION_CONTEXT(3)
GLOBAL_UNCERTAINTY_ASSIGNED_CONTEXT((#7760))
GLOBAL_UNIT_ASSIGNED_CONTEXT((#7764,#7766,#7767))
REPRESENTATION_CONTEXT('','3D')
);
#7763=(
GEOMETRIC_REPRESENTATION_CONTEXT(3)
GLOBAL_UNCERTAINTY_ASSIGNED_CONTEXT((#7761))
GLOBAL_UNIT_ASSIGNED_CONTEXT((#7764,#7766,#7767))
REPRESENTATION_CONTEXT('','3D')
);
#7764=(
LENGTH_UNIT()
NAMED_UNIT(*)
SI_UNIT(.MILLI.,.METRE.)
);
#7765=(
LENGTH_UNIT()
NAMED_UNIT(*)
SI_UNIT($,.METRE.)
);
#7766=(
NAMED_UNIT(*)
PLANE_ANGLE_UNIT()
SI_UNIT($,.RADIAN.)
);
#7767=(
NAMED_UNIT(*)
SI_UNIT($,.STERADIAN.)
SOLID_ANGLE_UNIT()
);
#7768=SHAPE_DEFINITION_REPRESENTATION(#7769,#7770);
#7769=PRODUCT_DEFINITION_SHAPE('',$,#7772);
#7770=SHAPE_REPRESENTATION('',(#4224),#7762);
#7771=PRODUCT_DEFINITION_CONTEXT('part definition',#7776,'design');
#7772=PRODUCT_DEFINITION('2026-08-24-13-47-17-080','\X2\88C57532677F5E955EA7\X0\',
#7773,#7771);
#7773=PRODUCT_DEFINITION_FORMATION('',$,#7778);
#7774=PRODUCT_RELATED_PRODUCT_CATEGORY('\X2\88C57532677F5E955EA7\X0\',
'\X2\88C57532677F5E955EA7\X0\',(#7778));
#7775=APPLICATION_PROTOCOL_DEFINITION('international standard',
'automotive_design',2009,#7776);
#7776=APPLICATION_CONTEXT(
'Core Data for Automotive Mechanical Design Process');
#7777=PRODUCT_CONTEXT('part definition',#7776,'mechanical');
#7778=PRODUCT('2026-08-24-13-47-17-080','\X2\88C57532677F5E955EA7\X0\',
$,(#7777));
#7779=PRESENTATION_STYLE_ASSIGNMENT((#7781));
#7780=PRESENTATION_STYLE_ASSIGNMENT((#7782));
#7781=SURFACE_STYLE_USAGE(.BOTH.,#7783);
#7782=SURFACE_STYLE_USAGE(.BOTH.,#7784);
#7783=SURFACE_SIDE_STYLE('',(#7785));
#7784=SURFACE_SIDE_STYLE('',(#7786));
#7785=SURFACE_STYLE_FILL_AREA(#7787);
#7786=SURFACE_STYLE_FILL_AREA(#7788);
#7787=FILL_AREA_STYLE('\X2\6D826599\X0\ - \X2\91D15C5E\X0\(\X2\6DF170708272\X0\)',
(#7789));
#7788=FILL_AREA_STYLE('\X2\6D826599\X0\ - \X2\91D15C5E\X0\(\X2\9ED18272\X0\)',
(#7790));
#7789=FILL_AREA_STYLE_COLOUR('\X2\6D826599\X0\ - \X2\91D15C5E\X0\(\X2\6DF170708272\X0\)',
#7791);
#7790=FILL_AREA_STYLE_COLOUR('\X2\6D826599\X0\ - \X2\91D15C5E\X0\(\X2\9ED18272\X0\)',
#7792);
#7791=COLOUR_RGB('\X2\6D826599\X0\ - \X2\91D15C5E\X0\(\X2\6DF170708272\X0\)',
0.349019607843137,0.349019607843137,0.349019607843137);
#7792=COLOUR_RGB('\X2\6D826599\X0\ - \X2\91D15C5E\X0\(\X2\9ED18272\X0\)',
0.0980392156862745,0.0980392156862745,0.0980392156862745);
ENDSEC;
END-ISO-10303-21;
